Rk,Player,Nation,Pos,Squad,Comp,Age,Born,MP,Starts,Min,90s,Gls,Ast,G+A,G-PK,PK,PKatt,CrdY,CrdR,G+A-PK,Rk_stats_keeper,Nation_stats_keeper,Pos_stats_keeper,Comp_stats_keeper,Age_stats_keeper,Born_stats_keeper,MP_stats_keeper,Starts_stats_keeper,Min_stats_keeper,90s_stats_keeper,GA,GA90,SoTA,Saves,Save%,W,D,L,CS,CS%,PKatt_stats_keeper,PKA,PKsv,PKm,Rk_stats_shooting,Nation_stats_shooting,Pos_stats_shooting,Comp_stats_shooting,Age_stats_shooting,Born_stats_shooting,90s_stats_shooting,Gls_stats_shooting,Sh,SoT,SoT%,Sh/90,SoT/90,G/Sh,G/SoT,PK_stats_shooting,PKatt_stats_shooting,Rk_stats_playing_time,Nation_stats_playing_time,Pos_stats_playing_time,Comp_stats_playing_time,Age_stats_playing_time,Born_stats_playing_time,MP_stats_playing_time,Min_stats_playing_time,Mn/MP,Min%,90s_stats_playing_time,Starts_stats_playing_time,Mn/Start,Compl,Subs,Mn/Sub,unSub,PPM,onG,onGA,+/-,+/-90,On-Off,Rk_stats_misc,Nation_stats_misc,Pos_stats_misc,Comp_stats_misc,Age_stats_misc,Born_stats_misc,90s_stats_misc,CrdY_stats_misc,CrdR_stats_misc,2CrdY,Fls,Fld,Off,Crs,Int,TklW,OG
1,Brenden Aaronson,us USA,MF,Leeds United,eng Premier League,25.0,2000,3,2,155,1.7,0,0,0,0,0,0,0,0,0.00,,,,,,,,,,,,,,,,,,,,,,,,,1,us USA,MF,eng Premier League,25-327,2000,1.7,0,1,1,100.0,0.58,0.58,0.00,0.00,0,0,1,us USA,MF,eng Premier League,25-327,2000,3,155,52,57.4,1.7,2,63,0,1,29,0,1.67,0,2,-2,-1.16,-3.51,1,us USA,MF,eng Premier League,25-327,2000,1.7,0,0,0,0,5,0,0,0,2,0
2,Haitam Abaida,ma MAR,FW,Málaga,es La Liga,24.0,2002,2,0,35,0.4,0,0,0,0,0,0,0,0,0.00,,,,,,,,,,,,,,,,,,,,,,,,,2,ma MAR,FW,es La Liga,24-105,2002,0.4,0,3,0,0.0,7.71,0.00,0.00,,0,0,2,ma MAR,FW,es La Liga,24-105,2002,2,35,18,7.8,0.4,0,,0,2,18,1,0.50,0,1,-1,-2.57,-1.49,2,ma MAR,FW,es La Liga,24-105,2002,0.4,0,0,0,1,2,0,6,0,0,0
3,James Abankwah,ie IRL,DF,Udinese,it Serie A,22.0,2004,3,3,255,2.8,0,0,0,0,0,0,1,0,0.00,,,,,,,,,,,,,,,,,,,,,,,,,3,ie IRL,DF,it Serie A,22-241,2004,2.8,0,0,0,,0.00,0.00,,,0,0,3,ie IRL,DF,it Serie A,22-241,2004,3,255,85,94.4,2.8,3,85,2,0,,0,1.33,5,4,+1,+0.35,+6.35,3,ie IRL,DF,it Serie A,22-241,2004,2.8,1,0,0,5,2,0,1,1,5,0
4,Keyliane Abdallah,fr FRA,FW,Marseille,fr Ligue 1,20.0,2006,4,0,97,1.1,1,0,1,1,0,0,0,0,0.93,,,,,,,,,,,,,,,,,,,,,,,,,4,fr FRA,FW,fr Ligue 1,20-162,2006,1.1,1,5,2,40.0,4.64,1.86,0.20,0.50,0,0,5,fr FRA,FW,fr Ligue 1,20-162,2006,4,97,24,26.9,1.1,0,,0,4,24,0,0.75,2,2,0,0.00,0.00,4,fr FRA,FW,fr Ligue 1,20-162,2006,1.1,0,0,0,2,2,0,10,0,0,0
5,Hamza Abdelkarim,eg EGY,FW,Barcelona,es La Liga,18.0,2008,1,0,5,0.1,0,0,0,0,0,0,0,0,0.00,,,,,,,,,,,,,,,,,,,,,,,,,5,eg EGY,FW,es La Liga,18-256,2008,0.1,0,0,0,,0.00,0.00,,,0,0,6,eg EGY,FW,es La Liga,18-256,2008,1,5,5,1.1,0.1,0,,0,1,5,4,3.00,1,0,+1,+18.00,+14.76,5,eg EGY,FW,es La Liga,18-256,2008,0.1,0,0,0,0,1,0,0,0,0,0
6,Jones El-Abdellaoui,ma MAR,"MF,FW",Celta Vigo,es La Liga,20.0,2006,3,2,151,1.7,0,0,0,0,0,0,0,0,0.00,,,,,,,,,,,,,,,,,,,,,,,,,6,ma MAR,"MF,FW",es La Liga,20-245,2006,1.7,0,3,1,33.3,1.79,0.60,0.00,0.00,0,0,7,ma MAR,"MF,FW",es La Liga,20-245,2006,3,151,50,28.0,1.7,2,63,0,1,26,2,0.67,1,1,0,0.00,+0.69,6,ma MAR,"MF,FW",es La Liga,20-245,2006,1.7,0,0,0,4,1,2,6,0,0,0
7,Himad Abdelli,dz ALG,MF,Marseille,fr Ligue 1,26.0,1999,4,4,293,3.3,0,0,0,0,0,0,1,0,0.00,,,,,,,,,,,,,,,,,,,,,,,,,7,dz ALG,MF,fr Ligue 1,26-301,1999,3.3,0,1,0,0.0,0.31,0.00,0.00,,0,0,8,dz ALG,MF,fr Ligue 1,26-301,1999,4,293,73,81.4,3.3,4,73,0,0,,0,0.75,4,5,-1,-0.31,-1.65,7,dz ALG,MF,fr Ligue 1,26-301,1999,3.3,1,0,0,4,2,1,1,0,4,0
8,Mohamed Abdelmonem,eg EGY,DF,Nice,fr Ligue 1,27.0,1999,4,3,250,2.8,0,0,0,0,0,0,0,0,0.00,,,,,,,,,,,,,,,,,,,,,,,,,8,eg EGY,DF,fr Ligue 1,27-225,1999,2.8,0,3,0,0.0,1.08,0.00,0.00,,0,0,9,eg EGY,DF,fr Ligue 1,27-225,1999,4,250,63,69.4,2.8,3,82,1,1,3,0,0.50,1,4,-3,-1.08,-0.26,8,eg EGY,DF,fr Ligue 1,27-225,1999,2.8,0,0,0,1,2,0,2,3,5,0
9,Ali Abdi,tn TUN,"DF,MF",Nice,fr Ligue 1,32.0,1993,2,0,37,0.4,0,0,0,0,0,0,0,0,0.00,,,,,,,,,,,,,,,,,,,,,,,,,9,tn TUN,"DF,MF",fr Ligue 1,32-268,1993,0.4,0,0,0,,0.00,0.00,,,0,0,10,tn TUN,"DF,MF",fr Ligue 1,32-268,1993,2,37,19,10.3,0.4,0,,0,2,19,0,0.50,0,1,-1,-2.43,-1.60,9,tn TUN,"DF,MF",fr Ligue 1,32-268,1993,0.4,0,0,0,1,0,0,1,0,1,0
10,Saud Abdulhamid,sa KSA,MF,Lens,fr Ligue 1,27.0,1999,1,1,61,0.7,1,0,1,1,0,0,0,0,1.48,,,,,,,,,,,,,,,,,,,,,,,,,10,sa KSA,MF,fr Ligue 1,27-058,1999,0.7,1,1,1,100.0,1.48,1.48,1.00,1.00,0,0,11,sa KSA,MF,fr Ligue 1,27-058,1999,1,61,61,16.9,0.7,1,61,0,0,,0,3.00,3,1,+2,+2.95,+3.25,10,sa KSA,MF,fr Ligue 1,27-058,1999,0.7,0,0,0,1,1,0,0,2,1,0
11,Matthis Abline,fr FRA,"FW,MF",Monaco,fr Ligue 1,23.0,2003,3,0,97,1.1,0,0,0,0,0,0,0,0,0.00,,,,,,,,,,,,,,,,,,,,,,,,,11,fr FRA,"FW,MF",fr Ligue 1,23-170,2003,1.1,0,0,0,,0.00,0.00,,,0,0,12,fr FRA,"FW,MF",fr Ligue 1,23-170,2003,3,97,32,26.9,1.1,0,,0,3,32,0,2.33,1,1,0,0.00,-1.37,11,fr FRA,"FW,MF",fr Ligue 1,23-170,2003,1.1,0,0,0,0,0,0,2,2,0,0
12,Abner,br BRA,DF,Lyon,fr Ligue 1,26.0,2000,3,2,191,2.1,0,0,0,0,0,0,0,0,0.00,,,,,,,,,,,,,,,,,,,,,,,,,12,br BRA,DF,fr Ligue 1,26-110,2000,2.1,0,0,0,,0.00,0.00,,,0,0,13,br BRA,DF,fr Ligue 1,26-110,2000,3,191,64,53.1,2.1,2,90,2,1,11,0,1.67,4,1,+3,+1.41,+0.88,12,br BRA,DF,fr Ligue 1,26-110,2000,2.1,0,0,0,2,3,0,5,0,0,0
13,Zakaria Aboukhlal,ma MAR,"FW,MF",Torino,it Serie A,26.0,2000,2,0,28,0.3,0,0,0,0,0,0,0,0,0.00,,,,,,,,,,,,,,,,,,,,,,,,,13,ma MAR,"FW,MF",it Serie A,26-208,2000,0.3,0,2,0,0.0,6.43,0.00,0.00,,0,0,14,ma MAR,"FW,MF",it Serie A,26-208,2000,2,28,14,10.4,0.3,0,,0,2,14,1,0.00,1,1,0,0.00,+0.37,13,ma MAR,"FW,MF",it Serie A,26-208,2000,0.3,0,0,0,2,0,0,0,0,0,0
14,Abdel Abqar,ma MAR,DF,Getafe,es La Liga,27.0,1999,2,1,91,1.0,0,0,0,0,0,0,0,0,0.00,,,,,,,,,,,,,,,,,,,,,,,,,14,ma MAR,DF,es La Liga,27-188,1999,1.0,0,0,0,,0.00,0.00,,,0,0,15,ma MAR,DF,es La Liga,27-188,1999,2,91,46,20.2,1.0,1,90,1,1,1,0,1.50,0,3,-3,-2.97,-2.97,14,ma MAR,DF,es La Liga,27-188,1999,1.0,0,0,0,1,1,0,0,1,1,0
15,Tammy Abraham,eng ENG,FW,Aston Villa,eng Premier League,28.0,1997,3,0,71,0.8,0,0,0,0,0,0,0,0,0.00,,,,,,,,,,,,,,,,,,,,,,,,,15,eng ENG,FW,eng Premier League,28-347,1997,0.8,0,0,0,,0.00,0.00,,,0,0,17,eng ENG,FW,eng Premier League,28-347,1997,3,71,24,19.7,0.8,0,,0,3,24,0,0.33,1,1,0,0.00,+1.87,15,eng ENG,FW,eng Premier League,28-347,1997,0.8,0,0,0,0,0,0,0,0,0,0
16,Ragnar Ache,de GER,FW,Köln,de Bundesliga,28.0,1998,3,2,165,1.8,0,0,0,0,0,0,0,0,0.00,,,,,,,,,,,,,,,,,,,,,,,,,16,de GER,FW,de Bundesliga,28-048,1998,1.8,0,5,0,0.0,2.73,0.00,0.00,,0,0,18,de GER,FW,de Bundesliga,28-048,1998,3,165,55,61.1,1.8,2,69,0,1,27,0,1.33,1,5,-4,-2.18,-3.90,16,de GER,FW,de Bundesliga,28-048,1998,1.8,0,0,0,0,5,0,0,0,0,0
17,Joshua Acheampong,eng ENG,DF,Chelsea,eng Premier League,20.0,2006,3,2,203,2.3,0,0,0,0,0,0,0,0,0.00,,,,,,,,,,,,,,,,,,,,,,,,,17,eng ENG,DF,eng Premier League,20-132,2006,2.3,0,0,0,,0.00,0.00,,,0,0,19,eng ENG,DF,eng Premier League,20-132,2006,3,203,68,56.4,2.3,2,90,2,1,23,1,2.00,5,5,0,0.00,-0.57,17,eng ENG,DF,eng Premier League,20-132,2006,2.3,0,0,0,1,1,1,1,1,4,0
18,Akor Adams,ng NGA,FW,Venezia,it Serie A,26.0,2000,4,4,339,3.8,1,0,1,1,0,0,0,0,0.27,,,,,,,,,,,,,,,,,,,,,,,,,18,ng NGA,FW,it Serie A,26-228,2000,3.8,1,12,4,33.3,3.19,1.06,0.08,0.25,0,0,20,ng NGA,FW,it Serie A,26-228,2000,4,339,85,94.2,3.8,4,85,3,0,,0,0.00,3,10,-7,-1.86,-1.86,18,ng NGA,FW,it Serie A,26-228,2000,3.8,0,0,0,3,3,5,2,1,0,0
19,Ché Adams,sct SCO,FW,Torino,it Serie A,30.0,1996,3,2,193,2.1,2,0,2,2,0,0,0,0,0.93,,,,,,,,,,,,,,,,,,,,,,,,,19,sct SCO,FW,it Serie A,30-063,1996,2.1,2,3,3,100.0,1.40,1.40,0.67,0.67,0,0,21,sct SCO,FW,it Serie A,30-063,1996,3,193,64,71.5,2.1,2,86,1,1,21,0,1.00,4,3,+1,+0.47,+2.80,19,sct SCO,FW,it Serie A,30-063,1996,2.1,0,0,0,3,2,0,0,0,0,0
20,Tyler Adams,us USA,MF,Bournemouth,eng Premier League,27.0,1999,4,2,194,2.2,0,0,0,0,0,0,0,0,0.00,,,,,,,,,,,,,,,,,,,,,,,,,20,us USA,MF,eng Premier League,27-212,1999,2.2,0,1,1,100.0,0.46,0.46,0.00,0.00,0,0,22,us USA,MF,eng Premier League,27-212,1999,4,194,49,53.9,2.2,2,78,0,2,19,0,0.75,4,6,-2,-0.93,-1.47,20,us USA,MF,eng Premier League,27-212,1999,2.2,0,0,0,3,3,0,1,5,1,0
21,Junior Adamu,at AUT,"MF,FW",Schalke 04,de Bundesliga,25.0,2001,2,2,140,1.6,0,1,1,0,0,0,0,0,0.64,,,,,,,,,,,,,,,,,,,,,,,,,21,at AUT,"MF,FW",de Bundesliga,25-100,2001,1.6,0,5,2,40.0,3.21,1.29,0.00,0.00,0,0,23,at AUT,"MF,FW",de Bundesliga,25-100,2001,2,140,70,51.9,1.6,2,70,0,0,,1,1.50,2,1,+1,+0.64,+2.03,21,at AUT,"MF,FW",de Bundesliga,25-100,2001,1.6,0,0,0,3,1,1,0,0,0,0
22,Tosin Adarabioyo,eng ENG,DF,Tottenham,eng Premier League,28.0,1997,1,0,6,0.1,0,0,0,0,0,0,0,0,0.00,,,,,,,,,,,,,,,,,,,,,,,,,22,eng ENG,DF,eng Premier League,28-355,1997,0.1,0,0,0,,0.00,0.00,,,0,0,24,eng ENG,DF,eng Premier League,28-355,1997,1,6,6,1.7,0.1,0,,0,1,6,0,1.00,0,0,0,0.00,+1.27,22,eng ENG,DF,eng Premier League,28-355,1997,0.1,0,0,0,0,0,0,0,0,1,0
23,Martin Adeline,fr FRA,MF,Hamburger SV,de Bundesliga,22.0,2003,2,2,111,1.2,0,0,0,0,0,0,0,0,0.00,,,,,,,,,,,,,,,,,,,,,,,,,23,fr FRA,MF,de Bundesliga,22-286,2003,1.2,0,0,0,,0.00,0.00,,,0,0,25,fr FRA,MF,de Bundesliga,22-286,2003,2,111,56,41.1,1.2,2,56,0,0,,1,0.00,0,4,-4,-3.24,+1.29,23,fr FRA,MF,de Bundesliga,22-286,2003,1.2,0,0,0,2,0,0,2,0,1,0
24,Karim Adeyemi,de GER,MF,Barcelona,es La Liga,24.0,2002,5,1,142,1.6,2,1,3,2,0,0,0,0,1.90,,,,,,,,,,,,,,,,,,,,,,,,,24,de GER,MF,es La Liga,24-239,2002,1.6,2,7,5,71.4,4.44,3.17,0.29,0.40,0,0,26,de GER,MF,es La Liga,24-239,2002,5,142,28,31.6,1.6,1,64,0,4,20,0,3.00,7,2,+5,+3.17,-0.34,24,de GER,MF,es La Liga,24-239,2002,1.6,0,0,0,1,4,0,2,0,0,0
25,Nathaniel Adjei,gh GHA,DF,Lorient,fr Ligue 1,24.0,2002,4,4,360,4.0,0,0,0,0,0,0,1,0,0.00,,,,,,,,,,,,,,,,,,,,,,,,,25,gh GHA,DF,fr Ligue 1,24-024,2002,4.0,0,0,0,,0.00,0.00,,,0,0,27,gh GHA,DF,fr Ligue 1,24-024,2002,4,360,90,100.0,4.0,4,90,4,0,,0,1.25,4,4,0,0.00,,25,gh GHA,DF,fr Ligue 1,24-024,2002,4.0,1,0,0,1,5,0,0,11,5,0
26,Vasilije Adžić,me MNE,MF,Sassuolo,it Serie A,20.0,2006,4,3,201,2.2,2,1,3,2,0,0,0,0,1.34,,,,,,,,,,,,,,,,,,,,,,,,,26,me MNE,MF,it Serie A,20-125,2006,2.2,2,9,4,44.4,4.03,1.79,0.22,0.50,0,0,28,me MNE,MF,it Serie A,20-125,2006,4,201,50,55.8,2.2,3,60,0,1,20,0,1.75,6,5,+1,+0.45,+0.45,26,me MNE,MF,it Serie A,20-125,2006,2.2,0,0,0,3,1,2,6,1,2,0
27,Michel Aebischer,ch SUI,MF,Union Berlin,de Bundesliga,29.0,1997,3,3,206,2.3,0,0,0,0,0,0,1,0,0.00,,,,,,,,,,,,,,,,,,,,,,,,,27,ch SUI,MF,de Bundesliga,29-251,1997,2.3,0,5,0,0.0,2.18,0.00,0.00,,0,0,29,ch SUI,MF,de Bundesliga,29-251,1997,3,206,69,76.3,2.3,3,69,0,0,,0,0.33,1,7,-6,-2.62,-2.62,27,ch SUI,MF,de Bundesliga,29-251,1997,2.3,1,0,0,4,1,0,6,0,2,0
28,David Affengruber,at AUT,DF,Elche,es La Liga,25.0,2001,3,3,270,3.0,0,0,0,0,0,0,0,0,0.00,,,,,,,,,,,,,,,,,,,,,,,,,28,at AUT,DF,es La Liga,25-179,2001,3.0,0,5,0,0.0,1.67,0.00,0.00,,0,0,30,at AUT,DF,es La Liga,25-179,2001,3,270,90,60.0,3.0,3,90,3,0,,0,0.33,3,9,-6,-2.00,-1.50,28,at AUT,DF,es La Liga,25-179,2001,3.0,0,0,0,1,4,0,1,5,3,0
29,David Affengruber,at AUT,DF,Fulham,eng Premier League,25.0,2001,1,1,90,1.0,0,0,0,0,0,0,0,0,0.00,,,,,,,,,,,,,,,,,,,,,,,,,29,at AUT,DF,eng Premier League,25-179,2001,1.0,0,0,0,,0.00,0.00,,,0,0,31,at AUT,DF,eng Premier League,25-179,2001,1,90,90,25.0,1.0,1,90,1,0,,1,1.00,0,0,0,0.00,+1.00,29,at AUT,DF,eng Premier League,25-179,2001,1.0,0,0,0,1,0,0,0,2,0,0
30,Julen Agirrezabala,es ESP,GK,Racing Sant,es La Liga,25.0,2000,5,5,450,5.0,0,0,0,0,0,0,0,0,0.00,1,es ESP,GK,es La Liga,25-262,2000,5,5,450,5.0,9,1.80,32,23,71.9,2,1,2,0,0.0,0,0,0,0,30,es ESP,GK,es La Liga,25-262,2000,5.0,0,0,0,,0.00,0.00,,,0,0,32,es ESP,GK,es La Liga,25-262,2000,5,450,90,100.0,5.0,5,90,5,0,,0,1.40,9,9,0,0.00,,30,es ESP,GK,es La Liga,25-262,2000,5.0,0,0,0,0,2,0,0,0,0,0
31,Lucien Agoume,fr FRA,MF,Sevilla,es La Liga,24.0,2002,5,5,450,5.0,0,0,0,0,0,0,1,0,0.00,,,,,,,,,,,,,,,,,,,,,,,,,31,fr FRA,MF,es La Liga,24-217,2002,5.0,0,4,0,0.0,0.80,0.00,0.00,,0,0,33,fr FRA,MF,es La Liga,24-217,2002,5,450,90,100.0,5.0,5,90,5,0,,0,2.00,8,6,+2,+0.40,,31,fr FRA,MF,es La Liga,24-217,2002,5.0,1,0,0,10,5,0,4,12,11,0
32,Marc Aguado,es ESP,MF,Elche,es La Liga,26.0,2000,3,3,198,2.2,1,0,1,1,0,0,0,0,0.45,,,,,,,,,,,,,,,,,,,,,,,,,32,es ESP,MF,es La Liga,26-204,2000,2.2,1,1,1,100.0,0.45,0.45,1.00,1.00,0,0,34,es ESP,MF,es La Liga,26-204,2000,3,198,66,44.0,2.2,3,66,1,0,,2,0.33,1,6,-5,-2.27,-1.56,32,es ESP,MF,es La Liga,26-204,2000,2.2,0,0,0,2,3,0,0,0,1,0
33,Nayef Aguerd,ma MAR,DF,Marseille,fr Ligue 1,30.0,1996,4,2,208,2.3,0,0,0,0,0,0,1,0,0.00,,,,,,,,,,,,,,,,,,,,,,,,,33,ma MAR,DF,fr Ligue 1,30-168,1996,2.3,0,0,0,,0.00,0.00,,,0,0,35,ma MAR,DF,fr Ligue 1,30-168,1996,4,208,52,57.8,2.3,2,80,0,2,25,0,0.75,4,3,+1,+0.43,+1.02,33,ma MAR,DF,fr Ligue 1,30-168,1996,2.3,1,0,0,2,0,0,0,1,1,0
34,Ruben Aguilar,fr FRA,MF,Lens,fr Ligue 1,33.0,1993,3,2,188,2.1,0,1,1,0,0,0,1,0,0.48,,,,,,,,,,,,,,,,,,,,,,,,,34,fr FRA,MF,fr Ligue 1,33-141,1993,2.1,0,1,0,0.0,0.48,0.00,0.00,,0,0,36,fr FRA,MF,fr Ligue 1,33-141,1993,3,188,63,52.2,2.1,2,80,1,1,29,0,0.33,2,4,-2,-0.96,-2.53,34,fr FRA,MF,fr Ligue 1,33-141,1993,2.1,1,0,0,7,1,1,7,6,2,0
35,Naouirou Ahamada,fr FRA,MF,Auxerre,fr Ligue 1,24.0,2002,4,3,241,2.7,0,0,0,0,0,0,0,0,0.00,,,,,,,,,,,,,,,,,,,,,,,,,35,fr FRA,MF,fr Ligue 1,24-169,2002,2.7,0,1,1,100.0,0.37,0.37,0.00,0.00,0,0,38,fr FRA,MF,fr Ligue 1,24-169,2002,4,241,60,66.9,2.7,3,77,1,1,10,0,0.75,4,10,-6,-2.24,-2.24,35,fr FRA,MF,fr Ligue 1,24-169,2002,2.7,0,0,0,0,2,0,5,0,1,0
36,Honest Ahanor,it ITA,DF,Crystal Palace,eng Premier League,18.0,2008,1,1,90,1.0,0,0,0,0,0,0,0,0,0.00,,,,,,,,,,,,,,,,,,,,,,,,,36,it ITA,DF,eng Premier League,18-203,2008,1.0,0,0,0,,0.00,0.00,,,0,0,39,it ITA,DF,eng Premier League,18-203,2008,1,90,90,25.0,1.0,1,90,1,0,,0,0.00,2,3,-1,-1.00,+0.33,36,it ITA,DF,eng Premier League,18-203,2008,1.0,0,0,0,2,5,0,1,1,2,0
37,Amar Ahmed,se SWE,FW,Lecce,it Serie A,22.0,2004,3,0,81,0.9,0,0,0,0,0,0,0,0,0.00,,,,,,,,,,,,,,,,,,,,,,,,,37,se SWE,FW,it Serie A,22-207,2004,0.9,0,2,0,0.0,2.22,0.00,0.00,,0,0,40,se SWE,FW,it Serie A,22-207,2004,3,81,27,22.5,0.9,0,,0,3,27,0,1.00,0,1,-1,-1.11,-0.79,37,se SWE,FW,it Serie A,22-207,2004,0.9,0,0,0,1,1,0,1,1,1,0
38,Ola Aina,ng NGA,"MF,DF",Nottingham,eng Premier League,29.0,1996,4,4,306,3.4,0,0,0,0,0,0,2,0,0.00,,,,,,,,,,,,,,,,,,,,,,,,,38,ng NGA,"MF,DF",eng Premier League,29-341,1996,3.4,0,2,1,50.0,0.59,0.29,0.00,0.00,0,0,42,ng NGA,"MF,DF",eng Premier League,29-341,1996,4,306,77,85.0,3.4,4,77,1,0,,0,1.25,4,3,+1,+0.29,+1.96,38,ng NGA,"MF,DF",eng Premier League,29-341,1996,3.4,2,0,0,5,4,0,8,3,4,0
39,Abdelhamid Ait Boudlal,ma MAR,DF,Rennes,fr Ligue 1,20.0,2006,2,2,180,2.0,0,0,0,0,0,0,1,0,0.00,,,,,,,,,,,,,,,,,,,,,,,,,39,ma MAR,DF,fr Ligue 1,20-151,2006,2.0,0,0,0,,0.00,0.00,,,0,0,43,ma MAR,DF,fr Ligue 1,20-151,2006,2,180,90,50.0,2.0,2,90,2,0,,1,2.00,5,4,+1,+0.50,-0.50,39,ma MAR,DF,fr Ligue 1,20-151,2006,2.0,1,0,0,2,0,0,0,7,4,0
40,Tosin Aiyegun,bj BEN,"FW,MF",Lorient,fr Ligue 1,28.0,1998,2,0,46,0.5,0,0,0,0,0,0,0,0,0.00,,,,,,,,,,,,,,,,,,,,,,,,,40,bj BEN,"FW,MF",fr Ligue 1,28-080,1998,0.5,0,1,0,0.0,1.96,0.00,0.00,,0,0,45,bj BEN,"FW,MF",fr Ligue 1,28-080,1998,2,46,23,12.8,0.5,0,,0,2,23,2,0.50,0,0,0,0.00,0.00,40,bj BEN,"FW,MF",fr Ligue 1,28-080,1998,0.5,0,0,0,0,0,1,0,0,0,0
41,Semi Ajayi,ng NGA,DF,Hull City,eng Premier League,32.0,1993,4,4,333,3.7,1,0,1,1,0,0,1,0,0.27,,,,,,,,,,,,,,,,,,,,,,,,,41,ng NGA,DF,eng Premier League,32-309,1993,3.7,1,2,1,50.0,0.54,0.27,0.50,1.00,0,0,46,ng NGA,DF,eng Premier League,32-309,1993,4,333,83,92.5,3.7,4,83,3,0,,0,2.00,5,2,+3,+0.81,+0.81,41,ng NGA,DF,eng Premier League,32-309,1993,3.7,1,0,0,1,1,0,2,4,2,0
42,Kristoffer Ajer,no NOR,DF,Brentford,eng Premier League,28.0,1998,4,4,360,4.0,0,0,0,0,0,0,1,0,0.00,,,,,,,,,,,,,,,,,,,,,,,,,42,no NOR,DF,eng Premier League,28-150,1998,4.0,0,2,1,50.0,0.50,0.25,0.00,0.00,0,0,47,no NOR,DF,eng Premier League,28-150,1998,4,360,90,100.0,4.0,4,90,4,0,,0,1.50,7,4,+3,+0.75,,42,no NOR,DF,eng Premier League,28-150,1998,4.0,1,0,0,4,3,0,0,4,1,0
43,Ludovic Ajorque,fr FRA,FW,Brest,fr Ligue 1,32.0,1994,4,4,360,4.0,1,0,1,1,0,0,1,0,0.25,,,,,,,,,,,,,,,,,,,,,,,,,43,fr FRA,FW,fr Ligue 1,32-201,1994,4.0,1,16,5,31.3,4.00,1.25,0.06,0.20,0,0,48,fr FRA,FW,fr Ligue 1,32-201,1994,4,360,90,100.0,4.0,4,90,4,0,,0,1.25,6,6,0,0.00,,43,fr FRA,FW,fr Ligue 1,32-201,1994,4.0,1,0,0,11,7,4,2,0,1,0
44,Manuel Akanji,ch SUI,DF,Inter,it Serie A,31.0,1995,3,3,231,2.6,0,1,1,0,0,0,1,0,0.39,,,,,,,,,,,,,,,,,,,,,,,,,44,ch SUI,DF,it Serie A,31-057,1995,2.6,0,4,0,0.0,1.56,0.00,0.00,,0,0,49,ch SUI,DF,it Serie A,31-057,1995,3,231,77,85.6,2.6,3,77,1,0,,0,3.00,8,3,+5,+1.95,+1.95,44,ch SUI,DF,it Serie A,31-057,1995,2.6,1,0,0,1,0,0,1,4,3,0
45,Ilias Akhomach,ma MAR,MF,Villarreal,es La Liga,22.0,2004,4,0,55,0.6,0,0,0,0,0,0,0,0,0.00,,,,,,,,,,,,,,,,,,,,,,,,,45,ma MAR,MF,es La Liga,22-151,2004,0.6,0,1,0,0.0,1.64,0.00,0.00,,0,0,51,ma MAR,MF,es La Liga,22-151,2004,4,55,14,15.3,0.6,0,,0,4,14,0,0.50,0,2,-2,-3.27,-3.27,45,ma MAR,MF,es La Liga,22-151,2004,0.6,0,0,0,1,2,0,8,1,0,0
46,Ebenezer Akinsanmiro,ng NGA,MF,Monza,it Serie A,21.0,2004,3,2,210,2.3,0,1,1,0,0,0,0,0,0.43,,,,,,,,,,,,,,,,,,,,,,,,,46,ng NGA,MF,it Serie A,21-293,2004,2.3,0,0,0,,0.00,0.00,,,0,0,52,ng NGA,MF,it Serie A,21-293,2004,3,210,70,58.3,2.3,2,87,1,1,37,0,0.33,3,4,-1,-0.43,+1.97,46,ng NGA,MF,it Serie A,21-293,2004,2.3,0,0,0,8,3,0,1,3,1,0
47,Maghnes Akliouche,fr FRA,FW,Paris SG,fr Ligue 1,24.0,2002,4,2,201,2.2,0,0,0,0,0,0,0,0,0.00,,,,,,,,,,,,,,,,,,,,,,,,,47,fr FRA,FW,fr Ligue 1,24-201,2002,2.2,0,1,1,100.0,0.45,0.45,0.00,0.00,0,0,53,fr FRA,FW,fr Ligue 1,24-201,2002,4,201,50,55.8,2.2,2,73,0,2,28,0,1.25,3,2,+1,+0.45,+1.01,47,fr FRA,FW,fr Ligue 1,24-201,2002,2.2,0,0,0,4,1,0,1,4,6,0
48,Clément Akpa,ci CIV,DF,Auxerre,fr Ligue 1,24.0,2001,4,4,360,4.0,0,0,0,0,0,0,1,0,0.00,,,,,,,,,,,,,,,,,,,,,,,,,48,ci CIV,DF,fr Ligue 1,24-294,2001,4.0,0,2,1,50.0,0.50,0.25,0.00,0.00,0,0,54,ci CIV,DF,fr Ligue 1,24-294,2001,4,360,90,100.0,4.0,4,90,4,0,,0,0.75,5,11,-6,-1.50,,48,ci CIV,DF,fr Ligue 1,24-294,2001,4.0,1,0,0,6,5,0,3,6,5,0
49,Chuba Akpom,eng ENG,"FW,MF",Ipswich Town,eng Premier League,30.0,1995,2,0,70,0.8,1,0,1,1,0,0,0,0,1.29,,,,,,,,,,,,,,,,,,,,,,,,,49,eng ENG,"FW,MF",eng Premier League,30-340,1995,0.8,1,1,1,100.0,1.29,1.29,1.00,1.00,0,0,56,eng ENG,"FW,MF",eng Premier League,30-340,1995,2,70,35,19.4,0.8,0,,0,2,35,1,1.50,2,4,-2,-2.57,-2.26,49,eng ENG,"FW,MF",eng Premier League,30-340,1995,0.8,0,0,0,1,2,0,0,0,0,0
50,Kerim Alajbegović,ba BIH,MF,Juventus,it Serie A,18.0,2007,3,2,183,2.0,0,0,0,0,0,0,0,0,0.00,,,,,,,,,,,,,,,,,,,,,,,,,50,ba BIH,MF,it Serie A,18-358,2007,2.0,0,8,3,37.5,3.93,1.48,0.00,0.00,0,0,57,ba BIH,MF,it Serie A,18-358,2007,3,183,61,50.8,2.0,2,75,0,1,34,1,1.33,3,1,+2,+0.98,+0.98,50,ba BIH,MF,it Serie A,18-358,2007,2.0,0,0,0,2,2,2,3,0,0,0
51,Carlos Alcaraz,ar ARG,MF,Everton,eng Premier League,23.0,2002,2,0,6,0.1,0,0,0,0,0,0,1,0,0.00,,,,,,,,,,,,,,,,,,,,,,,,,51,ar ARG,MF,eng Premier League,23-288,2002,0.1,0,2,1,50.0,30.00,15.00,0.00,0.00,0,0,59,ar ARG,MF,eng Premier League,23-288,2002,2,6,3,1.7,0.1,0,,0,2,3,2,2.00,1,0,+1,+15.00,+14.75,51,ar ARG,MF,eng Premier League,23-288,2002,0.1,1,0,0,1,0,0,0,0,1,0
52,Omar Alderete,py PAR,DF,Sunderland,eng Premier League,29.0,1996,1,0,24,0.3,0,0,0,0,0,0,0,0,0.00,,,,,,,,,,,,,,,,,,,,,,,,,52,py PAR,DF,eng Premier League,29-262,1996,0.3,0,0,0,,0.00,0.00,,,0,0,60,py PAR,DF,eng Premier League,29-262,1996,1,24,24,6.7,0.3,0,,0,1,24,3,0.00,0,1,-1,-3.75,-3.48,52,py PAR,DF,eng Premier League,29-262,1996,0.3,0,0,0,0,0,0,0,0,0,0
53,Alexandre Alemão,br BRA,FW,Rayo Vallecano,es La Liga,28.0,1998,4,0,92,1.0,0,0,0,0,0,0,0,0,0.00,,,,,,,,,,,,,,,,,,,,,,,,,53,br BRA,FW,es La Liga,28-166,1998,1.0,0,5,2,40.0,4.89,1.96,0.00,0.00,0,0,61,br BRA,FW,es La Liga,28-166,1998,4,92,23,20.4,1.0,0,,0,4,23,1,0.75,0,3,-3,-2.93,-2.18,53,br BRA,FW,es La Liga,28-166,1998,1.0,0,0,0,3,2,1,0,0,1,0
54,Carles Aleñá,es ESP,MF,Alavés,es La Liga,28.0,1998,4,1,106,1.2,0,1,1,0,0,0,0,0,0.85,,,,,,,,,,,,,,,,,,,,,,,,,54,es ESP,MF,es La Liga,28-252,1998,1.2,0,2,1,50.0,1.70,0.85,0.00,0.00,0,0,62,es ESP,MF,es La Liga,28-252,1998,4,106,27,23.6,1.2,1,70,0,3,12,1,1.75,5,2,+3,+2.55,+1.76,54,es ESP,MF,es La Liga,28-252,1998,1.2,0,0,0,1,0,0,4,1,4,0
55,Trent Alexander-Arnold,eng ENG,DF,Real Madrid,es La Liga,27.0,1998,3,1,128,1.4,0,1,1,0,0,0,0,0,0.70,,,,,,,,,,,,,,,,,,,,,,,,,55,eng ENG,DF,es La Liga,27-342,1998,1.4,0,2,1,50.0,1.41,0.70,0.00,0.00,0,0,63,eng ENG,DF,es La Liga,27-342,1998,3,128,43,28.4,1.4,1,90,1,2,19,2,2.00,5,1,+4,+2.81,+1.14,55,eng ENG,DF,es La Liga,27-342,1998,1.4,0,0,0,0,1,0,18,4,1,0
56,Alfon,es ESP,FW,Sevilla,es La Liga,27.0,1999,1,0,11,0.1,0,0,0,0,0,0,0,0,0.00,,,,,,,,,,,,,,,,,,,,,,,,,56,es ESP,FW,es La Liga,27-133,1999,0.1,0,0,0,,0.00,0.00,,,0,0,64,es ESP,FW,es La Liga,27-133,1999,1,11,11,2.4,0.1,0,,0,1,11,2,0.00,0,0,0,0.00,-0.41,56,es ESP,FW,es La Liga,27-133,1999,0.1,0,0,0,0,0,0,1,0,0,0
57,Mohamed Ali Cho,fr FRA,"FW,MF",Nice,fr Ligue 1,22.0,2004,1,0,31,0.3,0,0,0,0,0,0,0,0,0.00,,,,,,,,,,,,,,,,,,,,,,,,,57,fr FRA,"FW,MF",fr Ligue 1,22-238,2004,0.3,0,1,0,0.0,2.90,0.00,0.00,,0,0,65,fr FRA,"FW,MF",fr Ligue 1,22-238,2004,1,31,31,8.6,0.3,0,,0,1,31,0,1.00,0,0,0,0.00,+1.09,57,fr FRA,"FW,MF",fr Ligue 1,22-238,2004,0.3,0,0,0,2,0,1,0,0,0,0
58,Mohamed Ali Cho,fr FRA,"FW,MF",Hull City,eng Premier League,22.0,2004,3,0,48,0.5,0,0,0,0,0,0,0,0,0.00,,,,,,,,,,,,,,,,,,,,,,,,,58,fr FRA,"FW,MF",eng Premier League,22-238,2004,0.5,0,3,2,66.7,5.63,3.75,0.00,0.00,0,0,66,fr FRA,"FW,MF",eng Premier League,22-238,2004,3,48,16,13.3,0.5,0,,0,3,16,0,1.67,0,1,-1,-1.87,-3.03,58,fr FRA,"FW,MF",eng Premier League,22-238,2004,0.5,0,0,0,0,0,0,2,0,0,0
59,Alisson,br BRA,GK,Liverpool,eng Premier League,33.0,1992,4,4,360,4.0,0,0,0,0,0,0,1,0,0.00,2,br BRA,GK,eng Premier League,33-347,1992,4,4,360,4.0,4,1.00,16,12,75.0,1,3,0,2,50.0,1,1,0,0,59,br BRA,GK,eng Premier League,33-347,1992,4.0,0,0,0,,0.00,0.00,,,0,0,67,br BRA,GK,eng Premier League,33-347,1992,4,360,90,100.0,4.0,4,90,4,0,,0,1.50,6,4,+2,+0.50,,59,br BRA,GK,eng Premier League,33-347,1992,4.0,1,0,0,1,0,0,0,0,0,0
60,Jim Allevinah,ga GAB,MF,Angers,fr Ligue 1,31.0,1995,4,4,291,3.2,0,0,0,0,0,0,0,0,0.00,,,,,,,,,,,,,,,,,,,,,,,,,60,ga GAB,MF,fr Ligue 1,31-199,1995,3.2,0,10,2,20.0,3.09,0.62,0.00,0.00,0,0,70,ga GAB,MF,fr Ligue 1,31-199,1995,4,291,73,80.8,3.2,4,73,0,0,,0,1.00,2,5,-3,-0.93,-3.54,60,ga GAB,MF,fr Ligue 1,31-199,1995,3.2,0,0,0,2,7,0,12,2,2,0
61,André Almeida,pt POR,"FW,MF",Racing Sant,es La Liga,26.0,2000,2,0,60,0.7,0,0,0,0,0,0,0,1,0.00,,,,,,,,,,,,,,,,,,,,,,,,,61,pt POR,"FW,MF",es La Liga,26-107,2000,0.7,0,0,0,,0.00,0.00,,,0,0,72,pt POR,"FW,MF",es La Liga,26-107,2000,2,60,30,13.3,0.7,0,,0,2,30,0,1.50,0,0,0,0.00,0.00,61,pt POR,"FW,MF",es La Liga,26-107,2000,0.7,0,1,0,2,0,0,1,1,1,0
62,Pontus Almqvist,se SWE,"FW,MF",Parma,it Serie A,27.0,1999,3,0,46,0.5,0,0,0,0,0,0,1,0,0.00,,,,,,,,,,,,,,,,,,,,,,,,,62,se SWE,"FW,MF",it Serie A,27-066,1999,0.5,0,0,0,,0.00,0.00,,,0,0,73,se SWE,"FW,MF",it Serie A,27-066,1999,3,46,15,17.0,0.5,0,,0,3,15,0,0.33,0,2,-2,-3.91,-3.51,62,se SWE,"FW,MF",it Serie A,27-066,1999,0.5,1,0,0,1,1,0,5,0,1,0
63,Marcos Alonso,es ESP,DF,Celta Vigo,es La Liga,35.0,1990,5,5,410,4.6,0,0,0,0,0,0,2,1,0.00,,,,,,,,,,,,,,,,,,,,,,,,,63,es ESP,DF,es La Liga,35-260,1990,4.6,0,3,0,0.0,0.66,0.00,0.00,,0,0,75,es ESP,DF,es La Liga,35-260,1990,5,410,82,75.9,4.6,5,82,4,0,,0,0.80,3,2,+1,+0.22,+2.99,63,es ESP,DF,es La Liga,35-260,1990,4.6,2,1,0,6,3,1,3,10,7,0
64,Adrià Altimira,es ESP,MF,Dep. A Coruña,es La Liga,25.0,2001,3,2,148,1.6,0,0,0,0,0,0,2,1,0.00,,,,,,,,,,,,,,,,,,,,,,,,,64,es ESP,MF,es La Liga,25-170,2001,1.6,0,0,0,,0.00,0.00,,,0,0,76,es ESP,MF,es La Liga,25-170,2001,3,148,49,32.9,1.6,2,66,0,1,17,1,1.67,2,1,+1,+0.61,+0.01,64,es ESP,MF,es La Liga,25-170,2001,1.6,2,1,1,4,3,0,3,2,2,0
65,Carlos Álvarez,es ESP,MF,Levante,es La Liga,23.0,2003,1,1,45,0.5,0,0,0,0,0,0,0,0,0.00,,,,,,,,,,,,,,,,,,,,,,,,,65,es ESP,MF,es La Liga,23-039,2003,0.5,0,0,0,,0.00,0.00,,,0,0,78,es ESP,MF,es La Liga,23-039,2003,1,45,45,10.0,0.5,1,45,0,0,,2,0.00,0,2,-2,-4.00,-4.00,65,es ESP,MF,es La Liga,23-039,2003,0.5,0,0,0,1,2,0,0,0,0,0
66,Hugo Álvarez,es ESP,FW,Celta Vigo,es La Liga,23.0,2003,4,2,189,2.1,0,0,0,0,0,0,0,0,0.00,,,,,,,,,,,,,,,,,,,,,,,,,66,es ESP,FW,es La Liga,23-074,2003,2.1,0,1,0,0.0,0.48,0.00,0.00,,0,0,79,es ESP,FW,es La Liga,23-074,2003,4,189,47,35.0,2.1,2,65,0,2,30,2,0.50,1,0,+1,+0.48,+1.50,66,es ESP,FW,es La Liga,23-074,2003,2.1,0,0,0,2,3,0,6,1,0,0
67,Julián Álvarez,ar ARG,"FW,MF",Atlético Madrid,es La Liga,26.0,2000,2,0,57,0.6,0,0,0,0,0,0,0,0,0.00,,,,,,,,,,,,,,,,,,,,,,,,,67,ar ARG,"FW,MF",es La Liga,26-226,2000,0.6,0,2,1,50.0,3.16,1.58,0.00,0.00,0,0,80,ar ARG,"FW,MF",es La Liga,26-226,2000,2,57,29,12.7,0.6,0,,0,2,29,0,0.50,1,2,-1,-1.58,-2.72,67,ar ARG,"FW,MF",es La Liga,26-226,2000,0.6,0,0,0,0,0,0,0,0,0,0
68,Yeray Álvarez,es ESP,DF,Athletic Club,es La Liga,31.0,1995,4,4,315,3.5,0,1,1,0,0,0,0,0,0.29,,,,,,,,,,,,,,,,,,,,,,,,,68,es ESP,DF,es La Liga,31-233,1995,3.5,0,3,0,0.0,0.86,0.00,0.00,,0,0,81,es ESP,DF,es La Liga,31-233,1995,4,315,79,70.0,3.5,4,79,3,0,,1,1.00,3,6,-3,-0.86,-3.52,68,es ESP,DF,es La Liga,31-233,1995,3.5,0,0,0,2,3,0,4,4,1,0
69,Alysson,br BRA,MF,Aston Villa,eng Premier League,20.0,2006,4,0,90,1.0,1,0,1,1,0,0,1,0,1.00,,,,,,,,,,,,,,,,,,,,,,,,,69,br BRA,MF,eng Premier League,20-132,2006,1.0,1,1,1,100.0,1.00,1.00,1.00,1.00,0,0,82,br BRA,MF,eng Premier League,20-132,2006,4,90,23,25.0,1.0,0,,0,4,23,0,0.25,1,1,0,0.00,+2.00,69,br BRA,MF,eng Premier League,20-132,2006,1.0,1,0,0,1,1,0,0,0,2,0
70,Ayoube Amaimouni,ma MAR,MF,Frankfurt,de Bundesliga,21.0,2004,3,1,104,1.2,0,0,0,0,0,0,0,0,0.00,,,,,,,,,,,,,,,,,,,,,,,,,70,ma MAR,MF,de Bundesliga,21-288,2004,1.2,0,4,1,25.0,3.46,0.87,0.00,0.00,0,0,84,ma MAR,MF,de Bundesliga,21-288,2004,3,104,35,38.5,1.2,1,78,0,2,13,0,1.33,3,4,-1,-0.87,-0.87,70,ma MAR,MF,de Bundesliga,21-288,2004,1.2,0,0,0,2,3,1,3,1,1,0
71,Lorenzo Amatucci,it ITA,MF,Dep. A Coruña,es La Liga,22.0,2004,5,5,450,5.0,0,1,1,0,0,0,2,0,0.20,,,,,,,,,,,,,,,,,,,,,,,,,71,it ITA,MF,es La Liga,22-221,2004,5.0,0,0,0,,0.00,0.00,,,0,0,85,it ITA,MF,es La Liga,22-221,2004,5,450,90,100.0,5.0,5,90,5,0,,0,1.80,9,6,+3,+0.60,,71,it ITA,MF,es La Liga,22-221,2004,5.0,2,0,0,11,2,0,3,6,7,0
72,Aurèle Amenda,ch SUI,DF,Coventry City,eng Premier League,23.0,2003,4,4,360,4.0,0,0,0,0,0,0,1,0,0.00,,,,,,,,,,,,,,,,,,,,,,,,,72,ch SUI,DF,eng Premier League,23-045,2003,4.0,0,1,0,0.0,0.25,0.00,0.00,,0,0,86,ch SUI,DF,eng Premier League,23-045,2003,4,360,90,100.0,4.0,4,90,4,0,,0,0.00,0,10,-10,-2.50,,72,ch SUI,DF,eng Premier League,23-045,2003,4.0,1,0,0,6,0,0,0,3,1,0
73,Wisdom Amey,it ITA,DF,Frosinone,it Serie A,21.0,2005,1,0,3,0.0,0,0,0,0,0,0,0,0,0.00,,,,,,,,,,,,,,,,,,,,,,,,,73,it ITA,DF,it Serie A,21-034,2005,0.0,0,0,0,,0.00,0.00,,,0,0,87,it ITA,DF,it Serie A,21-034,2005,1,3,3,0.8,0.0,0,,0,1,3,3,3.00,0,0,0,0.00,-0.76,73,it ITA,DF,it Serie A,21-034,2005,0.0,0,0,0,0,0,0,0,0,0,0
74,Nadiem Amiri,de GER,MF,Mainz 05,de Bundesliga,29.0,1996,3,3,264,2.9,0,0,0,0,0,1,0,0,0.00,,,,,,,,,,,,,,,,,,,,,,,,,74,de GER,MF,de Bundesliga,29-322,1996,2.9,0,7,2,28.6,2.39,0.68,0.00,0.00,0,1,88,de GER,MF,de Bundesliga,29-322,1996,3,264,88,97.8,2.9,3,88,2,0,,0,1.33,5,3,+2,+0.68,-14.32,74,de GER,MF,de Bundesliga,29-322,1996,2.9,0,0,0,2,2,0,24,2,2,0
75,Samuel Amo-Ameyaw,eng ENG,MF,Strasbourg,fr Ligue 1,20.0,2006,4,1,120,1.3,2,0,2,2,0,0,1,0,1.50,,,,,,,,,,,,,,,,,,,,,,,,,75,eng ENG,MF,fr Ligue 1,20-058,2006,1.3,2,5,4,80.0,3.75,3.00,0.40,0.50,0,0,89,eng ENG,MF,fr Ligue 1,20-058,2006,4,120,30,33.3,1.3,1,68,0,3,17,0,1.75,4,3,+1,+0.75,+0.75,75,eng ENG,MF,fr Ligue 1,20-058,2006,1.3,1,0,0,2,2,0,5,2,0,0
76,Mikel Amondarain,ar ARG,MF,Bologna,it Serie A,21.0,2005,3,1,96,1.1,0,0,0,0,0,0,1,0,0.00,,,,,,,,,,,,,,,,,,,,,,,,,76,ar ARG,MF,it Serie A,21-251,2005,1.1,0,1,0,0.0,0.94,0.00,0.00,,0,0,91,ar ARG,MF,it Serie A,21-251,2005,3,96,32,26.7,1.1,1,65,0,2,16,1,0.00,0,2,-2,-1.87,-1.53,76,ar ARG,MF,it Serie A,21-251,2005,1.1,1,0,0,4,2,0,2,0,1,0
77,Amorim,br BRA,MF,Genoa,it Serie A,21.0,2005,4,1,115,1.3,0,0,0,0,0,0,1,0,0.00,,,,,,,,,,,,,,,,,,,,,,,,,77,br BRA,MF,it Serie A,21-119,2005,1.3,0,1,1,100.0,0.78,0.78,0.00,0.00,0,0,92,br BRA,MF,it Serie A,21-119,2005,4,115,29,31.9,1.3,1,74,0,3,14,0,0.25,0,1,-1,-0.78,+1.05,77,br BRA,MF,it Serie A,21-119,2005,1.3,1,0,0,1,2,0,11,2,2,0
78,Mohamed Amoura,dz ALG,MF,Nice,fr Ligue 1,26.0,2000,2,1,111,1.2,0,0,0,0,0,0,0,0,0.00,,,,,,,,,,,,,,,,,,,,,,,,,78,dz ALG,MF,fr Ligue 1,26-128,2000,1.2,0,2,0,0.0,1.62,0.00,0.00,,0,0,95,dz ALG,MF,fr Ligue 1,26-128,2000,2,111,56,30.8,1.2,1,85,0,1,26,0,0.50,0,1,-1,-0.81,+0.27,78,dz ALG,MF,fr Ligue 1,26-128,2000,1.2,0,0,0,1,2,0,2,0,2,0
79,Ethan Ampadu,wls WAL,MF,Leeds United,eng Premier League,26.0,2000,3,3,270,3.0,0,0,0,0,0,0,0,0,0.00,,,,,,,,,,,,,,,,,,,,,,,,,79,wls WAL,MF,eng Premier League,26-000,2000,3.0,0,1,0,0.0,0.33,0.00,0.00,,0,0,96,wls WAL,MF,eng Premier League,26-000,2000,3,270,90,100.0,3.0,3,90,3,0,,0,1.67,3,2,+1,+0.33,,79,wls WAL,MF,eng Premier League,26-000,2000,3.0,0,0,0,4,2,0,2,6,4,0
80,Joachim Andersen,dk DEN,DF,Fulham,eng Premier League,30.0,1996,2,2,180,2.0,0,0,0,0,0,0,1,0,0.00,,,,,,,,,,,,,,,,,,,,,,,,,80,dk DEN,DF,eng Premier League,30-106,1996,2.0,0,0,0,,0.00,0.00,,,0,0,97,dk DEN,DF,eng Premier League,30-106,1996,2,180,90,50.0,2.0,2,90,2,0,,1,0.00,2,4,-2,-1.00,-0.50,80,dk DEN,DF,eng Premier League,30-106,1996,2.0,1,0,0,3,2,0,0,2,1,0
81,Elliot Anderson,eng ENG,MF,Manchester City,eng Premier League,23.0,2002,4,4,323,3.6,0,0,0,0,0,0,1,0,0.00,,,,,,,,,,,,,,,,,,,,,,,,,81,eng ENG,MF,eng Premier League,23-312,2002,3.6,0,3,1,33.3,0.84,0.28,0.00,0.00,0,0,98,eng ENG,MF,eng Premier League,23-312,2002,4,323,81,89.7,3.6,4,81,2,0,,0,3.00,5,2,+3,+0.84,-6.46,81,eng ENG,MF,eng Premier League,23-312,2002,3.6,1,0,0,5,10,0,14,9,6,0
82,Benjamin André,fr FRA,MF,Lille,fr Ligue 1,36.0,1990,3,2,155,1.7,0,0,0,0,0,0,1,0,0.00,,,,,,,,,,,,,,,,,,,,,,,,,82,fr FRA,MF,fr Ligue 1,36-042,1990,1.7,0,0,0,,0.00,0.00,,,0,0,99,fr FRA,MF,fr Ligue 1,36-042,1990,3,155,52,43.1,1.7,2,75,1,1,5,0,2.33,3,0,+3,+1.74,+0.86,82,fr FRA,MF,fr Ligue 1,36-042,1990,1.7,1,0,0,5,5,1,0,2,7,0
83,Robert Andrich,de GER,"DF,MF",Leverkusen,de Bundesliga,31.0,1994,1,0,20,0.2,0,0,0,0,0,0,0,0,0.00,,,,,,,,,,,,,,,,,,,,,,,,,83,de GER,"DF,MF",de Bundesliga,31-357,1994,0.2,0,0,0,,0.00,0.00,,,0,0,100,de GER,"DF,MF",de Bundesliga,31-357,1994,1,20,20,7.4,0.2,0,,0,1,20,2,3.00,0,0,0,0.00,-1.08,83,de GER,"DF,MF",de Bundesliga,31-357,1994,0.2,0,0,0,1,1,0,0,0,0,0
84,Miguel Ángel Sierra,es ESP,"MF,FW",Sevilla,es La Liga,22.0,2004,5,5,325,3.6,1,0,1,1,0,0,2,0,0.28,,,,,,,,,,,,,,,,,,,,,,,,,84,es ESP,"MF,FW",es La Liga,22-062,2004,3.6,1,8,3,37.5,2.22,0.83,0.13,0.33,0,0,103,es ESP,"MF,FW",es La Liga,22-062,2004,5,325,65,72.2,3.6,5,65,0,0,,0,2.00,3,4,-1,-0.28,-2.44,84,es ESP,"MF,FW",es La Liga,22-062,2004,3.6,2,0,0,5,8,1,10,1,3,0
85,Frank Anguissa,cm CMR,MF,Napoli,it Serie A,30.0,1995,3,3,235,2.6,0,0,0,0,0,0,0,0,0.00,,,,,,,,,,,,,,,,,,,,,,,,,85,cm CMR,MF,it Serie A,30-302,1995,2.6,0,5,1,20.0,1.91,0.38,0.00,0.00,0,0,105,cm CMR,MF,it Serie A,30-302,1995,3,235,78,65.3,2.6,3,78,1,0,,0,1.00,3,5,-2,-0.77,-2.93,85,cm CMR,MF,it Serie A,30-302,1995,2.6,0,0,0,2,3,2,0,1,2,0
86,Nilson Angulo,ec ECU,MF,Sunderland,eng Premier League,23.0,2003,4,4,254,2.8,1,0,1,1,0,0,1,0,0.35,,,,,,,,,,,,,,,,,,,,,,,,,86,ec ECU,MF,eng Premier League,23-087,2003,2.8,1,2,1,50.0,0.71,0.35,0.50,1.00,0,0,106,ec ECU,MF,eng Premier League,23-087,2003,4,254,64,70.6,2.8,4,64,0,0,,0,1.00,1,3,-2,-0.71,-0.71,86,ec ECU,MF,eng Premier League,23-087,2003,2.8,1,0,0,3,6,0,6,1,3,0
87,Andrés Antañón,es ESP,FW,Celta Vigo,es La Liga,19.0,2007,1,1,62,0.7,0,0,0,0,0,0,0,0,0.00,,,,,,,,,,,,,,,,,,,,,,,,,87,es ESP,FW,es La Liga,19-235,2007,0.7,0,1,0,0.0,1.45,0.00,0.00,,0,0,108,es ESP,FW,es La Liga,19-235,2007,1,62,62,11.5,0.7,1,62,0,0,,2,1.00,0,0,0,0.00,+0.56,87,es ESP,FW,es La Liga,19-235,2007,0.7,0,0,0,0,0,0,1,1,0,0
88,Jaidon Anthony,eng ENG,MF,Brentford,eng Premier League,26.0,1999,4,2,188,2.1,0,0,0,0,0,0,1,0,0.00,,,,,,,,,,,,,,,,,,,,,,,,,88,eng ENG,MF,eng Premier League,26-287,1999,2.1,0,4,0,0.0,1.91,0.00,0.00,,0,0,109,eng ENG,MF,eng Premier League,26-287,1999,4,188,47,52.2,2.1,2,60,0,2,35,0,1.50,4,3,+1,+0.48,-0.57,88,eng ENG,MF,eng Premier League,26-287,1999,2.1,1,0,0,5,0,1,8,0,3,0
89,Waldemar Anton,de GER,DF,Dortmund,de Bundesliga,30.0,1996,3,3,270,3.0,0,1,1,0,0,0,0,0,0.33,,,,,,,,,,,,,,,,,,,,,,,,,89,de GER,DF,de Bundesliga,30-056,1996,3.0,0,1,0,0.0,0.33,0.00,0.00,,0,0,110,de GER,DF,de Bundesliga,30-056,1996,3,270,90,100.0,3.0,3,90,3,0,,0,3.00,8,2,+6,+2.00,,89,de GER,DF,de Bundesliga,30-056,1996,3.0,0,0,0,1,2,0,1,13,2,0
90,Kyllian Antonio,fr FRA,DF,Lens,fr Ligue 1,18.0,2008,2,2,180,2.0,0,0,0,0,0,0,0,0,0.00,,,,,,,,,,,,,,,,,,,,,,,,,90,fr FRA,DF,fr Ligue 1,18-253,2008,2.0,0,1,0,0.0,0.50,0.00,0.00,,0,0,112,fr FRA,DF,fr Ligue 1,18-253,2008,2,180,90,50.0,2.0,2,90,2,0,,0,0.50,2,3,-1,-0.50,-1.50,90,fr FRA,DF,fr Ligue 1,18-253,2008,2.0,0,0,0,0,4,0,2,2,2,0
91,Antony,br BRA,MF,Real Betis,es La Liga,26.0,2000,4,4,346,3.8,0,0,0,0,0,0,0,0,0.00,,,,,,,,,,,,,,,,,,,,,,,,,91,br BRA,MF,es La Liga,26-202,2000,3.8,0,19,6,31.6,4.94,1.56,0.00,0.00,0,0,113,br BRA,MF,es La Liga,26-202,2000,4,346,87,96.1,3.8,4,87,3,0,,0,2.25,4,5,-1,-0.26,-6.69,91,br BRA,MF,es La Liga,26-202,2000,3.8,0,0,0,4,6,0,10,2,2,0
92,Genesis Antwi,se SWE,DF,Strasbourg,fr Ligue 1,19.0,2007,4,4,348,3.9,0,0,0,0,0,0,0,0,0.00,,,,,,,,,,,,,,,,,,,,,,,,,92,se SWE,DF,fr Ligue 1,19-126,2007,3.9,0,1,0,0.0,0.26,0.00,0.00,,0,0,115,se SWE,DF,fr Ligue 1,19-126,2007,4,348,87,96.7,3.9,4,87,3,0,,0,1.75,9,6,+3,+0.78,+15.78,92,se SWE,DF,fr Ligue 1,19-126,2007,3.9,0,0,0,3,0,0,8,4,7,0
93,Adil Aouchiche,dz ALG,MF,Schalke 04,de Bundesliga,24.0,2002,3,3,257,2.9,1,0,1,1,0,0,0,0,0.35,,,,,,,,,,,,,,,,,,,,,,,,,93,dz ALG,MF,de Bundesliga,24-061,2002,2.9,1,8,5,62.5,2.80,1.75,0.13,0.20,0,0,116,dz ALG,MF,de Bundesliga,24-061,2002,3,257,86,95.2,2.9,3,86,0,0,,0,1.33,2,2,0,0.00,+6.92,93,dz ALG,MF,de Bundesliga,24-061,2002,2.9,0,0,0,1,1,0,10,5,2,0
94,Jon Aramburu,ve VEN,DF,Real Sociedad,es La Liga,24.0,2002,6,6,506,5.6,0,0,0,0,0,0,3,0,0.00,,,,,,,,,,,,,,,,,,,,,,,,,94,ve VEN,DF,es La Liga,24-053,2002,5.6,0,4,2,50.0,0.71,0.36,0.00,0.00,0,0,117,ve VEN,DF,es La Liga,24-053,2002,6,506,84,93.7,5.6,6,84,5,0,,0,1.17,6,8,-2,-0.36,+7.59,94,ve VEN,DF,es La Liga,24-053,2002,5.6,3,0,0,24,12,0,9,15,15,0
95,Arana,es ESP,FW,Racing Sant,es La Liga,26.0,2000,2,0,4,0.0,0,0,0,0,0,0,0,0,0.00,,,,,,,,,,,,,,,,,,,,,,,,,95,es ESP,FW,es La Liga,26-218,2000,0.0,0,0,0,,0.00,0.00,,,0,0,118,es ESP,FW,es La Liga,26-218,2000,2,4,2,0.9,0.0,0,,0,2,2,3,0.00,0,0,0,0.00,0.00,95,es ESP,FW,es La Liga,26-218,2000,0.0,0,0,0,1,0,0,0,0,0,0
96,Ronald Araújo,uy URU,DF,Liverpool,eng Premier League,27.0,1999,4,2,196,2.2,0,0,0,0,0,0,1,0,0.00,,,,,,,,,,,,,,,,,,,,,,,,,96,uy URU,DF,eng Premier League,27-191,1999,2.2,0,0,0,,0.00,0.00,,,0,0,119,uy URU,DF,eng Premier League,27-191,1999,4,196,49,54.4,2.2,2,81,1,2,18,0,1.50,4,0,+4,+1.84,+2.93,96,uy URU,DF,eng Premier League,27-191,1999,2.2,1,0,0,2,0,0,5,1,1,0
97,Cameron Archer,eng ENG,FW,Auxerre,fr Ligue 1,25.0,2001,2,2,162,1.8,2,0,2,2,0,0,0,0,1.11,,,,,,,,,,,,,,,,,,,,,,,,,97,eng ENG,FW,fr Ligue 1,25-055,2001,1.8,2,5,3,60.0,2.78,1.67,0.40,0.67,0,0,120,eng ENG,FW,fr Ligue 1,25-055,2001,2,162,81,45.0,1.8,2,81,0,0,,0,1.50,2,3,-1,-0.56,+1.72,97,eng ENG,FW,fr Ligue 1,25-055,2001,1.8,0,0,0,5,1,0,1,1,0,0
98,Carlens Arcus,ht HAI,DF,Angers,fr Ligue 1,30.0,1996,4,3,251,2.8,1,0,1,1,0,0,0,0,0.36,,,,,,,,,,,,,,,,,,,,,,,,,98,ht HAI,DF,fr Ligue 1,30-078,1996,2.8,1,3,1,33.3,1.08,0.36,0.33,1.00,0,0,121,ht HAI,DF,fr Ligue 1,30-078,1996,4,251,63,69.7,2.8,3,82,0,1,6,0,1.00,4,3,+1,+0.36,+2.01,98,ht HAI,DF,fr Ligue 1,30-078,1996,2.8,0,0,0,2,0,0,10,4,2,0
99,Jesús Areso,es ESP,DF,Athletic Club,es La Liga,27.0,1999,4,4,296,3.3,0,0,0,0,0,0,0,0,0.00,,,,,,,,,,,,,,,,,,,,,,,,,99,es ESP,DF,es La Liga,27-074,1999,3.3,0,1,0,0.0,0.30,0.00,0.00,,0,0,123,es ESP,DF,es La Liga,27-074,1999,4,296,74,65.8,3.3,4,74,1,0,,1,1.75,5,4,+1,+0.30,+0.30,99,es ESP,DF,es La Liga,27-074,1999,3.3,0,0,0,3,3,0,11,6,5,0
100,Iñigo Arguibide,es ESP,DF,Osasuna,es La Liga,21.0,2005,5,5,402,4.5,0,0,0,0,0,0,0,0,0.00,,,,,,,,,,,,,,,,,,,,,,,,,100,es ESP,DF,es La Liga,21-148,2005,4.5,0,1,0,0.0,0.22,0.00,0.00,,0,0,124,es ESP,DF,es La Liga,21-148,2005,5,402,80,89.3,4.5,5,80,2,0,,0,1.40,5,7,-2,-0.45,+1.43,100,es ESP,DF,es La Liga,21-148,2005,4.5,0,0,0,5,4,3,19,2,7,0
101,Juan Arizala,co COL,MF,Udinese,it Serie A,20.0,2005,1,0,6,0.1,0,0,0,0,0,0,0,0,0.00,,,,,,,,,,,,,,,,,,,,,,,,,101,co COL,MF,it Serie A,20-339,2005,0.1,0,0,0,,0.00,0.00,,,0,0,125,co COL,MF,it Serie A,20-339,2005,1,6,6,2.2,0.1,0,,0,1,6,1,3.00,0,0,0,0.00,0.00,101,co COL,MF,it Serie A,20-339,2005,0.1,0,0,0,0,0,0,0,0,0,0
102,Harrison Armstrong,eng ENG,MF,Everton,eng Premier League,19.0,2007,4,4,355,3.9,0,1,1,0,0,0,1,0,0.25,,,,,,,,,,,,,,,,,,,,,,,,,102,eng ENG,MF,eng Premier League,19-238,2007,3.9,0,2,0,0.0,0.51,0.00,0.00,,0,0,126,eng ENG,MF,eng Premier League,19-238,2007,4,355,89,98.6,3.9,4,89,3,0,,0,1.50,4,3,+1,+0.25,-17.75,102,eng ENG,MF,eng Premier League,19-238,2007,3.9,1,0,0,7,2,0,1,4,4,0
103,Love Arrhov,se SWE,FW,Frankfurt,de Bundesliga,18.0,2008,1,0,12,0.1,0,0,0,0,0,0,0,0,0.00,,,,,,,,,,,,,,,,,,,,,,,,,103,se SWE,FW,de Bundesliga,18-120,2008,0.1,0,0,0,,0.00,0.00,,,0,0,127,se SWE,FW,de Bundesliga,18-120,2008,1,12,12,4.4,0.1,0,,0,1,12,1,1.00,0,1,-1,-7.50,-7.50,103,se SWE,FW,de Bundesliga,18-120,2008,0.1,0,0,0,0,0,0,0,0,0,0
104,Arthur,br BRA,DF,Werder Bremen,de Bundesliga,23.0,2003,2,2,146,1.6,0,0,0,0,0,0,0,0,0.00,,,,,,,,,,,,,,,,,,,,,,,,,104,br BRA,DF,de Bundesliga,23-181,2003,1.6,0,0,0,,0.00,0.00,,,0,0,129,br BRA,DF,de Bundesliga,23-181,2003,2,146,73,54.1,1.6,2,73,0,0,,0,2.00,2,1,+1,+0.62,+2.07,104,br BRA,DF,de Bundesliga,23-181,2003,1.6,0,0,0,0,3,0,2,2,3,0
105,Fisnik Asllani,xk KVX,FW,Hoffenheim,de Bundesliga,24.0,2002,1,0,9,0.1,0,0,0,0,0,0,0,0,0.00,,,,,,,,,,,,,,,,,,,,,,,,,105,xk KVX,FW,de Bundesliga,24-037,2002,0.1,0,1,1,100.0,10.00,10.00,0.00,0.00,0,0,132,xk KVX,FW,de Bundesliga,24-037,2002,1,9,9,3.3,0.1,0,,0,1,9,0,3.00,0,0,0,0.00,+0.34,105,xk KVX,FW,de Bundesliga,24-037,2002,0.1,0,0,0,1,1,0,0,0,0,0
106,Jonathan Asp Jensen,dk DEN,MF,Dep. A Coruña,es La Liga,20.0,2006,3,2,128,1.4,0,0,0,0,0,0,0,0,0.00,,,,,,,,,,,,,,,,,,,,,,,,,106,dk DEN,MF,es La Liga,20-243,2006,1.4,0,3,2,66.7,2.11,1.41,0.00,0.00,0,0,133,dk DEN,MF,es La Liga,20-243,2006,3,128,43,28.4,1.4,2,60,0,1,8,2,1.67,2,1,+1,+0.70,+0.14,106,dk DEN,MF,es La Liga,20-243,2006,1.4,0,0,0,2,1,0,1,0,2,0
107,Iago Aspas,es ESP,FW,Celta Vigo,es La Liga,39.0,1987,6,2,221,2.5,1,0,1,1,0,0,0,0,0.41,,,,,,,,,,,,,,,,,,,,,,,,,107,es ESP,FW,es La Liga,39-044,1987,2.5,1,6,2,33.3,2.44,0.81,0.17,0.50,0,0,134,es ESP,FW,es La Liga,39-044,1987,6,221,37,40.9,2.5,2,57,0,4,27,0,0.67,2,1,+1,+0.41,+1.54,107,es ESP,FW,es La Liga,39-044,1987,2.5,0,0,0,0,3,1,1,0,1,0
108,Otavio Ataide,br BRA,DF,Paris FC,fr Ligue 1,24.0,2002,2,2,172,1.9,0,0,0,0,0,0,1,0,0.00,,,,,,,,,,,,,,,,,,,,,,,,,108,br BRA,DF,fr Ligue 1,24-146,2002,1.9,0,1,0,0.0,0.52,0.00,0.00,,0,0,135,br BRA,DF,fr Ligue 1,24-146,2002,2,172,86,47.8,1.9,2,86,1,0,,0,2.00,2,0,+2,+1.05,+0.09,108,br BRA,DF,fr Ligue 1,24-146,2002,1.9,1,0,0,2,1,0,0,3,4,0
109,Zachary Athekame,ch SUI,DF,Lyon,fr Ligue 1,21.0,2004,4,4,360,4.0,1,1,2,1,0,0,0,0,0.50,,,,,,,,,,,,,,,,,,,,,,,,,109,ch SUI,DF,fr Ligue 1,21-275,2004,4.0,1,2,1,50.0,0.50,0.25,0.50,1.00,0,0,136,ch SUI,DF,fr Ligue 1,21-275,2004,4,360,90,100.0,4.0,4,90,4,0,,0,2.00,6,2,+4,+1.00,,109,ch SUI,DF,fr Ligue 1,21-275,2004,4.0,0,0,0,5,5,0,21,2,5,0
110,Arthur Atta,fr FRA,MF,Fiorentina,it Serie A,23.0,2003,4,3,267,3.0,0,0,0,0,0,0,0,0,0.00,,,,,,,,,,,,,,,,,,,,,,,,,110,fr FRA,MF,it Serie A,23-243,2003,3.0,0,9,3,33.3,3.03,1.01,0.00,0.00,0,0,137,fr FRA,MF,it Serie A,23-243,2003,4,267,67,74.2,3.0,3,74,1,1,45,0,0.75,3,9,-6,-2.02,-2.02,110,fr FRA,MF,it Serie A,23-243,2003,3.0,0,0,0,1,1,1,3,3,1,0
111,Noah Atubolu,de GER,GK,Frankfurt,de Bundesliga,24.0,2002,3,3,270,3.0,0,0,0,0,0,0,0,0,0.00,3,de GER,GK,de Bundesliga,24-112,2002,3,3,270,3.0,8,2.67,23,15,65.2,1,1,1,0,0.0,1,0,1,0,111,de GER,GK,de Bundesliga,24-112,2002,3.0,0,0,0,,0.00,0.00,,,0,0,138,de GER,GK,de Bundesliga,24-112,2002,3,270,90,100.0,3.0,3,90,3,0,,0,1.33,7,8,-1,-0.33,,111,de GER,GK,de Bundesliga,24-112,2002,3.0,0,0,0,0,1,0,0,0,0,0
112,Pierre-Emerick Aubameyang,ga GAB,FW,Dep. A Coruña,es La Liga,37.0,1989,5,5,444,4.9,5,2,7,5,0,0,0,0,1.42,,,,,,,,,,,,,,,,,,,,,,,,,112,ga GAB,FW,es La Liga,37-088,1989,4.9,5,14,9,64.3,2.84,1.82,0.36,0.56,0,0,139,ga GAB,FW,es La Liga,37-088,1989,5,444,89,98.7,4.9,5,89,4,0,,0,1.80,9,6,+3,+0.61,+0.61,112,ga GAB,FW,es La Liga,37-088,1989,4.9,0,0,0,2,2,1,7,2,2,0
113,Emil Audero,id IDN,GK,Rayo Vallecano,es La Liga,29.0,1997,1,1,90,1.0,0,0,0,0,0,0,0,0,0.00,4,id IDN,GK,es La Liga,29-239,1997,1,1,90,1.0,4,4.00,11,7,63.6,0,0,1,0,0.0,1,1,0,0,113,id IDN,GK,es La Liga,29-239,1997,1.0,0,0,0,,0.00,0.00,,,0,0,141,id IDN,GK,es La Liga,29-239,1997,1,90,90,20.0,1.0,1,90,1,0,,1,0.00,1,4,-3,-3.00,-2.25,113,id IDN,GK,es La Liga,29-239,1997,1.0,0,0,0,0,0,0,0,0,0,0
114,Carlos Augusto,br BRA,"DF,MF",Inter,it Serie A,27.0,1999,1,0,29,0.3,0,1,1,0,0,0,0,0,3.10,,,,,,,,,,,,,,,,,,,,,,,,,114,br BRA,"DF,MF",it Serie A,27-250,1999,0.3,0,0,0,,0.00,0.00,,,0,0,142,br BRA,"DF,MF",it Serie A,27-250,1999,1,29,29,10.7,0.3,0,,0,1,29,2,3.00,2,0,+2,+6.21,+5.09,114,br BRA,"DF,MF",it Serie A,27-250,1999,0.3,0,0,0,0,0,0,4,0,0,0
115,Yann Aurel Bisseck,de GER,DF,Inter,it Serie A,25.0,2000,3,2,190,2.1,1,0,1,1,0,0,0,0,0.47,,,,,,,,,,,,,,,,,,,,,,,,,115,de GER,DF,it Serie A,25-289,2000,2.1,1,3,1,33.3,1.42,0.47,0.33,1.00,0,0,143,de GER,DF,it Serie A,25-289,2000,3,190,63,70.4,2.1,2,90,2,1,10,0,3.00,7,3,+4,+1.89,+0.77,115,de GER,DF,it Serie A,25-289,2000,2.1,0,0,0,0,0,0,3,4,3,0
116,Giuseppe Aurelio,it ITA,MF,Cagliari,it Serie A,26.0,2000,1,0,4,0.0,0,0,0,0,0,0,0,0,0.00,,,,,,,,,,,,,,,,,,,,,,,,,116,it ITA,MF,it Serie A,26-176,2000,0.0,0,0,0,,0.00,0.00,,,0,0,144,it ITA,MF,it Serie A,26-176,2000,1,4,4,1.1,0.0,0,,0,1,4,3,3.00,0,0,0,0.00,-0.51,116,it ITA,MF,it Serie A,26-176,2000,0.0,0,0,0,1,0,0,0,0,0,0
117,Leon Avdullahu,xk KVX,MF,Hoffenheim,de Bundesliga,22.0,2004,3,3,270,3.0,1,0,1,1,0,0,0,0,0.33,,,,,,,,,,,,,,,,,,,,,,,,,117,xk KVX,MF,de Bundesliga,22-203,2004,3.0,1,3,1,33.3,1.00,0.33,0.33,1.00,0,0,145,xk KVX,MF,de Bundesliga,22-203,2004,3,270,90,100.0,3.0,3,90,3,0,,0,1.00,6,7,-1,-0.33,,117,xk KVX,MF,de Bundesliga,22-203,2004,3.0,0,0,0,2,1,0,0,7,5,0
118,Arthur Avom,cm CMR,MF,Lorient,fr Ligue 1,21.0,2004,4,2,226,2.5,0,0,0,0,0,0,0,0,0.00,,,,,,,,,,,,,,,,,,,,,,,,,118,cm CMR,MF,fr Ligue 1,21-273,2004,2.5,0,4,0,0.0,1.59,0.00,0.00,,0,0,146,cm CMR,MF,fr Ligue 1,21-273,2004,4,226,57,62.8,2.5,2,90,2,2,23,0,1.25,1,2,-1,-0.40,-1.07,118,cm CMR,MF,fr Ligue 1,21-273,2004,2.5,0,0,0,1,3,0,4,5,3,0
119,Taiwo Awoniyi,ng NGA,FW,Coventry City,eng Premier League,29.0,1997,4,3,233,2.6,0,0,0,0,0,0,0,1,0.00,,,,,,,,,,,,,,,,,,,,,,,,,119,ng NGA,FW,eng Premier League,29-033,1997,2.6,0,6,2,33.3,2.32,0.77,0.00,0.00,0,0,147,ng NGA,FW,eng Premier League,29-033,1997,4,233,58,64.7,2.6,3,71,1,1,21,0,0.00,0,4,-4,-1.55,+2.71,119,ng NGA,FW,eng Premier League,29-033,1997,2.6,0,1,0,3,2,3,0,1,1,0
120,Yasin Ayari,se SWE,MF,Brighton,eng Premier League,22.0,2003,3,3,243,2.7,1,0,1,1,0,0,1,0,0.37,,,,,,,,,,,,,,,,,,,,,,,,,120,se SWE,MF,eng Premier League,22-343,2003,2.7,1,8,3,37.5,2.96,1.11,0.13,0.33,0,0,148,se SWE,MF,eng Premier League,22-343,2003,3,243,81,67.5,2.7,3,81,2,0,,0,2.33,10,1,+9,+3.33,+4.10,120,se SWE,MF,eng Premier League,22-343,2003,2.7,1,0,0,2,3,0,0,0,1,0
121,Mertcan Ayhan,tr TUR,DF,Schalke 04,de Bundesliga,20.0,2006,2,0,31,0.3,0,0,0,0,0,0,0,0,0.00,,,,,,,,,,,,,,,,,,,,,,,,,121,tr TUR,DF,de Bundesliga,20-006,2006,0.3,0,0,0,,0.00,0.00,,,0,0,149,tr TUR,DF,de Bundesliga,20-006,2006,2,31,16,11.5,0.3,0,,0,2,16,1,0.50,0,1,-1,-2.90,-2.90,121,tr TUR,DF,de Bundesliga,20-006,2006,0.3,0,0,0,0,0,0,0,0,2,0
122,Neil El Aynaoui,ma MAR,MF,RB Leipzig,de Bundesliga,25.0,2001,2,2,164,1.8,0,0,0,0,0,0,0,0,0.00,,,,,,,,,,,,,,,,,,,,,,,,,122,ma MAR,MF,de Bundesliga,25-074,2001,1.8,0,4,0,0.0,2.20,0.00,0.00,,0,0,150,ma MAR,MF,de Bundesliga,25-074,2001,2,164,82,60.7,1.8,2,82,1,0,,0,1.50,5,2,+3,+1.65,-0.90,122,ma MAR,MF,de Bundesliga,25-074,2001,1.8,0,0,0,1,1,0,2,3,2,0
123,Neil El Aynaoui,ma MAR,MF,Roma,it Serie A,25.0,2001,1,0,12,0.1,0,0,0,0,0,0,0,0,0.00,,,,,,,,,,,,,,,,,,,,,,,,,123,ma MAR,MF,it Serie A,25-074,2001,0.1,0,0,0,,0.00,0.00,,,0,0,151,ma MAR,MF,it Serie A,25-074,2001,1,12,12,4.4,0.1,0,,0,1,12,0,3.00,1,0,+1,+7.50,+4.71,123,ma MAR,MF,it Serie A,25-074,2001,0.1,0,0,0,0,0,0,0,0,0,0
124,Ilyas Azizi,fr FRA,MF,Toulouse,fr Ligue 1,18.0,2008,3,2,176,2.0,0,0,0,0,0,0,0,0,0.00,,,,,,,,,,,,,,,,,,,,,,,,,124,fr FRA,MF,fr Ligue 1,18-151,2008,2.0,0,4,1,25.0,2.05,0.51,0.00,0.00,0,0,152,fr FRA,MF,fr Ligue 1,18-151,2008,3,176,59,48.9,2.0,2,78,1,1,20,1,0.33,1,4,-3,-1.53,-1.53,124,fr FRA,MF,fr Ligue 1,18-151,2008,2.0,0,0,0,6,4,0,2,0,2,0
125,Ivan Azón,es ESP,FW,Getafe,es La Liga,23.0,2002,2,1,93,1.0,0,1,1,0,0,0,1,0,0.97,,,,,,,,,,,,,,,,,,,,,,,,,125,es ESP,FW,es La Liga,23-264,2002,1.0,0,1,0,0.0,0.97,0.00,0.00,,0,0,155,es ESP,FW,es La Liga,23-264,2002,2,93,47,20.7,1.0,1,75,0,1,18,0,1.00,1,0,+1,+0.97,+1.98,125,es ESP,FW,es La Liga,23-264,2002,1.0,1,0,0,2,2,1,2,1,0,0
126,Oussama El Azzouzi,ma MAR,MF,Bologna,it Serie A,25.0,2001,1,1,78,0.9,0,0,0,0,0,0,1,0,0.00,,,,,,,,,,,,,,,,,,,,,,,,,126,ma MAR,MF,it Serie A,25-108,2001,0.9,0,0,0,,0.00,0.00,,,0,0,157,ma MAR,MF,it Serie A,25-108,2001,1,78,78,21.7,0.9,1,78,0,0,,0,0.00,0,1,-1,-1.15,-0.52,126,ma MAR,MF,it Serie A,25-108,2001,0.9,1,0,0,1,2,0,0,1,1,0
127,Tom Baack,de GER,"DF,MF",Paderborn 07,de Bundesliga,27.0,1999,1,0,16,0.2,0,0,0,0,0,0,0,0,0.00,,,,,,,,,,,,,,,,,,,,,,,,,127,de GER,"DF,MF",de Bundesliga,27-185,1999,0.2,0,0,0,,0.00,0.00,,,0,0,158,de GER,"DF,MF",de Bundesliga,27-185,1999,1,16,16,5.9,0.2,0,,0,1,16,2,1.00,0,0,0,0.00,+1.42,127,de GER,"DF,MF",de Bundesliga,27-185,1999,0.2,0,0,0,0,0,0,0,0,1,0
128,Felix Bacher,at AUT,DF,Lyon,fr Ligue 1,25.0,2000,4,4,355,3.9,1,0,1,1,0,0,1,0,0.25,,,,,,,,,,,,,,,,,,,,,,,,,128,at AUT,DF,fr Ligue 1,25-324,2000,3.9,1,3,2,66.7,0.76,0.51,0.33,0.50,0,0,159,at AUT,DF,fr Ligue 1,25-324,2000,4,355,89,98.6,3.9,4,89,3,0,,0,2.00,6,2,+4,+1.01,+1.01,128,at AUT,DF,fr Ligue 1,25-324,2000,3.9,1,0,0,3,2,1,1,0,2,0
129,Janik Bachmann,de GER,MF,Schalke 04,de Bundesliga,30.0,1996,1,0,1,0.0,0,0,0,0,0,0,0,0,0.00,,,,,,,,,,,,,,,,,,,,,,,,,129,de GER,MF,de Bundesliga,30-131,1996,0.0,0,0,0,,0.00,0.00,,,0,0,160,de GER,MF,de Bundesliga,30-131,1996,1,1,1,0.4,0.0,0,,0,1,1,2,3.00,1,1,0,0.00,+0.33,129,de GER,MF,de Bundesliga,30-131,1996,0.0,0,0,0,0,0,0,0,0,0,0
130,Mio Backhaus,de GER,GK,Freiburg,de Bundesliga,22.0,2004,3,3,270,3.0,0,0,0,0,0,0,0,0,0.00,5,de GER,GK,de Bundesliga,22-151,2004,3,3,270,3.0,1,0.33,6,5,83.3,3,0,0,2,66.7,0,0,0,0,130,de GER,GK,de Bundesliga,22-151,2004,3.0,0,0,0,,0.00,0.00,,,0,0,161,de GER,GK,de Bundesliga,22-151,2004,3,270,90,100.0,3.0,3,90,3,0,,0,3.00,10,1,+9,+3.00,,130,de GER,GK,de Bundesliga,22-151,2004,3.0,0,0,0,0,0,0,0,0,0,0
131,Loïc Bade,fr FRA,DF,Leverkusen,de Bundesliga,26.0,2000,2,1,74,0.8,0,0,0,0,0,0,0,0,0.00,,,,,,,,,,,,,,,,,,,,,,,,,131,fr FRA,DF,de Bundesliga,26-156,2000,0.8,0,1,0,0.0,1.22,0.00,0.00,,0,0,162,fr FRA,DF,de Bundesliga,26-156,2000,2,74,37,27.4,0.8,1,54,0,1,20,1,1.50,0,3,-3,-3.65,-6.40,131,fr FRA,DF,de Bundesliga,26-156,2000,0.8,0,0,0,2,1,0,0,4,3,0
132,Benoît Badiashile,fr FRA,DF,Napoli,it Serie A,25.0,2001,1,0,11,0.1,0,0,0,0,0,0,0,0,0.00,,,,,,,,,,,,,,,,,,,,,,,,,132,fr FRA,DF,it Serie A,25-172,2001,0.1,0,0,0,,0.00,0.00,,,0,0,163,fr FRA,DF,it Serie A,25-172,2001,1,11,11,3.1,0.1,0,,0,1,11,1,0.00,0,2,-2,-16.36,-17.14,132,fr FRA,DF,it Serie A,25-172,2001,0.1,0,0,0,0,0,0,0,0,0,0
133,Álex Baena,es ESP,"FW,MF",Atlético Madrid,es La Liga,25.0,2001,5,3,296,3.3,3,1,4,3,0,0,1,0,1.22,,,,,,,,,,,,,,,,,,,,,,,,,133,es ESP,"FW,MF",es La Liga,25-056,2001,3.3,3,9,4,44.4,2.74,1.22,0.33,0.75,0,0,164,es ESP,"FW,MF",es La Liga,25-056,2001,5,296,59,65.8,3.3,3,72,0,2,40,0,2.00,7,5,+2,+0.61,-0.56,133,es ESP,"FW,MF",es La Liga,25-056,2001,3.3,1,0,0,7,5,2,11,6,0,0
134,Theo Bair,ca CAN,FW,Auxerre,fr Ligue 1,27.0,1999,1,0,20,0.2,0,0,0,0,0,0,0,0,0.00,,,,,,,,,,,,,,,,,,,,,,,,,134,ca CAN,FW,fr Ligue 1,27-018,1999,0.2,0,1,0,0.0,4.50,0.00,0.00,,0,0,165,ca CAN,FW,fr Ligue 1,27-018,1999,1,20,20,5.6,0.2,0,,0,1,20,0,0.00,0,1,-1,-4.50,-3.18,134,ca CAN,FW,fr Ligue 1,27-018,1999,0.2,0,0,0,0,0,0,0,0,0,0
135,Johan Bakayoko,be BEL,FW,RB Leipzig,de Bundesliga,23.0,2003,2,1,80,0.9,0,0,0,0,0,0,0,0,0.00,,,,,,,,,,,,,,,,,,,,,,,,,135,be BEL,FW,de Bundesliga,23-147,2003,0.9,0,2,0,0.0,2.25,0.00,0.00,,0,0,166,be BEL,FW,de Bundesliga,23-147,2003,2,80,40,29.6,0.9,1,62,0,1,18,0,1.50,0,1,-1,-1.13,-4.44,135,be BEL,FW,de Bundesliga,23-147,2003,0.9,0,0,0,0,0,0,2,0,1,0
136,Darryl Bakola,fr FRA,MF,Sassuolo,it Serie A,18.0,2007,3,2,216,2.4,0,1,1,0,0,0,0,0,0.42,,,,,,,,,,,,,,,,,,,,,,,,,136,fr FRA,MF,it Serie A,18-288,2007,2.4,0,1,0,0.0,0.42,0.00,0.00,,0,0,167,fr FRA,MF,it Serie A,18-288,2007,3,216,72,60.0,2.4,2,90,2,1,36,0,2.00,6,5,+1,+0.42,+0.42,136,fr FRA,MF,it Serie A,18-288,2007,2.4,0,0,0,2,4,0,4,1,3,0
137,Adam Bakoune,it ITA,MF,Monza,it Serie A,20.0,2006,3,1,124,1.4,0,0,0,0,0,0,0,0,0.00,,,,,,,,,,,,,,,,,,,,,,,,,137,it ITA,MF,it Serie A,20-220,2006,1.4,0,1,0,0.0,0.73,0.00,0.00,,0,0,168,it ITA,MF,it Serie A,20-220,2006,3,124,41,34.4,1.4,1,69,0,2,28,1,0.33,2,4,-2,-1.45,-0.31,137,it ITA,MF,it Serie A,20-220,2006,1.4,0,0,0,3,2,0,3,5,1,0
138,Ridle Baku,de GER,DF,RB Leipzig,de Bundesliga,28.0,1998,3,2,179,2.0,2,0,2,2,0,0,0,0,1.01,,,,,,,,,,,,,,,,,,,,,,,,,138,de GER,DF,de Bundesliga,28-159,1998,2.0,2,5,2,40.0,2.51,1.01,0.40,1.00,0,0,169,de GER,DF,de Bundesliga,28-159,1998,3,179,60,66.3,2.0,2,81,1,1,17,0,2.00,5,3,+2,+1.01,-2.95,138,de GER,DF,de Bundesliga,28-159,1998,2.0,0,0,0,0,2,0,8,1,1,0
139,Dilane Bakwa,fr FRA,MF,Lille,fr Ligue 1,24.0,2002,3,1,138,1.5,1,1,2,1,0,0,0,0,1.30,,,,,,,,,,,,,,,,,,,,,,,,,139,fr FRA,MF,fr Ligue 1,24-019,2002,1.5,1,4,1,25.0,2.61,0.65,0.25,1.00,0,0,170,fr FRA,MF,fr Ligue 1,24-019,2002,3,138,46,38.3,1.5,1,70,0,2,34,0,2.33,3,2,+1,+0.65,-0.97,139,fr FRA,MF,fr Ligue 1,24-019,2002,1.5,0,0,0,2,2,0,3,2,2,0
140,Tommaso Baldanzi,it ITA,MF,Genoa,it Serie A,23.0,2003,4,4,252,2.8,0,0,0,0,0,0,0,0,0.00,,,,,,,,,,,,,,,,,,,,,,,,,140,it ITA,MF,it Serie A,23-175,2003,2.8,0,9,1,11.1,3.21,0.36,0.00,0.00,0,0,171,it ITA,MF,it Serie A,23-175,2003,4,252,63,70.0,2.8,4,63,0,0,,0,0.25,1,5,-4,-1.43,+0.24,140,it ITA,MF,it Serie A,23-175,2003,2.8,0,0,0,2,0,0,2,1,1,0
141,Fabio Baldé,pt POR,MF,Strasbourg,fr Ligue 1,21.0,2005,2,0,13,0.1,0,0,0,0,0,0,0,0,0.00,,,,,,,,,,,,,,,,,,,,,,,,,141,pt POR,MF,fr Ligue 1,21-056,2005,0.1,0,0,0,,0.00,0.00,,,0,0,173,pt POR,MF,fr Ligue 1,21-056,2005,2,13,7,3.6,0.1,0,,0,2,7,0,1.50,0,2,-2,-13.85,-14.62,141,pt POR,MF,fr Ligue 1,21-056,2005,0.1,0,0,0,0,0,1,1,0,0,0
142,Ibrahima Baldé,fr FRA,FW,Lorient,fr Ligue 1,23.0,2003,2,1,92,1.0,1,0,1,1,0,0,0,0,0.98,,,,,,,,,,,,,,,,,,,,,,,,,142,fr FRA,FW,fr Ligue 1,23-240,2003,1.0,1,2,1,50.0,1.96,0.98,0.50,1.00,0,0,174,fr FRA,FW,fr Ligue 1,23-240,2003,2,92,46,25.6,1.0,1,68,0,1,24,0,2.00,2,2,0,0.00,0.00,142,fr FRA,FW,fr Ligue 1,23-240,2003,1.0,0,0,0,2,1,0,0,1,0,0
143,Leonardo Balerdi,ar ARG,DF,Roma,it Serie A,27.0,1999,1,0,24,0.3,0,0,0,0,0,0,0,0,0.00,,,,,,,,,,,,,,,,,,,,,,,,,143,ar ARG,DF,it Serie A,27-231,1999,0.3,0,0,0,,0.00,0.00,,,0,0,175,ar ARG,DF,it Serie A,27-231,1999,1,24,24,8.9,0.3,0,,0,1,24,1,3.00,2,0,+2,+7.50,+4.94,143,ar ARG,DF,it Serie A,27-231,1999,0.3,0,0,0,0,0,0,0,2,0,0
144,Daniel Ballard,nir NIR,DF,Sunderland,eng Premier League,26.0,1999,4,4,360,4.0,0,0,0,0,0,0,2,0,0.00,,,,,,,,,,,,,,,,,,,,,,,,,144,nir NIR,DF,eng Premier League,26-357,1999,4.0,0,3,0,0.0,0.75,0.00,0.00,,0,0,177,nir NIR,DF,eng Premier League,26-357,1999,4,360,90,100.0,4.0,4,90,4,0,,0,1.00,3,5,-2,-0.50,,144,nir NIR,DF,eng Premier League,26-357,1999,4.0,2,0,0,6,6,0,0,2,3,0
145,Iván Balliu,al ALB,DF,Rayo Vallecano,es La Liga,34.0,1992,4,2,202,2.2,0,0,0,0,0,0,0,0,0.00,,,,,,,,,,,,,,,,,,,,,,,,,145,al ALB,DF,es La Liga,34-256,1992,2.2,0,0,0,,0.00,0.00,,,0,0,178,al ALB,DF,es La Liga,34-256,1992,4,202,51,44.9,2.2,2,90,2,2,11,1,0.75,3,8,-5,-2.23,-1.86,145,al ALB,DF,es La Liga,34-256,1992,2.2,0,0,0,2,3,1,2,2,3,0
146,Aladji Bamba,fr FRA,MF,Newcastle,eng Premier League,20.0,2006,1,0,15,0.2,0,0,0,0,0,0,0,0,0.00,,,,,,,,,,,,,,,,,,,,,,,,,146,fr FRA,MF,eng Premier League,20-062,2006,0.2,0,0,0,,0.00,0.00,,,0,0,179,fr FRA,MF,eng Premier League,20-062,2006,1,15,15,5.6,0.2,0,,0,1,15,2,1.00,0,1,-1,-6.00,-7.06,146,fr FRA,MF,eng Premier League,20-062,2006,0.2,0,0,0,0,0,0,0,0,1,0
147,Rayan Bamba,fr FRA,"MF,DF",Le Mans,fr Ligue 1,22.0,2004,3,3,270,3.0,0,0,0,0,0,0,0,0,0.00,,,,,,,,,,,,,,,,,,,,,,,,,147,fr FRA,"MF,DF",fr Ligue 1,22-153,2004,3.0,0,1,0,0.0,0.33,0.00,0.00,,0,0,180,fr FRA,"MF,DF",fr Ligue 1,22-153,2004,3,270,90,75.0,3.0,3,90,3,0,,0,1.00,5,5,0,0.00,+1.00,147,fr FRA,"MF,DF",fr Ligue 1,22-153,2004,3.0,0,0,0,3,0,1,11,5,6,0
148,Noahkai Banks,us USA,DF,Augsburg,de Bundesliga,19.0,2006,3,3,270,3.0,0,0,0,0,0,0,2,0,0.00,,,,,,,,,,,,,,,,,,,,,,,,,148,us USA,DF,de Bundesliga,19-287,2006,3.0,0,2,0,0.0,0.67,0.00,0.00,,0,0,181,us USA,DF,de Bundesliga,19-287,2006,3,270,90,100.0,3.0,3,90,3,0,,0,2.33,9,3,+6,+2.00,,148,us USA,DF,de Bundesliga,19-287,2006,3.0,2,0,0,6,2,0,2,5,4,0
149,Ezechiel Banzuzi,nl NED,MF,RB Leipzig,de Bundesliga,21.0,2005,3,3,262,2.9,0,1,1,0,0,0,0,0,0.34,,,,,,,,,,,,,,,,,,,,,,,,,149,nl NED,MF,de Bundesliga,21-210,2005,2.9,0,4,1,25.0,1.37,0.34,0.00,0.00,0,0,182,nl NED,MF,de Bundesliga,21-210,2005,3,262,87,97.0,2.9,3,87,2,0,,0,2.00,9,3,+6,+2.06,+2.06,149,nl NED,MF,de Bundesliga,21-210,2005,2.9,0,0,0,7,5,0,1,0,4,0
150,Valentín Barco,ar ARG,"DF,MF",Chelsea,eng Premier League,22.0,2004,2,0,31,0.3,0,0,0,0,0,0,1,0,0.00,,,,,,,,,,,,,,,,,,,,,,,,,150,ar ARG,"DF,MF",eng Premier League,22-053,2004,0.3,0,1,0,0.0,2.90,0.00,0.00,,0,0,183,ar ARG,"DF,MF",eng Premier League,22-053,2004,2,31,16,8.6,0.3,0,,0,2,16,2,2.00,0,1,-1,-2.90,-3.45,150,ar ARG,"DF,MF",eng Premier League,22-053,2004,0.3,1,0,0,2,2,0,2,2,0,0
151,Bradley Barcola,fr FRA,MF,Liverpool,eng Premier League,24.0,2002,2,1,98,1.1,0,0,0,0,0,0,0,0,0.00,,,,,,,,,,,,,,,,,,,,,,,,,151,fr FRA,MF,eng Premier League,24-012,2002,1.1,0,1,0,0.0,0.92,0.00,0.00,,0,0,184,fr FRA,MF,eng Premier League,24-012,2002,2,98,49,27.2,1.1,1,71,0,1,27,0,2.00,0,0,0,0.00,-0.69,151,fr FRA,MF,eng Premier League,24-012,2002,1.1,0,0,0,0,0,0,2,0,3,0
152,Melvin Bard,fr FRA,MF,Nice,fr Ligue 1,25.0,2000,2,2,171,1.9,0,0,0,0,0,0,0,0,0.00,,,,,,,,,,,,,,,,,,,,,,,,,152,fr FRA,MF,fr Ligue 1,25-312,2000,1.9,0,1,0,0.0,0.53,0.00,0.00,,0,0,185,fr FRA,MF,fr Ligue 1,25-312,2000,2,171,86,47.5,1.9,2,86,1,0,,0,0.50,0,2,-2,-1.05,-0.10,152,fr FRA,MF,fr Ligue 1,25-312,2000,1.9,0,0,0,1,2,1,5,1,1,0
153,Enzo Bardeli,fr FRA,MF,Levante,es La Liga,25.0,2001,5,3,307,3.4,1,1,2,1,0,0,0,0,0.59,,,,,,,,,,,,,,,,,,,,,,,,,153,fr FRA,MF,es La Liga,25-156,2001,3.4,1,2,1,50.0,0.59,0.29,0.50,1.00,0,0,187,fr FRA,MF,es La Liga,25-156,2001,5,307,61,68.2,3.4,3,77,1,2,39,0,1.00,5,4,+1,+0.29,+2.18,153,fr FRA,MF,es La Liga,25-156,2001,3.4,0,0,0,6,2,2,13,4,5,0
154,Nicolò Barella,it ITA,MF,Inter,it Serie A,29.0,1997,3,3,270,3.0,0,1,1,0,0,0,0,0,0.33,,,,,,,,,,,,,,,,,,,,,,,,,154,it ITA,MF,it Serie A,29-219,1997,3.0,0,5,3,60.0,1.67,1.00,0.00,0.00,0,0,188,it ITA,MF,it Serie A,29-219,1997,3,270,90,100.0,3.0,3,90,3,0,,0,3.00,8,3,+5,+1.67,,154,it ITA,MF,it Serie A,29-219,1997,3.0,0,0,0,3,2,0,8,1,2,0
155,Kike Barja,es ESP,MF,Osasuna,es La Liga,29.0,1997,4,2,150,1.7,1,0,1,1,0,0,3,0,0.60,,,,,,,,,,,,,,,,,,,,,,,,,155,es ESP,MF,es La Liga,29-166,1997,1.7,1,3,1,33.3,1.80,0.60,0.33,1.00,0,0,189,es ESP,MF,es La Liga,29-166,1997,4,150,38,33.3,1.7,2,66,0,2,9,1,1.75,2,3,-1,-0.60,0.00,155,es ESP,MF,es La Liga,29-166,1997,1.7,3,0,0,4,3,1,12,0,2,0
156,Ross Barkley,eng ENG,MF,Aston Villa,eng Premier League,32.0,1993,4,4,302,3.4,0,0,0,0,0,0,0,0,0.00,,,,,,,,,,,,,,,,,,,,,,,,,156,eng ENG,MF,eng Premier League,32-283,1993,3.4,0,7,1,14.3,2.09,0.30,0.00,0.00,0,0,190,eng ENG,MF,eng Premier League,32-283,1993,4,302,76,83.9,3.4,4,76,1,0,,0,0.25,0,6,-6,-1.79,-1.79,156,eng ENG,MF,eng Premier League,32-283,1993,3.4,0,0,0,3,4,0,0,0,5,0
157,Harvey Barnes,eng ENG,MF,Newcastle,eng Premier League,28.0,1997,3,3,269,3.0,1,0,1,1,0,0,0,0,0.33,,,,,,,,,,,,,,,,,,,,,,,,,157,eng ENG,MF,eng Premier League,28-279,1997,3.0,1,4,1,25.0,1.34,0.33,0.25,1.00,0,0,191,eng ENG,MF,eng Premier League,28-279,1997,3,269,90,99.6,3.0,3,90,2,0,,0,1.67,6,4,+2,+0.67,+0.67,157,eng ENG,MF,eng Premier League,28-279,1997,3.0,0,0,0,4,8,0,6,2,1,0
158,Ander Barrenetxea,es ESP,MF,Real Sociedad,es La Liga,24.0,2001,5,4,285,3.2,1,0,1,1,0,0,0,0,0.32,,,,,,,,,,,,,,,,,,,,,,,,,158,es ESP,MF,es La Liga,24-261,2001,3.2,1,6,1,16.7,1.89,0.32,0.17,1.00,0,0,192,es ESP,MF,es La Liga,24-261,2001,5,285,57,52.8,3.2,4,65,0,1,25,1,0.80,2,3,-1,-0.32,+1.10,158,es ESP,MF,es La Liga,24-261,2001,3.2,0,0,0,4,5,1,10,1,1,0
159,Pablo Barrios,es ESP,MF,Atlético Madrid,es La Liga,23.0,2003,4,3,295,3.3,0,1,1,0,0,0,0,0,0.31,,,,,,,,,,,,,,,,,,,,,,,,,159,es ESP,MF,es La Liga,23-091,2003,3.3,0,3,2,66.7,0.92,0.61,0.00,0.00,0,0,193,es ESP,MF,es La Liga,23-091,2003,4,295,74,65.6,3.3,3,90,3,1,25,0,1.75,6,5,+1,+0.31,-1.44,159,es ESP,MF,es La Liga,23-091,2003,3.3,0,0,0,2,6,0,3,7,3,0
160,Thierno Barry,fr FRA,FW,Everton,eng Premier League,23.0,2002,4,4,327,3.6,1,0,1,1,0,0,0,0,0.28,,,,,,,,,,,,,,,,,,,,,,,,,160,fr FRA,FW,eng Premier League,23-328,2002,3.6,1,14,4,28.6,3.85,1.10,0.07,0.25,0,0,194,fr FRA,FW,eng Premier League,23-328,2002,4,327,82,90.8,3.6,4,82,2,0,,0,1.50,4,3,+1,+0.28,-2.45,160,fr FRA,FW,eng Premier League,23-328,2002,3.6,0,0,0,2,5,0,2,1,1,0
161,Davide Bartesaghi,it ITA,MF,Milan,it Serie A,20.0,2005,2,1,111,1.2,0,0,0,0,0,0,0,0,0.00,,,,,,,,,,,,,,,,,,,,,,,,,161,it ITA,MF,it Serie A,20-259,2005,1.2,0,0,0,,0.00,0.00,,,0,0,195,it ITA,MF,it Serie A,20-259,2005,2,111,56,30.8,1.2,1,86,0,1,25,2,3.00,1,1,0,0.00,-1.08,161,it ITA,MF,it Serie A,20-259,2005,1.2,0,0,0,1,1,1,3,1,2,0
162,Marc Bartra,es ESP,DF,Real Betis,es La Liga,35.0,1991,3,2,232,2.6,1,0,1,1,0,0,0,0,0.39,,,,,,,,,,,,,,,,,,,,,,,,,162,es ESP,DF,es La Liga,35-242,1991,2.6,1,4,2,50.0,1.55,0.78,0.25,0.50,0,0,196,es ESP,DF,es La Liga,35-242,1991,3,232,77,64.4,2.6,2,90,2,1,52,1,2.00,4,5,-1,-0.39,-1.09,162,es ESP,DF,es La Liga,35-242,1991,2.6,0,0,0,0,0,0,2,4,6,0
163,Toma Bašić,hr CRO,MF,Venezia,it Serie A,29.0,1996,2,2,148,1.6,0,0,0,0,0,0,0,0,0.00,,,,,,,,,,,,,,,,,,,,,,,,,163,hr CRO,MF,it Serie A,29-293,1996,1.6,0,0,0,,0.00,0.00,,,0,0,198,hr CRO,MF,it Serie A,29-293,1996,2,148,74,41.1,1.6,2,74,0,0,,0,0.00,0,2,-2,-1.22,+0.91,163,hr CRO,MF,it Serie A,29-293,1996,1.6,0,0,0,1,1,0,11,0,2,0
164,Calvin Bassey,ng NGA,DF,Fulham,eng Premier League,26.0,1999,4,4,360,4.0,0,0,0,0,0,0,1,0,0.00,,,,,,,,,,,,,,,,,,,,,,,,,164,ng NGA,DF,eng Premier League,26-257,1999,4.0,0,2,1,50.0,0.50,0.25,0.00,0.00,0,0,199,ng NGA,DF,eng Premier League,26-257,1999,4,360,90,100.0,4.0,4,90,4,0,,0,0.25,4,7,-3,-0.75,,164,ng NGA,DF,eng Premier League,26-257,1999,4.0,1,0,0,2,6,0,0,3,2,0
165,Alessandro Bastoni,it ITA,DF,Inter,it Serie A,27.0,1999,3,3,258,2.9,0,0,0,0,0,0,0,0,0.00,,,,,,,,,,,,,,,,,,,,,,,,,165,it ITA,DF,it Serie A,27-154,1999,2.9,0,2,0,0.0,0.70,0.00,0.00,,0,0,200,it ITA,DF,it Serie A,27-154,1999,3,258,86,95.6,2.9,3,86,2,0,,0,3.00,6,3,+3,+1.05,-13.95,165,it ITA,DF,it Serie A,27-154,1999,2.9,0,0,0,2,0,0,7,0,6,0
166,Augusto Batalla,ar ARG,GK,Rayo Vallecano,es La Liga,30.0,1996,2,2,149,1.7,0,0,0,0,0,0,0,0,0.00,6,ar ARG,GK,es La Liga,30-137,1996,2,2,149,1.7,2,1.21,5,3,60.0,0,1,1,0,0.0,2,2,0,0,166,ar ARG,GK,es La Liga,30-137,1996,1.7,0,0,0,,0.00,0.00,,,0,0,201,ar ARG,GK,es La Liga,30-137,1996,2,149,75,33.1,1.7,2,75,1,0,,0,0.50,2,2,0,0.00,+1.79,166,ar ARG,GK,es La Liga,30-137,1996,1.7,0,0,0,0,0,0,0,1,0,0
167,Oliver Batista-Meier,de GER,"FW,MF",Paderborn 07,de Bundesliga,25.0,2001,2,0,41,0.5,0,0,0,0,0,0,0,0,0.00,,,,,,,,,,,,,,,,,,,,,,,,,167,de GER,"FW,MF",de Bundesliga,25-210,2001,0.5,0,1,0,0.0,2.20,0.00,0.00,,0,0,202,de GER,"FW,MF",de Bundesliga,25-210,2001,2,41,21,15.2,0.5,0,,0,2,21,1,0.00,0,2,-2,-4.39,-3.60,167,de GER,"FW,MF",de Bundesliga,25-210,2001,0.5,0,0,0,1,0,0,2,0,1,0
168,Martin Baturina,hr CRO,MF,Como,it Serie A,23.0,2003,3,3,167,1.9,2,1,3,2,0,0,1,0,1.62,,,,,,,,,,,,,,,,,,,,,,,,,168,hr CRO,MF,it Serie A,23-210,2003,1.9,2,6,3,50.0,3.23,1.62,0.33,0.67,0,0,204,hr CRO,MF,it Serie A,23-210,2003,3,167,56,61.9,1.9,3,56,0,0,,0,2.33,5,3,+2,+1.08,-0.67,168,hr CRO,MF,it Serie A,23-210,2003,1.9,1,0,0,2,5,0,4,0,1,0
169,Elias Baum,de GER,"DF,MF",Frankfurt,de Bundesliga,20.0,2005,3,3,244,2.7,0,1,1,0,0,0,0,0,0.37,,,,,,,,,,,,,,,,,,,,,,,,,169,de GER,"DF,MF",de Bundesliga,20-323,2005,2.7,0,4,2,50.0,1.48,0.74,0.00,0.00,0,0,206,de GER,"DF,MF",de Bundesliga,20-323,2005,3,244,81,90.4,2.7,3,81,1,0,,0,1.33,7,6,+1,+0.37,+7.29,169,de GER,"DF,MF",de Bundesliga,20-323,2005,2.7,0,0,0,4,2,1,8,3,7,1
170,Oliver Baumann,de GER,GK,Hoffenheim,de Bundesliga,36.0,1990,3,3,270,3.0,0,0,0,0,0,0,0,0,0.00,7,de GER,GK,de Bundesliga,36-104,1990,3,3,270,3.0,7,2.33,16,9,56.3,1,0,2,0,0.0,0,0,0,0,170,de GER,GK,de Bundesliga,36-104,1990,3.0,0,0,0,,0.00,0.00,,,0,0,207,de GER,GK,de Bundesliga,36-104,1990,3,270,90,100.0,3.0,3,90,3,0,,0,1.00,6,7,-1,-0.33,,170,de GER,GK,de Bundesliga,36-104,1990,3.0,0,0,0,0,0,0,0,1,0,0
171,Rafael Bauza,es ESP,MF,Espanyol,es La Liga,21.0,2005,3,0,65,0.7,0,1,1,0,0,0,1,0,1.38,,,,,,,,,,,,,,,,,,,,,,,,,171,es ESP,MF,es La Liga,21-227,2005,0.7,0,0,0,,0.00,0.00,,,0,0,208,es ESP,MF,es La Liga,21-227,2005,3,65,22,14.4,0.7,0,,0,3,22,2,1.00,1,1,0,0.00,-0.70,171,es ESP,MF,es La Liga,21-227,2005,0.7,1,0,0,2,2,0,3,0,3,0
172,Vakoun Bayo,ci CIV,FW,Udinese,it Serie A,29.0,1997,2,0,64,0.7,0,0,0,0,0,0,1,0,0.00,,,,,,,,,,,,,,,,,,,,,,,,,172,ci CIV,FW,it Serie A,29-247,1997,0.7,0,2,0,0.0,2.81,0.00,0.00,,0,0,210,ci CIV,FW,it Serie A,29-247,1997,2,64,32,23.7,0.7,0,,0,2,32,1,0.50,1,2,-1,-1.41,-1.84,172,ci CIV,FW,it Serie A,29-247,1997,0.7,1,0,0,1,1,0,0,0,0,0
173,Patrick Beach,au AUS,GK,Troyes,fr Ligue 1,23.0,2003,4,4,360,4.0,0,0,0,0,0,0,0,0,0.00,8,au AUS,GK,fr Ligue 1,23-039,2003,4,4,360,4.0,9,2.25,24,15,62.5,1,1,2,1,25.0,0,0,0,0,173,au AUS,GK,fr Ligue 1,23-039,2003,4.0,0,0,0,,0.00,0.00,,,0,0,211,au AUS,GK,fr Ligue 1,23-039,2003,4,360,90,100.0,4.0,4,90,4,0,,0,1.00,4,9,-5,-1.25,,173,au AUS,GK,fr Ligue 1,23-039,2003,4.0,0,0,0,0,1,0,0,0,0,0
174,Sheraldo Becker,sr SUR,FW,Mainz 05,de Bundesliga,31.0,1995,3,3,207,2.3,1,2,3,1,0,0,1,0,1.30,,,,,,,,,,,,,,,,,,,,,,,,,174,sr SUR,FW,de Bundesliga,31-217,1995,2.3,1,7,3,42.9,3.04,1.30,0.14,0.33,0,0,213,sr SUR,FW,de Bundesliga,31-217,1995,3,207,69,76.7,2.3,3,69,0,0,,0,1.33,3,3,0,0.00,-4.29,174,sr SUR,FW,de Bundesliga,31-217,1995,2.3,1,0,0,2,2,1,9,0,0,0
175,Timo Becker,de GER,DF,Schalke 04,de Bundesliga,29.0,1997,3,3,270,3.0,0,0,0,0,0,0,0,0,0.00,,,,,,,,,,,,,,,,,,,,,,,,,175,de GER,DF,de Bundesliga,29-173,1997,3.0,0,0,0,,0.00,0.00,,,0,0,214,de GER,DF,de Bundesliga,29-173,1997,3,270,90,100.0,3.0,3,90,3,0,,0,1.33,3,4,-1,-0.33,,175,de GER,DF,de Bundesliga,29-173,1997,3.0,0,0,0,0,1,0,0,3,8,0
176,Vitalie Becker,de GER,MF,Schalke 04,de Bundesliga,21.0,2005,2,1,87,1.0,0,0,0,0,0,0,0,0,0.00,,,,,,,,,,,,,,,,,,,,,,,,,176,de GER,MF,de Bundesliga,21-195,2005,1.0,0,0,0,,0.00,0.00,,,0,0,215,de GER,MF,de Bundesliga,21-195,2005,2,87,44,32.2,1.0,1,61,0,1,26,1,0.50,0,1,-1,-1.03,-1.03,176,de GER,MF,de Bundesliga,21-195,2005,1.0,0,0,0,1,1,0,3,0,0,0
177,Hannes Behrens,de GER,"MF,DF",Augsburg,de Bundesliga,21.0,2005,3,3,270,3.0,0,1,1,0,0,0,0,0,0.33,,,,,,,,,,,,,,,,,,,,,,,,,177,de GER,"MF,DF",de Bundesliga,21-238,2005,3.0,0,2,0,0.0,0.67,0.00,0.00,,0,0,216,de GER,"MF,DF",de Bundesliga,21-238,2005,3,270,90,100.0,3.0,3,90,3,0,,0,2.33,9,3,+6,+2.00,,177,de GER,"MF,DF",de Bundesliga,21-238,2005,3.0,0,0,0,1,3,0,12,9,3,0
178,Maximilian Beier,de GER,MF,Dortmund,de Bundesliga,23.0,2002,3,2,187,2.1,0,2,2,0,0,0,1,0,0.96,,,,,,,,,,,,,,,,,,,,,,,,,178,de GER,MF,de Bundesliga,23-332,2002,2.1,0,7,1,14.3,3.37,0.48,0.00,0.00,0,0,217,de GER,MF,de Bundesliga,23-332,2002,3,187,62,69.3,2.1,2,87,1,1,14,0,3.00,7,2,+5,+2.41,+1.32,178,de GER,MF,de Bundesliga,23-332,2002,2.1,1,0,0,0,3,1,2,0,2,0
179,Luken Beitia,es ESP,DF,Real Sociedad,es La Liga,22.0,2004,2,2,180,2.0,0,0,0,0,0,0,1,0,0.00,,,,,,,,,,,,,,,,,,,,,,,,,179,es ESP,DF,es La Liga,22-076,2004,2.0,0,0,0,,0.00,0.00,,,0,0,218,es ESP,DF,es La Liga,22-076,2004,2,180,90,33.3,2.0,2,90,2,0,,3,0.00,1,7,-6,-3.00,-3.25,179,es ESP,DF,es La Liga,22-076,2004,2.0,1,0,0,2,0,0,0,2,1,0
180,Reda Belahyane,ma MAR,MF,Lazio,it Serie A,22.0,2004,3,2,234,2.6,0,0,0,0,0,0,1,0,0.00,,,,,,,,,,,,,,,,,,,,,,,,,180,ma MAR,MF,it Serie A,22-105,2004,2.6,0,0,0,,0.00,0.00,,,0,0,219,ma MAR,MF,it Serie A,22-105,2004,3,234,78,65.0,2.6,2,90,2,1,54,1,2.33,4,3,+1,+0.38,-1.04,180,ma MAR,MF,it Serie A,22-105,2004,2.6,1,0,0,3,1,0,0,2,5,0
181,Rayane Belaid,es ESP,DF,Rayo Vallecano,es La Liga,21.0,2005,1,0,24,0.3,0,0,0,0,0,0,0,0,0.00,,,,,,,,,,,,,,,,,,,,,,,,,181,es ESP,DF,es La Liga,21-215,2005,0.3,0,0,0,,0.00,0.00,,,0,0,220,es ESP,DF,es La Liga,21-215,2005,1,24,24,5.3,0.3,0,,0,1,24,1,0.00,0,1,-1,-3.75,-2.69,181,es ESP,DF,es La Liga,21-215,2005,0.3,0,0,0,0,0,0,0,0,0,0
182,Rafik Belghali,dz ALG,"DF,MF",Torino,it Serie A,24.0,2002,1,0,35,0.4,0,1,1,0,0,0,0,0,2.57,,,,,,,,,,,,,,,,,,,,,,,,,182,dz ALG,"DF,MF",it Serie A,24-099,2002,0.4,0,0,0,,0.00,0.00,,,0,0,222,dz ALG,"DF,MF",it Serie A,24-099,2002,1,35,35,13.0,0.4,0,,0,1,35,0,3.00,2,0,+2,+5.14,+6.29,182,dz ALG,"DF,MF",it Serie A,24-099,2002,0.4,0,0,0,0,0,0,3,0,0,0
183,Yassin Belkhdim,fr FRA,MF,Angers,fr Ligue 1,24.0,2002,4,4,354,3.9,0,0,0,0,0,0,0,0,0.00,,,,,,,,,,,,,,,,,,,,,,,,,183,fr FRA,MF,fr Ligue 1,24-212,2002,3.9,0,2,0,0.0,0.51,0.00,0.00,,0,0,223,fr FRA,MF,fr Ligue 1,24-212,2002,4,354,89,98.3,3.9,4,89,3,0,,0,1.00,4,5,-1,-0.25,-0.25,183,fr FRA,MF,fr Ligue 1,24-212,2002,3.9,0,0,0,5,4,0,8,7,5,0
184,Armel Bella Kotchap,de GER,DF,Venezia,it Serie A,24.0,2001,3,3,195,2.2,0,0,0,0,0,0,0,0,0.00,,,,,,,,,,,,,,,,,,,,,,,,,184,de GER,DF,it Serie A,24-277,2001,2.2,0,2,0,0.0,0.92,0.00,0.00,,0,0,225,de GER,DF,it Serie A,24-277,2001,3,195,65,54.2,2.2,3,65,2,0,,0,0.00,0,4,-4,-1.85,-0.21,184,de GER,DF,it Serie A,24-277,2001,2.2,0,0,0,1,5,0,0,4,3,0
185,Raoul Bellanova,it ITA,DF,Atalanta,it Serie A,26.0,2000,3,2,193,2.1,0,0,0,0,0,0,1,0,0.00,,,,,,,,,,,,,,,,,,,,,,,,,185,it ITA,DF,it Serie A,26-120,2000,2.1,0,1,0,0.0,0.47,0.00,0.00,,0,0,226,it ITA,DF,it Serie A,26-120,2000,3,193,64,53.6,2.1,2,90,2,1,13,1,1.00,3,4,-1,-0.47,-1.01,185,it ITA,DF,it Serie A,26-120,2000,2.1,1,0,0,3,2,0,6,3,2,0
186,Héctor Bellerín,es ESP,DF,Real Betis,es La Liga,31.0,1995,4,3,290,3.2,0,0,0,0,0,0,1,0,0.00,,,,,,,,,,,,,,,,,,,,,,,,,186,es ESP,DF,es La Liga,31-179,1995,3.2,0,0,0,,0.00,0.00,,,0,0,227,es ESP,DF,es La Liga,31-179,1995,4,290,73,80.6,3.2,3,90,3,1,20,0,2.25,5,5,0,0.00,0.00,186,es ESP,DF,es La Liga,31-179,1995,3.2,1,0,0,3,1,2,11,2,7,0
187,Jobe Bellingham,eng ENG,MF,Dortmund,de Bundesliga,20.0,2005,3,3,270,3.0,0,0,0,0,0,0,1,0,0.00,,,,,,,,,,,,,,,,,,,,,,,,,187,eng ENG,MF,de Bundesliga,20-356,2005,3.0,0,3,0,0.0,1.00,0.00,0.00,,0,0,228,eng ENG,MF,de Bundesliga,20-356,2005,3,270,90,100.0,3.0,3,90,3,0,,0,3.00,8,2,+6,+2.00,,187,eng ENG,MF,de Bundesliga,20-356,2005,3.0,1,0,0,4,3,0,4,8,6,0
188,Jude Bellingham,eng ENG,MF,Real Madrid,es La Liga,23.0,2003,5,5,422,4.7,3,2,5,3,0,0,0,0,1.07,,,,,,,,,,,,,,,,,,,,,,,,,188,eng ENG,MF,es La Liga,23-077,2003,4.7,3,15,7,46.7,3.20,1.49,0.20,0.43,0,0,229,eng ENG,MF,es La Liga,23-077,2003,5,422,84,93.8,4.7,5,84,2,0,,0,2.40,11,4,+7,+1.49,-8.15,188,eng ENG,MF,es La Liga,23-077,2003,4.7,0,0,0,5,12,0,2,2,6,0
189,Bachir Belloumi,dz ALG,MF,Hull City,eng Premier League,24.0,2002,4,4,312,3.5,2,1,3,2,0,0,0,0,0.87,,,,,,,,,,,,,,,,,,,,,,,,,189,dz ALG,MF,eng Premier League,24-105,2002,3.5,2,8,3,37.5,2.31,0.87,0.25,0.67,0,0,230,dz ALG,MF,eng Premier League,24-105,2002,4,312,78,86.7,3.5,4,78,1,0,,0,2.00,5,1,+4,+1.15,+3.03,189,dz ALG,MF,eng Premier League,24-105,2002,3.5,0,0,0,4,1,1,6,9,5,0
190,Jeanuël Belocian,fr FRA,DF,Racing Sant,es La Liga,21.0,2005,2,1,126,1.4,0,0,0,0,0,0,0,0,0.00,,,,,,,,,,,,,,,,,,,,,,,,,190,fr FRA,DF,es La Liga,21-209,2005,1.4,0,2,0,0.0,1.43,0.00,0.00,,0,0,232,fr FRA,DF,es La Liga,21-209,2005,2,126,63,28.0,1.4,1,90,1,1,36,0,1.50,2,1,+1,+0.71,+0.99,190,fr FRA,DF,es La Liga,21-209,2005,1.4,0,0,0,1,0,0,0,2,1,0
191,Carlos Benavídez,uy URU,MF,Alavés,es La Liga,28.0,1998,2,0,65,0.7,0,0,0,0,0,0,0,0,0.00,,,,,,,,,,,,,,,,,,,,,,,,,191,uy URU,MF,es La Liga,28-168,1998,0.7,0,1,0,0.0,1.38,0.00,0.00,,0,0,233,uy URU,MF,es La Liga,28-168,1998,2,65,33,14.4,0.7,0,,0,2,33,3,1.50,0,1,-1,-1.38,-3.02,191,uy URU,MF,es La Liga,28-168,1998,0.7,0,0,0,2,1,0,1,3,1,0
192,Walter Benítez,ar ARG,GK,Crystal Palace,eng Premier League,33.0,1993,1,1,90,1.0,0,0,0,0,0,0,0,0,0.00,9,ar ARG,GK,eng Premier League,33-238,1993,1,1,90,1.0,3,3.00,6,3,50.0,0,0,1,0,0.0,0,0,0,0,192,ar ARG,GK,eng Premier League,33-238,1993,1.0,0,0,0,,0.00,0.00,,,0,0,234,ar ARG,GK,eng Premier League,33-238,1993,1,90,90,25.0,1.0,1,90,1,0,,3,0.00,2,3,-1,-1.00,+0.33,192,ar ARG,GK,eng Premier League,33-238,1993,1.0,0,0,0,0,0,0,0,0,0,0
193,Ramy Bensebaini,dz ALG,"DF,MF",Dortmund,de Bundesliga,31.0,1995,1,0,14,0.2,0,0,0,0,0,0,0,0,0.00,,,,,,,,,,,,,,,,,,,,,,,,,193,dz ALG,"DF,MF",de Bundesliga,31-151,1995,0.2,0,0,0,,0.00,0.00,,,0,0,235,dz ALG,"DF,MF",de Bundesliga,31-151,1995,1,14,14,5.2,0.2,0,,0,1,14,0,3.00,2,0,+2,+12.86,+11.45,193,dz ALG,"DF,MF",de Bundesliga,31-151,1995,0.2,0,0,0,0,0,0,0,1,0,0
194,Nabil Bentaleb,dz ALG,MF,Lille,fr Ligue 1,31.0,1994,4,4,340,3.8,0,1,1,0,0,0,0,0,0.26,,,,,,,,,,,,,,,,,,,,,,,,,194,dz ALG,MF,fr Ligue 1,31-294,1994,3.8,0,3,1,33.3,0.79,0.26,0.00,0.00,0,0,236,dz ALG,MF,fr Ligue 1,31-294,1994,4,340,85,94.4,3.8,4,85,3,0,,0,2.50,6,2,+4,+1.06,-3.44,194,dz ALG,MF,fr Ligue 1,31-294,1994,3.8,0,0,0,1,4,0,0,3,3,0
195,Rodrigo Bentancur,uy URU,MF,Tottenham,eng Premier League,29.0,1997,4,3,287,3.2,0,0,0,0,0,0,0,0,0.00,,,,,,,,,,,,,,,,,,,,,,,,,195,uy URU,MF,eng Premier League,29-081,1997,3.2,0,1,0,0.0,0.31,0.00,0.00,,0,0,237,uy URU,MF,eng Premier League,29-081,1997,4,287,72,79.7,3.2,3,81,2,1,45,0,0.50,0,3,-3,-0.94,+1.52,195,uy URU,MF,eng Premier League,29-081,1997,3.2,0,0,0,8,0,0,1,4,7,0
196,Safouane Benzahra,nl NED,MF,Monaco,fr Ligue 1,18.0,2008,1,0,4,0.0,0,0,0,0,0,0,0,0,0.00,,,,,,,,,,,,,,,,,,,,,,,,,196,nl NED,MF,fr Ligue 1,18-027,2008,0.0,0,0,0,,0.00,0.00,,,0,0,239,nl NED,MF,fr Ligue 1,18-027,2008,1,4,4,1.1,0.0,0,,0,1,4,3,3.00,0,0,0,0.00,-1.01,196,nl NED,MF,fr Ligue 1,18-027,2008,0.0,0,0,0,0,0,0,0,0,0,0
197,Lucas Beraldo,br BRA,MF,Paris SG,fr Ligue 1,22.0,2003,2,1,84,0.9,0,0,0,0,0,0,0,0,0.00,,,,,,,,,,,,,,,,,,,,,,,,,197,br BRA,MF,fr Ligue 1,22-294,2003,0.9,0,0,0,,0.00,0.00,,,0,0,240,br BRA,MF,fr Ligue 1,22-294,2003,2,84,42,23.3,0.9,1,62,0,1,22,2,1.00,2,1,+1,+1.07,+1.40,197,br BRA,MF,fr Ligue 1,22-294,2003,0.9,0,0,0,0,0,0,0,0,2,0
198,Domenico Berardi,it ITA,MF,Sassuolo,it Serie A,32.0,1994,3,1,142,1.6,1,0,1,1,0,0,0,0,0.63,,,,,,,,,,,,,,,,,,,,,,,,,198,it ITA,MF,it Serie A,32-044,1994,1.6,1,7,6,85.7,4.44,3.80,0.14,0.17,0,0,241,it ITA,MF,it Serie A,32-044,1994,3,142,47,39.4,1.6,1,70,0,2,36,0,2.33,3,2,+1,+0.63,+0.63,198,it ITA,MF,it Serie A,32-044,1994,1.6,0,0,0,0,4,1,5,2,1,0
199,Yuri Berchiche,es ESP,DF,Athletic Club,es La Liga,36.0,1990,4,4,280,3.1,0,0,0,0,0,0,2,1,0.00,,,,,,,,,,,,,,,,,,,,,,,,,199,es ESP,DF,es La Liga,36-216,1990,3.1,0,7,0,0.0,2.25,0.00,0.00,,0,0,243,es ESP,DF,es La Liga,36-216,1990,4,280,70,62.2,3.1,4,70,3,0,,0,1.75,6,1,+5,+1.61,+3.72,199,es ESP,DF,es La Liga,36-216,1990,3.1,2,1,0,4,1,0,8,3,2,0
200,Álex Berenguer,es ESP,MF,Athletic Club,es La Liga,31.0,1995,5,2,255,2.8,1,1,2,1,0,0,1,0,0.71,,,,,,,,,,,,,,,,,,,,,,,,,200,es ESP,MF,es La Liga,31-072,1995,2.8,1,5,2,40.0,1.76,0.71,0.20,0.50,0,0,244,es ESP,MF,es La Liga,31-072,1995,5,255,51,56.7,2.8,2,90,2,3,25,0,1.40,5,4,+1,+0.35,+0.35,200,es ESP,MF,es La Liga,31-072,1995,2.8,1,0,0,3,2,1,20,4,3,0
201,Sander Berge,no NOR,MF,Fulham,eng Premier League,28.0,1998,4,3,274,3.0,0,0,0,0,0,0,0,0,0.00,,,,,,,,,,,,,,,,,,,,,,,,,201,no NOR,MF,eng Premier League,28-212,1998,3.0,0,1,0,0.0,0.33,0.00,0.00,,0,0,245,no NOR,MF,eng Premier League,28-212,1998,4,274,69,76.1,3.0,3,81,1,1,30,0,0.25,2,5,-3,-0.99,-0.99,201,no NOR,MF,eng Premier League,28-212,1998,3.0,0,0,0,1,0,0,1,1,2,0
202,Lucas Bergvall,se SWE,MF,Tottenham,eng Premier League,20.0,2006,2,1,73,0.8,0,0,0,0,0,0,0,0,0.00,,,,,,,,,,,,,,,,,,,,,,,,,202,se SWE,MF,eng Premier League,20-224,2006,0.8,0,1,1,100.0,1.23,1.23,0.00,0.00,0,0,246,se SWE,MF,eng Premier League,20-224,2006,2,73,37,20.3,0.8,1,45,0,1,28,2,0.50,0,2,-2,-2.47,-1.52,202,se SWE,MF,eng Premier League,20-224,2006,0.8,0,0,0,1,1,0,2,0,1,0
203,Medon Berisha,al ALB,MF,Lecce,it Serie A,22.0,2003,1,0,9,0.1,0,0,0,0,0,0,0,0,0.00,,,,,,,,,,,,,,,,,,,,,,,,,203,al ALB,MF,it Serie A,22-328,2003,0.1,0,1,1,100.0,10.00,10.00,0.00,0.00,0,0,247,al ALB,MF,it Serie A,22-328,2003,1,9,9,2.5,0.1,0,,0,1,9,1,0.00,0,0,0,0.00,+0.51,203,al ALB,MF,it Serie A,22-328,2003,0.1,0,0,0,0,0,0,4,0,0,0
204,Anthony Bermont,fr FRA,MF,Angers,fr Ligue 1,21.0,2005,3,3,168,1.9,0,0,0,0,0,0,1,0,0.00,,,,,,,,,,,,,,,,,,,,,,,,,204,fr FRA,MF,fr Ligue 1,21-216,2005,1.9,0,6,0,0.0,3.21,0.00,0.00,,0,0,248,fr FRA,MF,fr Ligue 1,21-216,2005,3,168,56,46.7,1.9,3,56,0,0,,1,1.00,2,5,-3,-1.61,-2.54,204,fr FRA,MF,fr Ligue 1,21-216,2005,1.9,1,0,0,5,3,2,1,2,0,0
205,Adrian Bernabe,es ESP,MF,Parma,it Serie A,25.0,2001,2,2,144,1.6,0,0,0,0,0,0,0,0,0.00,,,,,,,,,,,,,,,,,,,,,,,,,205,es ESP,MF,it Serie A,25-111,2001,1.6,0,1,0,0.0,0.62,0.00,0.00,,0,0,249,es ESP,MF,it Serie A,25-111,2001,2,144,72,53.3,1.6,2,72,0,0,,0,0.00,0,1,-1,-0.62,+0.80,205,es ESP,MF,it Serie A,25-111,2001,1.6,0,0,0,2,6,0,1,2,2,0
206,Facundo Bernal,uy URU,MF,Real Betis,es La Liga,23.0,2003,4,4,287,3.2,0,0,0,0,0,0,1,0,0.00,,,,,,,,,,,,,,,,,,,,,,,,,206,uy URU,MF,es La Liga,23-024,2003,3.2,0,3,1,33.3,0.94,0.31,0.00,0.00,0,0,250,uy URU,MF,es La Liga,23-024,2003,4,287,72,79.7,3.2,4,72,1,0,,0,2.25,3,4,-1,-0.31,-1.55,206,uy URU,MF,es La Liga,23-024,2003,3.2,1,0,0,3,3,0,0,8,2,0
207,Marc Bernal,es ESP,MF,Barcelona,es La Liga,19.0,2007,5,3,258,2.9,0,2,2,0,0,0,0,0,0.70,,,,,,,,,,,,,,,,,,,,,,,,,207,es ESP,MF,es La Liga,19-111,2007,2.9,0,3,1,33.3,1.05,0.35,0.00,0.00,0,0,251,es ESP,MF,es La Liga,19-111,2007,5,258,52,57.3,2.9,3,68,0,2,27,0,3.00,12,4,+8,+2.79,-1.43,207,es ESP,MF,es La Liga,19-111,2007,2.9,0,0,0,5,1,0,0,4,4,0
208,Gabin Bernardeau,fr FRA,MF,Lorient,fr Ligue 1,20.0,2006,4,4,264,2.9,0,0,0,0,0,0,0,0,0.00,,,,,,,,,,,,,,,,,,,,,,,,,208,fr FRA,MF,fr Ligue 1,20-233,2006,2.9,0,3,1,33.3,1.02,0.34,0.00,0.00,0,0,252,fr FRA,MF,fr Ligue 1,20-233,2006,4,264,66,73.3,2.9,4,66,0,0,,0,1.25,4,3,+1,+0.34,+1.28,208,fr FRA,MF,fr Ligue 1,20-233,2006,2.9,0,0,0,2,6,0,11,1,4,0
209,Federico Bernardeschi,it ITA,MF,Bologna,it Serie A,32.0,1994,4,3,287,3.2,0,0,0,0,0,0,0,0,0.00,,,,,,,,,,,,,,,,,,,,,,,,,209,it ITA,MF,it Serie A,32-210,1994,3.2,0,8,4,50.0,2.51,1.25,0.00,0.00,0,0,253,it ITA,MF,it Serie A,32-210,1994,4,287,72,79.7,3.2,3,85,1,1,31,0,0.25,1,4,-3,-0.94,-0.94,209,it ITA,MF,it Serie A,32-210,1994,3.2,0,0,0,3,4,1,21,1,1,0
210,Bernardo,br BRA,DF,Hoffenheim,de Bundesliga,31.0,1995,1,1,52,0.6,0,0,0,0,0,0,0,0,0.00,,,,,,,,,,,,,,,,,,,,,,,,,210,br BRA,DF,de Bundesliga,31-123,1995,0.6,0,0,0,,0.00,0.00,,,0,0,254,br BRA,DF,de Bundesliga,31-123,1995,1,52,52,19.3,0.6,1,52,0,0,,1,0.00,1,1,0,0.00,+0.41,210,br BRA,DF,de Bundesliga,31-123,1995,0.6,0,0,0,0,0,0,1,0,1,0
211,Lorenzo Bernasconi,it ITA,DF,Atalanta,it Serie A,22.0,2003,2,1,93,1.0,0,0,0,0,0,0,0,0,0.00,,,,,,,,,,,,,,,,,,,,,,,,,211,it ITA,DF,it Serie A,22-302,2003,1.0,0,1,0,0.0,0.97,0.00,0.00,,0,0,255,it ITA,DF,it Serie A,22-302,2003,2,93,47,25.8,1.0,1,70,0,1,23,2,1.50,2,1,+1,+0.97,+1.30,211,it ITA,DF,it Serie A,22-302,2003,1.0,0,0,0,0,0,0,5,0,0,0
212,Juan Berrocal,es ESP,DF,Málaga,es La Liga,27.0,1999,1,0,4,0.0,0,0,0,0,0,0,0,0,0.00,,,,,,,,,,,,,,,,,,,,,,,,,212,es ESP,DF,es La Liga,27-133,1999,0.0,0,0,0,,0.00,0.00,,,0,0,256,es ESP,DF,es La Liga,27-133,1999,1,4,4,0.9,0.0,0,,0,1,4,1,1.00,0,0,0,0.00,+1.21,212,es ESP,DF,es La Liga,27-133,1999,0.0,0,0,0,0,0,0,0,0,0,0
213,Nicolò Bertola,it ITA,DF,Udinese,it Serie A,23.0,2003,2,0,38,0.4,0,0,0,0,0,0,1,0,0.00,,,,,,,,,,,,,,,,,,,,,,,,,213,it ITA,DF,it Serie A,23-175,2003,0.4,0,0,0,,0.00,0.00,,,0,0,257,it ITA,DF,it Serie A,23-175,2003,2,38,19,14.1,0.4,0,,0,2,19,1,1.50,0,1,-1,-2.37,-2.76,213,it ITA,DF,it Serie A,23-175,2003,0.4,1,0,0,1,0,0,0,0,1,0
214,Jan-Niklas Beste,de GER,MF,Freiburg,de Bundesliga,27.0,1999,3,3,199,2.2,0,1,1,0,0,0,0,0,0.45,,,,,,,,,,,,,,,,,,,,,,,,,214,de GER,MF,de Bundesliga,27-253,1999,2.2,0,3,0,0.0,1.36,0.00,0.00,,0,0,258,de GER,MF,de Bundesliga,27-253,1999,3,199,66,73.7,2.2,3,66,0,0,,0,3.00,7,0,+7,+3.17,+0.63,214,de GER,MF,de Bundesliga,27-253,1999,2.2,0,0,0,1,3,0,15,1,1,0
215,Beto,gw GNB,FW,Fiorentina,it Serie A,28.0,1998,2,1,74,0.8,0,1,1,0,0,0,0,0,1.22,,,,,,,,,,,,,,,,,,,,,,,,,215,gw GNB,FW,it Serie A,28-226,1998,0.8,0,4,1,25.0,4.86,1.22,0.00,0.00,0,0,259,gw GNB,FW,it Serie A,28-226,1998,2,74,37,20.6,0.8,1,59,0,1,15,0,1.50,2,2,0,0.00,+1.89,215,gw GNB,FW,it Serie A,28-226,1998,0.8,0,0,0,1,0,1,0,0,0,0
216,Beto,gw GNB,FW,Everton,eng Premier League,28.0,1998,2,0,33,0.4,0,0,0,0,0,0,0,0,0.00,,,,,,,,,,,,,,,,,,,,,,,,,216,gw GNB,FW,eng Premier League,28-226,1998,0.4,0,2,0,0.0,5.45,0.00,0.00,,0,0,260,gw GNB,FW,eng Premier League,28-226,1998,2,33,17,9.2,0.4,0,,0,2,17,0,2.00,1,0,+1,+2.73,+2.45,216,gw GNB,FW,eng Premier League,28-226,1998,0.4,0,0,0,0,0,0,1,0,0,0
217,Mads Bidstrup,dk DEN,MF,Lyon,fr Ligue 1,25.0,2001,4,4,301,3.3,0,0,0,0,0,0,0,0,0.00,,,,,,,,,,,,,,,,,,,,,,,,,217,dk DEN,MF,fr Ligue 1,25-201,2001,3.3,0,3,0,0.0,0.90,0.00,0.00,,0,0,263,dk DEN,MF,fr Ligue 1,25-201,2001,4,301,75,83.6,3.3,4,75,0,0,,0,2.00,4,1,+3,+0.90,-0.63,217,dk DEN,MF,fr Ligue 1,25-201,2001,3.3,0,0,0,2,5,0,2,5,9,0
218,Mika Biereth,dk DEN,FW,Monaco,fr Ligue 1,23.0,2003,2,0,44,0.5,0,0,0,0,0,0,0,0,0.00,,,,,,,,,,,,,,,,,,,,,,,,,218,dk DEN,FW,fr Ligue 1,23-218,2003,0.5,0,0,0,,0.00,0.00,,,0,0,264,dk DEN,FW,fr Ligue 1,23-218,2003,2,44,22,12.2,0.5,0,,0,2,22,2,3.00,0,0,0,0.00,-1.14,218,dk DEN,FW,fr Ligue 1,23-218,2003,0.5,0,0,0,0,2,1,1,0,2,0
219,Pedro Bigas,es ESP,DF,Elche,es La Liga,35.0,1990,3,2,161,1.8,0,0,0,0,0,0,0,0,0.00,,,,,,,,,,,,,,,,,,,,,,,,,219,es ESP,DF,es La Liga,35-364,1990,1.8,0,1,1,100.0,0.56,0.56,0.00,0.00,0,0,265,es ESP,DF,es La Liga,35-364,1990,3,161,54,35.8,1.8,2,76,1,1,10,2,0.00,2,6,-4,-2.24,-1.30,219,es ESP,DF,es La Liga,35-364,1990,1.8,0,0,0,2,1,0,0,1,0,0
220,Justin Bijlow,nl NED,GK,Genoa,it Serie A,28.0,1998,4,4,360,4.0,0,0,0,0,0,0,0,0,0.00,10,nl NED,GK,it Serie A,28-235,1998,4,4,360,4.0,8,2.00,21,13,61.9,0,1,3,0,0.0,0,0,0,0,220,nl NED,GK,it Serie A,28-235,1998,4.0,0,0,0,,0.00,0.00,,,0,0,266,nl NED,GK,it Serie A,28-235,1998,4,360,90,100.0,4.0,4,90,4,0,,0,0.25,2,8,-6,-1.50,,220,nl NED,GK,it Serie A,28-235,1998,4.0,0,0,0,0,0,0,0,0,1,0
221,Jaka Bijol,si SVN,DF,Leeds United,eng Premier League,27.0,1999,3,2,165,1.8,0,0,0,0,0,0,0,0,0.00,,,,,,,,,,,,,,,,,,,,,,,,,221,si SVN,DF,eng Premier League,27-221,1999,1.8,0,2,0,0.0,1.09,0.00,0.00,,0,0,267,si SVN,DF,eng Premier League,27-221,1999,3,165,55,61.1,1.8,2,68,1,1,30,0,1.67,1,2,-1,-0.55,-2.26,221,si SVN,DF,eng Premier League,27-221,1999,1.8,0,0,0,1,1,0,1,3,2,0
222,El Bilal Touré,ml MLI,"FW,MF",Parma,it Serie A,24.0,2001,3,3,259,2.9,0,0,0,0,0,0,0,0,0.00,,,,,,,,,,,,,,,,,,,,,,,,,222,ml MLI,"FW,MF",it Serie A,24-346,2001,2.9,0,3,2,66.7,1.04,0.69,0.00,0.00,0,0,268,ml MLI,"FW,MF",it Serie A,24-346,2001,3,259,86,95.9,2.9,3,86,2,0,,0,0.33,1,3,-2,-0.69,+7.49,222,ml MLI,"FW,MF",it Serie A,24-346,2001,2.9,0,0,0,2,5,1,1,1,0,0
223,Samuele Birindelli,it ITA,MF,Monza,it Serie A,27.0,1999,4,4,353,3.9,0,1,1,0,0,0,0,0,0.25,,,,,,,,,,,,,,,,,,,,,,,,,223,it ITA,MF,it Serie A,27-057,1999,3.9,0,4,3,75.0,1.02,0.76,0.00,0.00,0,0,270,it ITA,MF,it Serie A,27-057,1999,4,353,88,98.1,3.9,4,88,3,0,,0,0.25,6,11,-5,-1.27,-1.27,223,it ITA,MF,it Serie A,27-057,1999,3.9,0,0,0,2,4,4,14,2,2,0
224,Daniel Birligea,ro ROU,FW,Frosinone,it Serie A,26.0,2000,2,0,14,0.2,0,0,0,0,0,0,0,0,0.00,,,,,,,,,,,,,,,,,,,,,,,,,224,ro ROU,FW,it Serie A,26-148,2000,0.2,0,0,0,,0.00,0.00,,,0,0,271,ro ROU,FW,it Serie A,26-148,2000,2,14,7,3.9,0.2,0,,0,2,7,1,3.00,1,0,+1,+6.43,+5.91,224,ro ROU,FW,it Serie A,26-148,2000,0.2,0,0,0,1,0,0,0,0,2,0
225,Tom Bischof,de GER,MF,Bayern Munich,de Bundesliga,21.0,2005,3,1,88,1.0,0,0,0,0,0,0,0,0,0.00,,,,,,,,,,,,,,,,,,,,,,,,,225,de GER,MF,de Bundesliga,21-078,2005,1.0,0,2,0,0.0,2.05,0.00,0.00,,0,0,272,de GER,MF,de Bundesliga,21-078,2005,3,88,29,32.6,1.0,1,64,0,2,12,0,2.33,2,1,+1,+1.02,-0.96,225,de GER,MF,de Bundesliga,21-078,2005,1.0,0,0,0,1,0,1,1,1,2,0
226,Marco Bizot,nl NED,GK,Aston Villa,eng Premier League,35.0,1991,1,1,90,1.0,0,0,0,0,0,0,0,0,0.00,11,nl NED,GK,eng Premier League,35-188,1991,1,1,90,1.0,4,4.00,7,3,42.9,0,0,1,0,0.0,0,0,0,0,226,nl NED,GK,eng Premier League,35-188,1991,1.0,0,0,0,,0.00,0.00,,,0,0,274,nl NED,GK,eng Premier League,35-188,1991,1,90,90,25.0,1.0,1,90,1,0,,3,0.00,0,4,-4,-4.00,-3.33,226,nl NED,GK,eng Premier League,35-188,1991,1.0,0,0,0,0,0,0,0,0,0,0
227,Antonio Blanco,es ESP,MF,Alavés,es La Liga,26.0,2000,5,5,425,4.7,0,0,0,0,0,0,2,0,0.00,,,,,,,,,,,,,,,,,,,,,,,,,227,es ESP,MF,es La Liga,26-053,2000,4.7,0,7,0,0.0,1.48,0.00,0.00,,0,0,275,es ESP,MF,es La Liga,26-053,2000,5,425,85,94.4,4.7,5,85,3,0,,0,2.00,9,5,+4,+0.85,-6.35,227,es ESP,MF,es La Liga,26-053,2000,4.7,2,0,0,12,3,0,8,13,6,0
228,Ludovic Blas,fr FRA,MF,Rennes,fr Ligue 1,28.0,1997,4,2,189,2.1,0,0,0,0,0,0,0,0,0.00,,,,,,,,,,,,,,,,,,,,,,,,,228,fr FRA,MF,fr Ligue 1,28-257,1997,2.1,0,10,3,30.0,4.76,1.43,0.00,0.00,0,0,276,fr FRA,MF,fr Ligue 1,28-257,1997,4,189,47,52.5,2.1,2,77,0,2,18,0,2.50,4,2,+2,+0.95,+0.43,228,fr FRA,MF,fr Ligue 1,28-257,1997,2.1,0,0,0,4,2,1,10,2,3,0
229,Oscar Bobb,no NOR,MF,Fulham,eng Premier League,23.0,2003,4,4,273,3.0,0,0,0,0,0,0,0,0,0.00,,,,,,,,,,,,,,,,,,,,,,,,,229,no NOR,MF,eng Premier League,23-064,2003,3.0,0,3,1,33.3,0.99,0.33,0.00,0.00,0,0,280,no NOR,MF,eng Premier League,23-064,2003,4,273,68,75.8,3.0,4,68,0,0,,0,0.25,4,6,-2,-0.66,+0.38,229,no NOR,MF,eng Premier League,23-064,2003,3.0,0,0,0,2,5,0,11,4,1,0
230,Tomáš Bobček,sk SVK,FW,Frosinone,it Serie A,25.0,2001,1,0,20,0.2,0,0,0,0,0,0,0,0,0.00,,,,,,,,,,,,,,,,,,,,,,,,,230,sk SVK,FW,it Serie A,25-006,2001,0.2,0,1,1,100.0,4.50,4.50,0.00,0.00,0,0,281,sk SVK,FW,it Serie A,25-006,2001,1,20,20,5.6,0.2,0,,0,1,20,1,1.00,0,0,0,0.00,-0.79,230,sk SVK,FW,it Serie A,25-006,2001,0.2,0,0,0,0,0,0,0,0,1,0
231,Jeremie Boga,ci CIV,MF,Juventus,it Serie A,29.0,1997,3,1,105,1.2,0,0,0,0,0,0,0,0,0.00,,,,,,,,,,,,,,,,,,,,,,,,,231,ci CIV,MF,it Serie A,29-254,1997,1.2,0,1,1,100.0,0.86,0.86,0.00,0.00,0,0,283,ci CIV,MF,it Serie A,29-254,1997,3,105,35,29.2,1.2,1,56,0,2,25,0,2.33,1,1,0,0.00,-0.71,231,ci CIV,MF,it Serie A,29-254,1997,1.2,0,0,0,0,0,0,10,0,1,0
232,Lamare Bogarde,nl NED,"DF,MF",Aston Villa,eng Premier League,22.0,2004,1,0,17,0.2,0,0,0,0,0,0,0,0,0.00,,,,,,,,,,,,,,,,,,,,,,,,,232,nl NED,"DF,MF",eng Premier League,22-252,2004,0.2,0,0,0,,0.00,0.00,,,0,0,284,nl NED,"DF,MF",eng Premier League,22-252,2004,1,17,17,4.7,0.2,0,,0,1,17,3,0.00,0,0,0,0.00,+1.57,232,nl NED,"DF,MF",eng Premier League,22-252,2004,0.2,0,0,0,0,0,0,0,0,0,0
233,Jayden Bogle,eng ENG,MF,Leeds United,eng Premier League,26.0,2000,3,3,217,2.4,1,0,1,1,0,0,1,0,0.41,,,,,,,,,,,,,,,,,,,,,,,,,233,eng ENG,MF,eng Premier League,26-049,2000,2.4,1,1,1,100.0,0.41,0.41,1.00,1.00,0,0,285,eng ENG,MF,eng Premier League,26-049,2000,3,217,72,80.4,2.4,3,72,1,0,,0,1.67,2,1,+1,+0.41,+0.41,233,eng ENG,MF,eng Premier League,26-049,2000,2.4,1,0,0,3,6,0,3,2,2,0
234,Adama Boiro,es ESP,DF,Athletic Club,es La Liga,24.0,2002,1,0,21,0.2,0,0,0,0,0,0,0,0,0.00,,,,,,,,,,,,,,,,,,,,,,,,,234,es ESP,DF,es La Liga,24-084,2002,0.2,0,0,0,,0.00,0.00,,,0,0,286,es ESP,DF,es La Liga,24-084,2002,1,21,21,4.7,0.2,0,,0,1,21,2,0.00,0,1,-1,-4.29,-4.71,234,es ESP,DF,es La Liga,24-084,2002,0.2,0,0,0,0,1,0,0,1,0,0
235,Noa Boisse,fr FRA,DF,Le Mans,fr Ligue 1,20.0,2006,4,4,315,3.5,0,0,0,0,0,0,2,0,0.00,,,,,,,,,,,,,,,,,,,,,,,,,235,fr FRA,DF,fr Ligue 1,20-237,2006,3.5,0,0,0,,0.00,0.00,,,0,0,287,fr FRA,DF,fr Ligue 1,20-237,2006,4,315,79,87.5,3.5,4,79,3,0,,0,0.75,7,7,0,0.00,+2.00,235,fr FRA,DF,fr Ligue 1,20-237,2006,3.5,2,0,0,7,1,1,1,3,5,0
236,Hugo Bolin,se SWE,"MF,FW",Gladbach,de Bundesliga,23.0,2003,3,3,225,2.5,2,0,2,2,0,0,1,0,0.80,,,,,,,,,,,,,,,,,,,,,,,,,236,se SWE,"MF,FW",de Bundesliga,23-052,2003,2.5,2,10,4,40.0,4.00,1.60,0.20,0.50,0,0,288,se SWE,"MF,FW",de Bundesliga,23-052,2003,3,225,75,83.3,2.5,3,75,2,0,,0,0.00,3,9,-6,-2.40,+3.60,236,se SWE,"MF,FW",de Bundesliga,23-052,2003,2.5,1,0,0,5,6,2,3,2,1,0
237,Victor Boniface,ng NGA,FW,Leverkusen,de Bundesliga,25.0,2000,1,0,6,0.1,0,0,0,0,0,0,0,0,0.00,,,,,,,,,,,,,,,,,,,,,,,,,237,ng NGA,FW,de Bundesliga,25-265,2000,0.1,0,3,1,33.3,45.00,15.00,0.00,0.00,0,0,290,ng NGA,FW,de Bundesliga,25-265,2000,1,6,6,2.2,0.1,0,,0,1,6,1,0.00,1,0,+1,+15.00,+14.32,237,ng NGA,FW,de Bundesliga,25-265,2000,0.1,0,0,0,0,0,0,0,0,0,0
238,Rahim Bonkano,ne NIG,DF,Bologna,it Serie A,24.0,2002,2,2,135,1.5,0,0,0,0,0,0,0,0,0.00,,,,,,,,,,,,,,,,,,,,,,,,,238,ne NIG,DF,it Serie A,24-256,2002,1.5,0,2,0,0.0,1.33,0.00,0.00,,0,0,291,ne NIG,DF,it Serie A,24-256,2002,2,135,68,37.5,1.5,2,68,1,0,,2,0.50,0,2,-2,-1.33,-0.93,238,ne NIG,DF,it Serie A,24-256,2002,1.5,0,0,0,3,1,0,3,2,1,0
239,Ange-Yoan Bonny,ci CIV,FW,Inter,it Serie A,22.0,2003,2,0,49,0.5,0,0,0,0,0,0,0,0,0.00,,,,,,,,,,,,,,,,,,,,,,,,,239,ci CIV,FW,it Serie A,22-324,2003,0.5,0,1,0,0.0,1.84,0.00,0.00,,0,0,292,ci CIV,FW,it Serie A,22-324,2003,2,49,25,18.1,0.5,0,,0,2,25,1,3.00,4,0,+4,+7.35,+6.94,239,ci CIV,FW,it Serie A,22-324,2003,0.5,0,0,0,1,1,0,3,1,2,0
240,Sebastiaan Bornauw,be BEL,DF,Hamburger SV,de Bundesliga,27.0,1999,2,2,180,2.0,0,0,0,0,0,0,0,0,0.00,,,,,,,,,,,,,,,,,,,,,,,,,240,be BEL,DF,de Bundesliga,27-176,1999,2.0,0,0,0,,0.00,0.00,,,0,0,295,be BEL,DF,de Bundesliga,27-176,1999,2,180,90,66.7,2.0,2,90,2,0,,0,0.00,0,7,-7,-3.50,+1.50,240,be BEL,DF,de Bundesliga,27-176,1999,2.0,0,0,0,4,0,0,1,4,0,0
241,Gennaro Borrelli,it ITA,FW,Cagliari,it Serie A,26.0,2000,2,0,38,0.4,0,0,0,0,0,0,0,0,0.00,,,,,,,,,,,,,,,,,,,,,,,,,241,it ITA,FW,it Serie A,26-188,2000,0.4,0,2,0,0.0,4.74,0.00,0.00,,0,0,296,it ITA,FW,it Serie A,26-188,2000,2,38,19,10.6,0.4,0,,0,2,19,0,1.50,1,0,+1,+2.37,+2.09,241,it ITA,FW,it Serie A,26-188,2000,0.4,0,0,0,1,1,0,0,1,2,0
242,Olivier Boscagli,fr FRA,"DF,MF",Brighton,eng Premier League,28.0,1997,4,4,346,3.8,0,0,0,0,0,0,1,0,0.00,,,,,,,,,,,,,,,,,,,,,,,,,242,fr FRA,"DF,MF",eng Premier League,28-300,1997,3.8,0,2,1,50.0,0.52,0.26,0.00,0.00,0,0,297,fr FRA,"DF,MF",eng Premier League,28-300,1997,4,346,87,96.1,3.8,4,87,2,0,,0,1.75,11,5,+6,+1.56,-11.30,242,fr FRA,"DF,MF",eng Premier League,28-300,1997,3.8,1,0,0,8,6,0,18,4,2,0
243,Sebastián Boselli,uy URU,DF,Getafe,es La Liga,22.0,2003,4,1,100,1.1,0,0,0,0,0,0,0,0,0.00,,,,,,,,,,,,,,,,,,,,,,,,,243,uy URU,DF,es La Liga,22-284,2003,1.1,0,0,0,,0.00,0.00,,,0,0,298,uy URU,DF,es La Liga,22-284,2003,4,100,25,22.2,1.1,1,83,0,3,6,1,1.25,1,3,-2,-1.80,-1.54,243,uy URU,DF,es La Liga,22-284,2003,1.1,0,0,0,3,0,0,3,2,2,0
244,Sven Botman,nl NED,DF,Newcastle,eng Premier League,26.0,2000,3,3,270,3.0,0,0,0,0,0,0,1,0,0.00,,,,,,,,,,,,,,,,,,,,,,,,,244,nl NED,DF,eng Premier League,26-245,2000,3.0,0,1,0,0.0,0.33,0.00,0.00,,0,0,300,nl NED,DF,eng Premier League,26-245,2000,3,270,90,100.0,3.0,3,90,3,0,,0,1.67,6,4,+2,+0.67,,244,nl NED,DF,eng Premier League,26-245,2000,3.0,1,0,0,0,1,0,0,1,0,0
245,Ayyoub Bouaddi,ma MAR,MF,Manchester City,eng Premier League,18.0,2007,2,0,24,0.3,0,0,0,0,0,0,0,0,0.00,,,,,,,,,,,,,,,,,,,,,,,,,245,ma MAR,MF,eng Premier League,18-347,2007,0.3,0,0,0,,0.00,0.00,,,0,0,301,ma MAR,MF,eng Premier League,18-347,2007,2,24,12,6.7,0.3,0,,0,2,12,1,3.00,1,0,+1,+3.75,+2.41,245,ma MAR,MF,eng Premier League,18-347,2007,0.3,0,0,0,0,0,0,0,1,0,0
246,Kaïl Boudache,fr FRA,"MF,FW",Lyon,fr Ligue 1,20.0,2006,4,2,178,2.0,0,0,0,0,0,0,0,0,0.00,,,,,,,,,,,,,,,,,,,,,,,,,246,fr FRA,"MF,FW",fr Ligue 1,20-091,2006,2.0,0,7,1,14.3,3.54,0.51,0.00,0.00,0,0,303,fr FRA,"MF,FW",fr Ligue 1,20-091,2006,4,178,45,49.4,2.0,2,75,1,2,14,0,2.00,2,0,+2,+1.01,+0.02,246,fr FRA,"MF,FW",fr Ligue 1,20-091,2006,2.0,0,0,0,2,5,2,6,1,0,0
247,Hicham Boudaoui,dz ALG,MF,Nice,fr Ligue 1,26.0,1999,1,0,5,0.1,0,0,0,0,0,0,0,0,0.00,,,,,,,,,,,,,,,,,,,,,,,,,247,dz ALG,MF,fr Ligue 1,26-356,1999,0.1,0,0,0,,0.00,0.00,,,0,0,304,dz ALG,MF,fr Ligue 1,26-356,1999,1,5,5,1.4,0.1,0,,0,1,5,0,0.00,0,0,0,0.00,+1.01,247,dz ALG,MF,fr Ligue 1,26-356,1999,0.1,0,0,0,0,0,0,0,1,0,0
248,Ismaïl Bouneb,fr FRA,MF,Le Havre,fr Ligue 1,20.0,2006,1,0,11,0.1,0,0,0,0,0,0,0,0,0.00,,,,,,,,,,,,,,,,,,,,,,,,,248,fr FRA,MF,fr Ligue 1,20-099,2006,0.1,0,0,0,,0.00,0.00,,,0,0,307,fr FRA,MF,fr Ligue 1,20-099,2006,1,11,11,3.1,0.1,0,,0,1,11,3,1.00,0,0,0,0.00,+0.52,248,fr FRA,MF,fr Ligue 1,20-099,2006,0.1,0,0,0,0,0,0,4,0,0,0
249,Adil Bourabaa,fr FRA,MF,Le Mans,fr Ligue 1,21.0,2005,4,4,310,3.4,2,2,4,2,0,0,0,0,1.16,,,,,,,,,,,,,,,,,,,,,,,,,249,fr FRA,MF,fr Ligue 1,21-189,2005,3.4,2,6,2,33.3,1.74,0.58,0.33,1.00,0,0,308,fr FRA,MF,fr Ligue 1,21-189,2005,4,310,78,86.1,3.4,4,78,1,0,,0,0.75,7,7,0,0.00,+1.80,249,fr FRA,MF,fr Ligue 1,21-189,2005,3.4,0,0,0,5,4,0,4,5,1,0
250,Justin Bourgault,fr FRA,FW,Brest,fr Ligue 1,21.0,2005,1,0,3,0.0,0,0,0,0,0,0,0,0,0.00,,,,,,,,,,,,,,,,,,,,,,,,,250,fr FRA,FW,fr Ligue 1,21-000,2005,0.0,0,0,0,,0.00,0.00,,,0,0,309,fr FRA,FW,fr Ligue 1,21-000,2005,1,3,3,0.8,0.0,0,,0,1,3,1,0.00,0,0,0,0.00,0.00,250,fr FRA,FW,fr Ligue 1,21-000,2005,0.0,0,0,0,0,0,0,0,0,0,0
251,Kieron Bowie,sct SCO,FW,Sassuolo,it Serie A,23.0,2002,4,3,268,3.0,1,0,1,1,0,0,0,0,0.34,,,,,,,,,,,,,,,,,,,,,,,,,251,sct SCO,FW,it Serie A,23-358,2002,3.0,1,8,3,37.5,2.69,1.01,0.13,0.33,0,0,312,sct SCO,FW,it Serie A,23-358,2002,4,268,67,74.4,3.0,3,83,1,1,20,0,1.75,6,7,-1,-0.34,-2.29,251,sct SCO,FW,it Serie A,23-358,2002,3.0,0,0,0,4,6,1,0,1,1,0
252,Lucas Boyé,ar ARG,FW,Alavés,es La Liga,30.0,1996,4,4,316,3.5,4,0,4,4,0,0,0,0,1.14,,,,,,,,,,,,,,,,,,,,,,,,,252,ar ARG,FW,es La Liga,30-198,1996,3.5,4,12,5,41.7,3.42,1.42,0.33,0.80,0,0,313,ar ARG,FW,es La Liga,30-198,1996,4,316,79,70.2,3.5,4,79,1,0,,0,1.75,6,5,+1,+0.28,-3.07,252,ar ARG,FW,es La Liga,30-198,1996,3.5,0,0,0,11,8,3,2,0,9,0
253,Enzo Boyomo,cm CMR,DF,Osasuna,es La Liga,24.0,2001,2,1,111,1.2,0,0,0,0,0,0,0,0,0.00,,,,,,,,,,,,,,,,,,,,,,,,,253,cm CMR,DF,es La Liga,24-342,2001,1.2,0,0,0,,0.00,0.00,,,0,0,314,cm CMR,DF,es La Liga,24-342,2001,2,111,56,24.7,1.2,1,59,0,1,52,3,1.50,2,3,-1,-0.81,-0.28,253,cm CMR,DF,es La Liga,24-342,2001,1.2,0,0,0,4,1,1,0,1,3,0
254,Gabriele Bracaglia,it ITA,DF,Frosinone,it Serie A,23.0,2003,4,4,328,3.6,1,1,2,1,0,0,2,0,0.55,,,,,,,,,,,,,,,,,,,,,,,,,254,it ITA,DF,it Serie A,23-057,2003,3.6,1,5,3,60.0,1.37,0.82,0.20,0.33,0,0,315,it ITA,DF,it Serie A,23-057,2003,4,328,82,91.1,3.6,4,82,2,0,,0,1.75,7,4,+3,+0.82,+0.82,254,it ITA,DF,it Serie A,23-057,2003,3.6,2,0,0,7,6,1,2,2,3,0
255,Calvin Brackelmann,de GER,DF,Augsburg,de Bundesliga,27.0,1999,3,3,262,2.9,0,0,0,0,0,0,0,0,0.00,,,,,,,,,,,,,,,,,,,,,,,,,255,de GER,DF,de Bundesliga,27-023,1999,2.9,0,2,0,0.0,0.69,0.00,0.00,,0,0,316,de GER,DF,de Bundesliga,27-023,1999,3,262,87,97.0,2.9,3,87,1,0,,0,2.33,7,3,+4,+1.37,-21.13,255,de GER,DF,de Bundesliga,27-023,1999,2.9,0,0,0,2,1,0,8,5,6,0
256,Daniel Bragança,pt POR,MF,Torino,it Serie A,27.0,1999,1,0,21,0.2,0,0,0,0,0,0,0,0,0.00,,,,,,,,,,,,,,,,,,,,,,,,,256,pt POR,MF,it Serie A,27-110,1999,0.2,0,0,0,,0.00,0.00,,,0,0,317,pt POR,MF,it Serie A,27-110,1999,1,21,21,7.8,0.2,0,,0,1,21,0,3.00,2,0,+2,+8.57,+9.66,256,pt POR,MF,it Serie A,27-110,1999,0.2,0,0,0,0,0,0,0,0,1,0
257,Bilal Brahimi,dz ALG,"FW,MF",Le Mans,fr Ligue 1,26.0,2000,2,0,40,0.4,0,0,0,0,0,0,0,0,0.00,,,,,,,,,,,,,,,,,,,,,,,,,257,dz ALG,"FW,MF",fr Ligue 1,26-184,2000,0.4,0,0,0,,0.00,0.00,,,0,0,318,dz ALG,"FW,MF",fr Ligue 1,26-184,2000,2,40,20,11.1,0.4,0,,0,2,20,2,1.00,0,0,0,0.00,+0.28,257,dz ALG,"FW,MF",fr Ligue 1,26-184,2000,0.4,0,0,0,0,1,0,2,1,0,0
258,Kaden Braithwaite,eng ENG,DF,Manchester City,eng Premier League,18.0,2008,1,0,2,0.0,0,0,0,0,0,0,0,0,0.00,,,,,,,,,,,,,,,,,,,,,,,,,258,eng ENG,DF,eng Premier League,18-218,2008,0.0,0,0,0,,0.00,0.00,,,0,0,319,eng ENG,DF,eng Premier League,18-218,2008,1,2,2,0.6,0.0,0,,0,1,2,0,3.00,0,0,0,0.00,-1.51,258,eng ENG,DF,eng Premier League,18-218,2008,0.0,0,0,0,0,0,0,0,0,0,0
259,Jarrad Branthwaite,eng ENG,DF,Everton,eng Premier League,24.0,2002,4,4,360,4.0,0,0,0,0,0,0,0,0,0.00,,,,,,,,,,,,,,,,,,,,,,,,,259,eng ENG,DF,eng Premier League,24-079,2002,4.0,0,3,3,100.0,0.75,0.75,0.00,0.00,0,0,320,eng ENG,DF,eng Premier League,24-079,2002,4,360,90,100.0,4.0,4,90,4,0,,0,1.50,5,3,+2,+0.50,,259,eng ENG,DF,eng Premier League,24-079,2002,4.0,0,0,0,2,2,1,0,5,3,0
260,Lilian Brassier,fr FRA,DF,Frankfurt,de Bundesliga,26.0,1999,2,2,180,2.0,0,0,0,0,0,0,0,0,0.00,,,,,,,,,,,,,,,,,,,,,,,,,260,fr FRA,DF,de Bundesliga,26-316,1999,2.0,0,1,0,0.0,0.50,0.00,0.00,,0,0,322,fr FRA,DF,de Bundesliga,26-316,1999,2,180,90,66.7,2.0,2,90,2,0,,0,1.50,4,5,-1,-0.50,-0.50,260,fr FRA,DF,de Bundesliga,26-316,1999,2.0,0,0,0,0,1,1,2,7,3,0
261,Fabian Bredlow,de GER,GK,Stuttgart,de Bundesliga,31.0,1995,3,3,270,3.0,0,0,0,0,0,0,0,0,0.00,12,de GER,GK,de Bundesliga,31-196,1995,3,3,270,3.0,8,2.67,22,14,63.6,1,0,2,0,0.0,0,0,0,0,261,de GER,GK,de Bundesliga,31-196,1995,3.0,0,0,0,,0.00,0.00,,,0,0,323,de GER,GK,de Bundesliga,31-196,1995,3,270,90,100.0,3.0,3,90,3,0,,0,1.00,6,8,-2,-0.67,,261,de GER,GK,de Bundesliga,31-196,1995,3.0,0,0,0,0,1,0,0,0,0,0
262,Gleison Bremer,br BRA,DF,Juventus,it Serie A,29.0,1997,4,4,360,4.0,1,0,1,1,0,0,0,0,0.25,,,,,,,,,,,,,,,,,,,,,,,,,262,br BRA,DF,it Serie A,29-180,1997,4.0,1,3,1,33.3,0.75,0.25,0.33,1.00,0,0,324,br BRA,DF,it Serie A,29-180,1997,4,360,90,100.0,4.0,4,90,4,0,,0,1.75,6,4,+2,+0.50,,262,br BRA,DF,it Serie A,29-180,1997,4.0,0,0,0,6,1,2,0,7,4,0
263,Marco Brescianini,it ITA,MF,Fiorentina,it Serie A,26.0,2000,4,2,128,1.4,0,0,0,0,0,0,0,0,0.00,,,,,,,,,,,,,,,,,,,,,,,,,263,it ITA,MF,it Serie A,26-237,2000,1.4,0,1,1,100.0,0.70,0.70,0.00,0.00,0,0,325,it ITA,MF,it Serie A,26-237,2000,4,128,32,35.6,1.4,2,53,0,2,11,0,0.75,0,3,-3,-2.11,-0.95,263,it ITA,MF,it Serie A,26-237,2000,1.4,0,0,0,1,0,0,0,3,1,0
264,Lucas Bretelle,fr FRA,MF,Le Mans,fr Ligue 1,24.0,2002,3,2,151,1.7,0,0,0,0,0,0,0,0,0.00,,,,,,,,,,,,,,,,,,,,,,,,,264,fr FRA,MF,fr Ligue 1,24-150,2002,1.7,0,0,0,,0.00,0.00,,,0,0,326,fr FRA,MF,fr Ligue 1,24-150,2002,3,151,50,41.9,1.7,2,62,0,1,28,1,0.67,4,4,0,0.00,+0.43,264,fr FRA,MF,fr Ligue 1,24-150,2002,1.7,0,0,0,4,4,0,1,5,2,0
265,Abel Bretones,es ESP,DF,Osasuna,es La Liga,26.0,2000,5,4,405,4.5,0,0,0,0,0,0,1,0,0.00,,,,,,,,,,,,,,,,,,,,,,,,,265,es ESP,DF,es La Liga,26-024,2000,4.5,0,2,0,0.0,0.44,0.00,0.00,,0,0,327,es ESP,DF,es La Liga,26-024,2000,5,405,81,90.0,4.5,4,90,4,1,45,0,1.40,5,6,-1,-0.22,+3.78,265,es ESP,DF,es La Liga,26-024,2000,4.5,1,0,0,8,2,1,10,4,9,0
266,Sascha Britschgi,ch SUI,MF,Parma,it Serie A,20.0,2006,2,2,159,1.8,0,0,0,0,0,0,0,0,0.00,,,,,,,,,,,,,,,,,,,,,,,,,266,ch SUI,MF,it Serie A,20-018,2006,1.8,0,0,0,,0.00,0.00,,,0,0,328,ch SUI,MF,it Serie A,20-018,2006,2,159,80,58.9,1.8,2,80,0,0,,0,0.50,1,2,-1,-0.57,+1.06,266,ch SUI,MF,it Serie A,20-018,2006,1.8,0,0,0,2,2,0,0,0,2,0
267,Brian Brobbey,nl NED,FW,Sunderland,eng Premier League,24.0,2002,4,4,310,3.4,0,0,0,0,0,0,1,0,0.00,,,,,,,,,,,,,,,,,,,,,,,,,267,nl NED,FW,eng Premier League,24-225,2002,3.4,0,6,1,16.7,1.74,0.29,0.00,0.00,0,0,329,nl NED,FW,eng Premier League,24-225,2002,4,310,78,86.1,3.4,4,78,2,0,,0,1.00,2,4,-2,-0.58,-0.58,267,nl NED,FW,eng Premier League,24-225,2002,3.4,1,0,0,7,4,4,0,0,0,0
268,David Brooks,wls WAL,"FW,MF",Bournemouth,eng Premier League,29.0,1997,3,0,33,0.4,0,0,0,0,0,0,1,0,0.00,,,,,,,,,,,,,,,,,,,,,,,,,268,wls WAL,"FW,MF",eng Premier League,29-068,1997,0.4,0,0,0,,0.00,0.00,,,0,0,330,wls WAL,"FW,MF",eng Premier League,29-068,1997,3,33,11,9.2,0.4,0,,0,3,11,1,1.00,0,2,-2,-5.45,-5.73,268,wls WAL,"FW,MF",eng Premier League,29-068,1997,0.4,1,0,0,3,1,0,0,0,0,0
269,Nathaniel Brown,de GER,"MF,DF",Bayern Munich,de Bundesliga,23.0,2003,3,3,169,1.9,0,0,0,0,0,0,0,0,0.00,,,,,,,,,,,,,,,,,,,,,,,,,269,de GER,"MF,DF",de Bundesliga,23-090,2003,1.9,0,3,2,66.7,1.60,1.07,0.00,0.00,0,0,331,de GER,"MF,DF",de Bundesliga,23-090,2003,3,169,56,62.6,1.9,3,56,0,0,,0,2.33,4,2,+2,+1.07,-1.61,269,de GER,"MF,DF",de Bundesliga,23-090,2003,1.9,0,0,0,0,2,0,2,0,2,0
270,Brugui,es ESP,MF,Levante,es La Liga,29.0,1996,4,4,353,3.9,3,0,3,3,0,0,0,0,0.76,,,,,,,,,,,,,,,,,,,,,,,,,270,es ESP,MF,es La Liga,29-314,1996,3.9,3,12,5,41.7,3.06,1.27,0.25,0.60,0,0,332,es ESP,MF,es La Liga,29-314,1996,4,353,88,78.4,3.9,4,88,3,0,,0,1.25,6,6,0,0.00,+1.86,270,es ESP,MF,es La Liga,29-314,1996,3.9,0,0,0,3,4,0,4,1,2,0
271,Paris Brunner,de GER,FW,Monaco,fr Ligue 1,20.0,2006,4,4,298,3.3,3,0,3,3,0,0,0,0,0.91,,,,,,,,,,,,,,,,,,,,,,,,,271,de GER,FW,fr Ligue 1,20-211,2006,3.3,3,13,6,46.2,3.93,1.81,0.23,0.50,0,0,333,de GER,FW,fr Ligue 1,20-211,2006,4,298,75,82.8,3.3,4,75,1,0,,0,2.50,6,2,+4,+1.21,+1.21,271,de GER,FW,fr Ligue 1,20-211,2006,3.3,0,0,0,2,3,7,1,0,2,0
272,Kaiki Bruno,br BRA,DF,Como,it Serie A,23.0,2003,1,0,10,0.1,0,0,0,0,0,0,0,0,0.00,,,,,,,,,,,,,,,,,,,,,,,,,272,br BRA,DF,it Serie A,23-190,2003,0.1,0,1,1,100.0,9.00,9.00,0.00,0.00,0,0,334,br BRA,DF,it Serie A,23-190,2003,1,10,10,3.7,0.1,0,,0,1,10,2,3.00,0,0,0,0.00,-1.38,272,br BRA,DF,it Serie A,23-190,2003,0.1,0,0,0,0,0,0,0,0,0,0
273,Lucas Buadés,fr FRA,MF,Le Mans,fr Ligue 1,28.0,1997,2,2,180,2.0,0,0,0,0,0,0,0,0,0.00,,,,,,,,,,,,,,,,,,,,,,,,,273,fr FRA,MF,fr Ligue 1,28-260,1997,2.0,0,1,1,100.0,0.50,0.50,0.00,0.00,0,0,335,fr FRA,MF,fr Ligue 1,28-260,1997,2,180,90,50.0,2.0,2,90,2,0,,1,0.50,4,5,-1,-0.50,-0.50,273,fr FRA,MF,fr Ligue 1,28-260,1997,2.0,0,0,0,1,8,0,7,1,2,0
274,Tajon Buchanan,ca CAN,MF,Villarreal,es La Liga,27.0,1999,4,1,156,1.7,0,0,0,0,0,0,1,0,0.00,,,,,,,,,,,,,,,,,,,,,,,,,274,ca CAN,MF,es La Liga,27-218,1999,1.7,0,4,2,50.0,2.31,1.15,0.00,0.00,0,0,336,ca CAN,MF,es La Liga,27-218,1999,4,156,39,43.3,1.7,1,62,0,3,31,0,0.50,3,4,-1,-0.58,-0.14,274,ca CAN,MF,es La Liga,27-218,1999,1.7,1,0,0,4,7,0,12,1,2,0
275,Ante Budimir,hr CRO,FW,Osasuna,es La Liga,35.0,1991,5,4,382,4.2,4,0,4,1,3,3,0,0,0.24,,,,,,,,,,,,,,,,,,,,,,,,,275,hr CRO,FW,es La Liga,35-054,1991,4.2,4,16,10,62.5,3.77,2.36,0.25,0.40,3,3,337,hr CRO,FW,es La Liga,35-054,1991,5,382,76,84.9,4.2,4,87,3,1,33,0,1.40,4,7,-3,-0.71,-0.71,275,hr CRO,FW,es La Liga,35-054,1991,4.2,0,0,0,7,12,3,1,0,4,0
276,Emi Buendía,ar ARG,"MF,FW",Aston Villa,eng Premier League,29.0,1996,4,4,311,3.5,0,0,0,0,0,0,0,0,0.00,,,,,,,,,,,,,,,,,,,,,,,,,276,ar ARG,"MF,FW",eng Premier League,29-263,1996,3.5,0,6,0,0.0,1.74,0.00,0.00,,0,0,338,ar ARG,"MF,FW",eng Premier League,29-263,1996,4,311,78,86.4,3.5,4,78,1,0,,0,0.25,0,6,-6,-1.74,-1.74,276,ar ARG,"MF,FW",eng Premier League,29-263,1996,3.5,0,0,0,3,6,1,8,2,0,0
277,Manu Bueno,es ESP,MF,Sevilla,es La Liga,22.0,2004,2,0,29,0.3,0,0,0,0,0,0,0,0,0.00,,,,,,,,,,,,,,,,,,,,,,,,,277,es ESP,MF,es La Liga,22-049,2004,0.3,0,0,0,,0.00,0.00,,,0,0,339,es ESP,MF,es La Liga,22-049,2004,2,29,15,6.4,0.3,0,,0,2,15,3,2.00,2,1,+1,+3.10,+2.89,277,es ESP,MF,es La Liga,22-049,2004,0.3,0,0,0,0,2,0,0,0,1,0
278,Andrija Bulatović,me MNE,MF,Lens,fr Ligue 1,19.0,2006,4,1,152,1.7,0,0,0,0,0,0,1,0,0.00,,,,,,,,,,,,,,,,,,,,,,,,,278,me MNE,MF,fr Ligue 1,19-261,2006,1.7,0,6,2,33.3,3.55,1.18,0.00,0.00,0,0,340,me MNE,MF,fr Ligue 1,19-261,2006,4,152,38,42.2,1.7,1,90,1,3,21,0,1.00,3,3,0,0.00,-0.43,278,me MNE,MF,fr Ligue 1,19-261,2006,1.7,1,0,0,2,3,0,7,4,2,0
279,Marius Bülter,de GER,MF,Köln,de Bundesliga,33.0,1993,3,1,107,1.2,0,0,0,0,0,0,0,0,0.00,,,,,,,,,,,,,,,,,,,,,,,,,279,de GER,MF,de Bundesliga,33-169,1993,1.2,0,5,3,60.0,4.21,2.52,0.00,0.00,0,0,341,de GER,MF,de Bundesliga,33-169,1993,3,107,36,39.6,1.2,1,90,1,2,9,0,1.33,2,2,0,0.00,+1.10,279,de GER,MF,de Bundesliga,33-169,1993,1.2,0,0,0,2,0,0,3,0,0,0
280,Facundo Buonanotte,ar ARG,MF,Elche,es La Liga,21.0,2004,4,3,217,2.4,1,0,1,0,1,1,1,0,0.00,,,,,,,,,,,,,,,,,,,,,,,,,280,ar ARG,MF,es La Liga,21-265,2004,2.4,1,8,4,50.0,3.32,1.66,0.13,0.25,1,1,342,ar ARG,MF,es La Liga,21-265,2004,4,217,54,48.2,2.4,3,63,0,1,27,1,0.25,1,8,-7,-2.90,-2.90,280,ar ARG,MF,es La Liga,21-265,2004,2.4,1,0,0,6,2,0,6,3,3,0
281,Livan Burcu,tr TUR,MF,Union Berlin,de Bundesliga,21.0,2004,3,2,153,1.7,0,0,0,0,0,0,0,0,0.00,,,,,,,,,,,,,,,,,,,,,,,,,281,tr TUR,MF,de Bundesliga,21-351,2004,1.7,0,2,0,0.0,1.18,0.00,0.00,,0,0,343,tr TUR,MF,de Bundesliga,21-351,2004,3,153,51,56.7,1.7,2,62,0,1,30,0,0.33,2,7,-5,-2.94,-2.17,281,tr TUR,MF,de Bundesliga,21-351,2004,1.7,0,0,0,0,5,0,6,2,1,0
282,Wouter Burger,nl NED,MF,Hoffenheim,de Bundesliga,25.0,2001,3,3,258,2.9,0,0,0,0,0,0,2,0,0.00,,,,,,,,,,,,,,,,,,,,,,,,,282,nl NED,MF,de Bundesliga,25-210,2001,2.9,0,3,1,33.3,1.05,0.35,0.00,0.00,0,0,344,nl NED,MF,de Bundesliga,25-210,2001,3,258,86,95.6,2.9,3,86,2,0,,0,1.00,6,6,0,0.00,+7.50,282,nl NED,MF,de Bundesliga,25-210,2001,2.9,2,0,0,4,3,0,6,2,2,0
283,Jonathan Burkardt,de GER,FW,Frankfurt,de Bundesliga,26.0,2000,3,3,228,2.5,2,1,3,2,0,0,0,0,1.18,,,,,,,,,,,,,,,,,,,,,,,,,283,de GER,FW,de Bundesliga,26-065,2000,2.5,2,8,2,25.0,3.16,0.79,0.25,1.00,0,0,346,de GER,FW,de Bundesliga,26-065,2000,3,228,76,84.4,2.5,3,76,1,0,,0,1.33,6,5,+1,+0.39,+4.68,283,de GER,FW,de Bundesliga,26-065,2000,2.5,0,0,0,1,5,1,2,3,0,0
284,Gianluca Busio,us USA,MF,Venezia,it Serie A,24.0,2002,4,4,313,3.5,0,2,2,0,0,0,1,0,0.58,,,,,,,,,,,,,,,,,,,,,,,,,284,us USA,MF,it Serie A,24-109,2002,3.5,0,5,0,0.0,1.44,0.00,0.00,,0,0,348,us USA,MF,it Serie A,24-109,2002,4,313,78,86.9,3.5,4,78,3,0,,0,0.00,3,9,-6,-1.73,+0.19,284,us USA,MF,it Serie A,24-109,2002,3.5,1,0,0,3,3,0,8,2,2,0
285,Jean Butez,fr FRA,GK,Como,it Serie A,31.0,1995,3,3,270,3.0,0,0,0,0,0,0,0,0,0.00,13,fr FRA,GK,it Serie A,31-098,1995,3,3,270,3.0,3,1.00,7,4,57.1,2,1,0,0,0.0,0,0,0,0,285,fr FRA,GK,it Serie A,31-098,1995,3.0,0,0,0,,0.00,0.00,,,0,0,349,fr FRA,GK,it Serie A,31-098,1995,3,270,90,100.0,3.0,3,90,3,0,,0,2.33,7,3,+4,+1.33,,285,fr FRA,GK,it Serie A,31-098,1995,3.0,0,0,0,0,0,0,0,0,0,0
286,Leandro Cabrera,uy URU,DF,Espanyol,es La Liga,35.0,1991,2,2,180,2.0,0,0,0,0,0,0,0,0,0.00,,,,,,,,,,,,,,,,,,,,,,,,,286,uy URU,DF,es La Liga,35-089,1991,2.0,0,0,0,,0.00,0.00,,,0,0,352,uy URU,DF,es La Liga,35-089,1991,2,180,90,40.0,2.0,2,90,2,0,,0,2.00,3,1,+2,+1.00,+0.67,286,uy URU,DF,es La Liga,35-089,1991,2.0,0,0,0,4,1,0,0,0,0,0
287,Alessio Cacciamani,it ITA,"MF,DF",Torino,it Serie A,19.0,2007,3,3,225,2.5,0,1,1,0,0,0,0,0,0.40,,,,,,,,,,,,,,,,,,,,,,,,,287,it ITA,"MF,DF",it Serie A,19-077,2007,2.5,0,1,0,0.0,0.40,0.00,0.00,,0,0,353,it ITA,"MF,DF",it Serie A,19-077,2007,3,225,75,83.3,2.5,3,75,1,0,,0,1.00,1,5,-4,-1.60,-7.60,287,it ITA,"MF,DF",it Serie A,19-077,2007,2.5,0,0,0,2,5,0,12,1,3,0
288,Sebastián Cáceres,uy URU,DF,Celta Vigo,es La Liga,27.0,1999,1,1,90,1.0,0,0,0,0,0,0,0,0,0.00,,,,,,,,,,,,,,,,,,,,,,,,,288,uy URU,DF,es La Liga,27-027,1999,1.0,0,1,0,0.0,1.00,0.00,0.00,,0,0,354,uy URU,DF,es La Liga,27-027,1999,1,90,90,16.7,1.0,1,90,1,0,,1,1.00,1,1,0,0.00,+0.60,288,uy URU,DF,es La Liga,27-027,1999,1.0,0,0,0,1,1,0,0,1,1,0
289,Anthony Caci,fr FRA,MF,Mainz 05,de Bundesliga,29.0,1997,3,3,213,2.4,0,0,0,0,0,0,1,0,0.00,,,,,,,,,,,,,,,,,,,,,,,,,289,fr FRA,MF,de Bundesliga,29-075,1997,2.4,0,2,1,50.0,0.85,0.42,0.00,0.00,0,0,355,fr FRA,MF,de Bundesliga,29-075,1997,3,213,71,78.9,2.4,3,71,0,0,,0,1.33,3,3,0,0.00,-4.74,289,fr FRA,MF,de Bundesliga,29-075,1997,2.4,1,0,0,3,1,1,7,4,7,0
290,Noah Cadiou,gp GLP,MF,Lorient,fr Ligue 1,27.0,1998,4,4,353,3.9,0,0,0,0,0,0,0,0,0.00,,,,,,,,,,,,,,,,,,,,,,,,,290,gp GLP,MF,fr Ligue 1,27-323,1998,3.9,0,6,0,0.0,1.53,0.00,0.00,,0,0,356,gp GLP,MF,fr Ligue 1,27-323,1998,4,353,88,98.1,3.9,4,88,3,0,,0,1.25,4,4,0,0.00,0.00,290,gp GLP,MF,fr Ligue 1,27-323,1998,3.9,0,0,0,3,4,0,1,3,6,0
291,Moisés Caicedo,ec ECU,MF,Chelsea,eng Premier League,24.0,2001,1,0,14,0.2,0,0,0,0,0,0,0,0,0.00,,,,,,,,,,,,,,,,,,,,,,,,,291,ec ECU,MF,eng Premier League,24-316,2001,0.2,0,0,0,,0.00,0.00,,,0,0,358,ec ECU,MF,eng Premier League,24-316,2001,1,14,14,3.9,0.2,0,,0,1,14,0,3.00,1,0,+1,+6.43,+6.43,291,ec ECU,MF,eng Premier League,24-316,2001,0.2,0,0,0,0,0,0,0,0,0,0
292,Jens Cajuste,se SWE,MF,Málaga,es La Liga,27.0,1999,1,0,5,0.1,0,0,0,0,0,0,0,0,0.00,,,,,,,,,,,,,,,,,,,,,,,,,292,se SWE,MF,es La Liga,27-035,1999,0.1,0,0,0,,0.00,0.00,,,0,0,360,se SWE,MF,es La Liga,27-035,1999,1,5,5,1.1,0.1,0,,0,1,5,1,1.00,0,0,0,0.00,+1.21,292,se SWE,MF,es La Liga,27-035,1999,0.1,0,0,0,0,0,0,0,0,1,0
293,Riccardo Calafiori,it ITA,DF,Arsenal,eng Premier League,24.0,2002,4,4,327,3.6,0,2,2,0,0,0,0,0,0.55,,,,,,,,,,,,,,,,,,,,,,,,,293,it ITA,DF,eng Premier League,24-118,2002,3.6,0,5,1,20.0,1.38,0.28,0.00,0.00,0,0,361,it ITA,DF,eng Premier League,24-118,2002,4,327,82,90.8,3.6,4,82,2,0,,0,3.00,8,1,+7,+1.93,+1.93,293,it ITA,DF,eng Premier League,24-118,2002,3.6,0,0,0,3,1,1,1,1,2,0
294,Álex Calatrava,es ESP,MF,Espanyol,es La Liga,26.0,2000,5,4,309,3.4,1,0,1,1,0,0,3,0,0.29,,,,,,,,,,,,,,,,,,,,,,,,,294,es ESP,MF,es La Liga,26-084,2000,3.4,1,8,4,50.0,2.33,1.17,0.13,0.25,0,0,363,es ESP,MF,es La Liga,26-084,2000,5,309,62,68.7,3.4,4,71,1,1,25,0,1.40,4,3,+1,+0.29,-0.99,294,es ESP,MF,es La Liga,26-084,2000,3.4,3,0,0,7,3,1,3,3,6,0
295,Duje Ćaleta-Car,hr CRO,DF,Sassuolo,it Serie A,29.0,1996,1,0,10,0.1,0,0,0,0,0,0,0,0,0.00,,,,,,,,,,,,,,,,,,,,,,,,,295,hr CRO,DF,it Serie A,29-362,1996,0.1,0,0,0,,0.00,0.00,,,0,0,364,hr CRO,DF,it Serie A,29-362,1996,1,10,10,2.8,0.1,0,,0,1,10,1,3.00,2,2,0,0.00,-0.26,295,hr CRO,DF,it Serie A,29-362,1996,0.1,0,0,0,0,0,0,0,0,0,0
296,Hakan Çalhanoğlu,tr TUR,MF,Inter,it Serie A,32.0,1994,3,2,136,1.5,2,0,2,2,0,0,1,0,1.32,,,,,,,,,,,,,,,,,,,,,,,,,296,tr TUR,MF,it Serie A,32-218,1994,1.5,2,3,2,66.7,1.99,1.32,0.67,1.00,0,0,365,tr TUR,MF,it Serie A,32-218,1994,3,136,45,50.4,1.5,2,59,0,1,19,0,3.00,5,1,+4,+2.65,+1.98,296,tr TUR,MF,it Serie A,32-218,1994,1.5,1,0,0,2,1,0,5,3,1,0
297,Giacomo Calò,it ITA,MF,Frosinone,it Serie A,29.0,1997,4,4,348,3.9,0,1,1,0,0,0,0,0,0.26,,,,,,,,,,,,,,,,,,,,,,,,,297,it ITA,MF,it Serie A,29-221,1997,3.9,0,6,2,33.3,1.55,0.52,0.00,0.00,0,0,366,it ITA,MF,it Serie A,29-221,1997,4,348,87,96.7,3.9,4,87,2,0,,0,1.75,7,4,+3,+0.78,+0.78,297,it ITA,MF,it Serie A,29-221,1997,3.9,0,0,0,5,8,1,25,1,1,0
298,Lucas Calodat,fr FRA,MF,Le Mans,fr Ligue 1,24.0,2002,4,3,244,2.7,1,1,2,1,0,0,0,0,0.74,,,,,,,,,,,,,,,,,,,,,,,,,298,fr FRA,MF,fr Ligue 1,24-220,2002,2.7,1,3,3,100.0,1.11,1.11,0.33,0.33,0,0,367,fr FRA,MF,fr Ligue 1,24-220,2002,4,244,61,67.8,2.7,3,78,1,1,10,0,0.75,5,5,0,0.00,+0.78,298,fr FRA,MF,fr Ligue 1,24-220,2002,2.7,0,0,0,2,2,0,8,6,1,0
299,Gabriele Calvani,it ITA,DF,Frosinone,it Serie A,22.0,2004,4,4,343,3.8,0,0,0,0,0,0,2,0,0.00,,,,,,,,,,,,,,,,,,,,,,,,,299,it ITA,DF,it Serie A,22-245,2004,3.8,0,4,0,0.0,1.05,0.00,0.00,,0,0,368,it ITA,DF,it Serie A,22-245,2004,4,343,86,95.3,3.8,4,86,3,0,,0,1.75,7,4,+3,+0.79,+0.79,299,it ITA,DF,it Serie A,22-245,2004,3.8,2,0,0,5,4,1,1,5,7,0
300,Dominic Calvert-Lewin,eng ENG,FW,Leeds United,eng Premier League,29.0,1997,3,3,252,2.8,1,0,1,1,0,0,2,0,0.36,,,,,,,,,,,,,,,,,,,,,,,,,300,eng ENG,FW,eng Premier League,29-182,1997,2.8,1,6,3,50.0,2.14,1.07,0.17,0.33,0,0,369,eng ENG,FW,eng Premier League,29-182,1997,3,252,84,93.3,2.8,3,84,2,0,,0,1.67,3,2,+1,+0.36,+0.36,300,eng ENG,FW,eng Premier League,29-182,1997,2.8,2,0,0,7,3,4,0,0,0,0
301,Aboulaye Camara,mr MTN,MF,Nice,fr Ligue 1,18.0,2008,1,0,6,0.1,0,0,0,0,0,0,0,0,0.00,,,,,,,,,,,,,,,,,,,,,,,,,301,mr MTN,MF,fr Ligue 1,18-216,2008,0.1,0,0,0,,0.00,0.00,,,0,0,370,mr MTN,MF,fr Ligue 1,18-216,2008,1,6,6,1.7,0.1,0,,0,1,6,3,1.00,0,0,0,0.00,+1.02,301,mr MTN,MF,fr Ligue 1,18-216,2008,0.1,0,0,0,0,0,0,0,0,0,0
302,Adama Camara,fr FRA,"DF,MF",Paris FC,fr Ligue 1,29.0,1996,4,4,360,4.0,0,0,0,0,0,0,0,0,0.00,,,,,,,,,,,,,,,,,,,,,,,,,302,fr FRA,"DF,MF",fr Ligue 1,29-331,1996,4.0,0,1,0,0.0,0.25,0.00,0.00,,0,0,371,fr FRA,"DF,MF",fr Ligue 1,29-331,1996,4,360,90,100.0,4.0,4,90,4,0,,0,2.00,6,2,+4,+1.00,,302,fr FRA,"DF,MF",fr Ligue 1,29-331,1996,4.0,0,0,0,1,3,1,1,3,7,0
303,Lamine Camara,sn SEN,MF,Monaco,fr Ligue 1,22.0,2004,4,4,360,4.0,0,1,1,0,0,0,1,0,0.25,,,,,,,,,,,,,,,,,,,,,,,,,303,sn SEN,MF,fr Ligue 1,22-256,2004,4.0,0,2,1,50.0,0.50,0.25,0.00,0.00,0,0,373,sn SEN,MF,fr Ligue 1,22-256,2004,4,360,90,100.0,4.0,4,90,4,0,,0,2.50,6,2,+4,+1.00,,303,sn SEN,MF,fr Ligue 1,22-256,2004,4.0,1,0,0,6,10,0,8,6,15,0
304,Mahdi Camara,fr FRA,MF,Rennes,fr Ligue 1,28.0,1998,3,2,211,2.3,0,0,0,0,0,0,0,0,0.00,,,,,,,,,,,,,,,,,,,,,,,,,304,fr FRA,MF,fr Ligue 1,28-076,1998,2.3,0,4,1,25.0,1.71,0.43,0.00,0.00,0,0,374,fr FRA,MF,fr Ligue 1,28-076,1998,3,211,70,58.6,2.3,2,90,2,1,31,0,3.00,4,1,+3,+1.28,+1.28,304,fr FRA,MF,fr Ligue 1,28-076,1998,2.3,0,0,0,6,4,0,3,2,1,0
305,Ousmane Camara,ml MLI,DF,Angers,fr Ligue 1,23.0,2003,4,4,360,4.0,0,1,1,0,0,0,0,0,0.25,,,,,,,,,,,,,,,,,,,,,,,,,305,ml MLI,DF,fr Ligue 1,23-192,2003,4.0,0,2,0,0.0,0.50,0.00,0.00,,0,0,375,ml MLI,DF,fr Ligue 1,23-192,2003,4,360,90,100.0,4.0,4,90,4,0,,0,1.00,4,5,-1,-0.25,,305,ml MLI,DF,fr Ligue 1,23-192,2003,4.0,0,0,0,0,0,0,0,7,5,0
306,Francesco Camarda,it ITA,FW,Milan,it Serie A,18.0,2008,1,0,6,0.1,0,0,0,0,0,0,0,0,0.00,,,,,,,,,,,,,,,,,,,,,,,,,306,it ITA,FW,it Serie A,18-188,2008,0.1,0,0,0,,0.00,0.00,,,0,0,376,it ITA,FW,it Serie A,18-188,2008,1,6,6,1.7,0.1,0,,0,1,6,3,1.00,0,0,0,0.00,-0.76,306,it ITA,FW,it Serie A,18-188,2008,0.1,0,0,0,0,0,0,0,0,0,0
307,Eduardo Camavinga,fr FRA,MF,Real Madrid,es La Liga,23.0,2002,5,2,222,2.5,0,0,0,0,0,0,2,0,0.00,,,,,,,,,,,,,,,,,,,,,,,,,307,fr FRA,MF,es La Liga,23-308,2002,2.5,0,0,0,,0.00,0.00,,,0,0,377,fr FRA,MF,es La Liga,23-308,2002,5,222,44,49.3,2.5,2,77,1,3,23,0,2.40,7,1,+6,+2.43,+0.85,307,fr FRA,MF,es La Liga,23-308,2002,2.5,2,0,0,5,2,0,0,3,2,0
308,Nicolò Cambiaghi,it ITA,MF,Bologna,it Serie A,25.0,2000,4,4,295,3.3,0,0,0,0,0,0,1,0,0.00,,,,,,,,,,,,,,,,,,,,,,,,,308,it ITA,MF,it Serie A,25-260,2000,3.3,0,8,1,12.5,2.44,0.31,0.00,0.00,0,0,378,it ITA,MF,it Serie A,25-260,2000,4,295,74,81.9,3.3,4,74,1,0,,0,0.25,1,5,-4,-1.22,-2.60,308,it ITA,MF,it Serie A,25-260,2000,3.3,1,0,0,8,10,0,9,2,2,0
309,Andrea Cambiaso,it ITA,"DF,MF",Juventus,it Serie A,26.0,2000,2,0,32,0.4,0,0,0,0,0,0,1,0,0.00,,,,,,,,,,,,,,,,,,,,,,,,,309,it ITA,"DF,MF",it Serie A,26-206,2000,0.4,0,0,0,,0.00,0.00,,,0,0,379,it ITA,"DF,MF",it Serie A,26-206,2000,2,32,16,8.9,0.4,0,,0,2,16,0,3.00,0,0,0,0.00,-0.55,309,it ITA,"DF,MF",it Serie A,26-206,2000,0.4,1,0,0,1,1,0,0,0,1,0
310,Axel Camblan,fr FRA,FW,Brest,fr Ligue 1,23.0,2003,1,0,20,0.2,0,0,0,0,0,0,0,0,0.00,,,,,,,,,,,,,,,,,,,,,,,,,310,fr FRA,FW,fr Ligue 1,23-015,2003,0.2,0,1,0,0.0,4.50,0.00,0.00,,0,0,380,fr FRA,FW,fr Ligue 1,23-015,2003,1,20,20,5.6,0.2,0,,0,1,20,1,1.00,0,0,0,0.00,0.00,310,fr FRA,FW,fr Ligue 1,23-015,2003,0.2,0,0,0,0,0,0,2,0,0,0
311,Sergio Camello,es ESP,FW,Rayo Vallecano,es La Liga,25.0,2001,5,4,321,3.6,6,1,7,6,0,0,2,0,1.96,,,,,,,,,,,,,,,,,,,,,,,,,311,es ESP,FW,es La Liga,25-216,2001,3.6,6,13,10,76.9,3.64,2.80,0.46,0.60,0,0,381,es ESP,FW,es La Liga,25-216,2001,5,321,64,71.3,3.6,4,74,1,1,27,0,0.80,7,11,-4,-1.12,+0.27,311,es ESP,FW,es La Liga,25-216,2001,3.6,2,0,0,4,11,1,2,0,3,0
312,Cole Campbell,us USA,MF,Elversberg,de Bundesliga,20.0,2006,3,3,172,1.9,1,0,1,1,0,0,1,0,0.52,,,,,,,,,,,,,,,,,,,,,,,,,312,us USA,MF,de Bundesliga,20-206,2006,1.9,1,4,3,75.0,2.09,1.57,0.25,0.33,0,0,382,us USA,MF,de Bundesliga,20-206,2006,3,172,57,63.7,1.9,3,57,0,0,,0,2.00,4,4,0,0.00,-0.92,312,us USA,MF,de Bundesliga,20-206,2006,1.9,1,0,0,3,6,1,3,0,0,0
313,Peio Canales,es ESP,MF,Athletic Club,es La Liga,21.0,2005,3,2,206,2.3,0,0,0,0,0,0,0,0,0.00,,,,,,,,,,,,,,,,,,,,,,,,,313,es ESP,MF,es La Liga,21-240,2005,2.3,0,3,2,66.7,1.31,0.87,0.00,0.00,0,0,383,es ESP,MF,es La Liga,21-240,2005,3,206,69,45.8,2.3,2,90,2,1,26,0,1.00,1,5,-4,-1.75,-3.59,313,es ESP,MF,es La Liga,21-240,2005,2.3,0,0,0,1,4,0,4,1,2,0
314,Sergio Canales,es ESP,MF,Racing Sant,es La Liga,35.0,1991,5,5,386,4.3,1,0,1,1,0,0,0,0,0.23,,,,,,,,,,,,,,,,,,,,,,,,,314,es ESP,MF,es La Liga,35-210,1991,4.3,1,13,5,38.5,3.03,1.17,0.08,0.20,0,0,384,es ESP,MF,es La Liga,35-210,1991,5,386,77,85.8,4.3,5,77,1,0,,0,1.40,9,8,+1,+0.23,+1.64,314,es ESP,MF,es La Liga,35-210,1991,4.3,0,0,0,3,7,0,12,2,4,0
315,Matteo Cancellieri,it ITA,FW,Lazio,it Serie A,24.0,2002,4,3,202,2.2,1,0,1,1,0,0,1,0,0.45,,,,,,,,,,,,,,,,,,,,,,,,,315,it ITA,FW,it Serie A,24-214,2002,2.2,1,6,3,50.0,2.67,1.34,0.17,0.33,0,0,385,it ITA,FW,it Serie A,24-214,2002,4,202,51,56.1,2.2,3,55,0,1,38,0,2.50,5,0,+5,+2.23,+3.37,315,it ITA,FW,it Serie A,24-214,2002,2.2,1,0,0,5,1,0,4,1,1,0
316,João Cancelo,pt POR,"DF,MF",Barcelona,es La Liga,32.0,1994,4,0,42,0.5,0,0,0,0,0,0,0,0,0.00,,,,,,,,,,,,,,,,,,,,,,,,,316,pt POR,"DF,MF",es La Liga,32-110,1994,0.5,0,1,0,0.0,2.14,0.00,0.00,,0,0,386,pt POR,"DF,MF",es La Liga,32-110,1994,4,42,11,9.3,0.5,0,,0,4,11,1,3.00,2,1,+1,+2.14,-1.39,316,pt POR,"DF,MF",es La Liga,32-110,1994,0.5,0,0,0,0,0,0,1,0,1,0
317,Jaydee Canvot,fr FRA,DF,Crystal Palace,eng Premier League,20.0,2006,3,3,270,3.0,0,0,0,0,0,0,0,0,0.00,,,,,,,,,,,,,,,,,,,,,,,,,317,fr FRA,DF,eng Premier League,20-047,2006,3.0,0,1,0,0.0,0.33,0.00,0.00,,0,0,387,fr FRA,DF,eng Premier League,20-047,2006,3,270,90,75.0,3.0,3,90,3,0,,0,1.00,4,8,-4,-1.33,-0.33,317,fr FRA,DF,eng Premier League,20-047,2006,3.0,0,0,0,0,1,1,0,4,6,0
318,Nicolás Capaldo,ar ARG,DF,Hamburger SV,de Bundesliga,28.0,1998,3,3,270,3.0,0,0,0,0,0,0,1,0,0.00,,,,,,,,,,,,,,,,,,,,,,,,,318,ar ARG,DF,de Bundesliga,28-000,1998,3.0,0,1,0,0.0,0.33,0.00,0.00,,0,0,388,ar ARG,DF,de Bundesliga,28-000,1998,3,270,90,100.0,3.0,3,90,3,0,,0,0.00,0,12,-12,-4.00,,318,ar ARG,DF,de Bundesliga,28-000,1998,3.0,1,0,0,7,10,1,3,6,4,0
319,Elia Caprile,it ITA,GK,Cagliari,it Serie A,25.0,2001,4,4,360,4.0,0,0,0,0,0,0,0,0,0.00,14,it ITA,GK,it Serie A,25-020,2001,4,4,360,4.0,2,0.50,15,13,86.7,3,0,1,2,50.0,0,0,0,0,319,it ITA,GK,it Serie A,25-020,2001,4.0,0,0,0,,0.00,0.00,,,0,0,389,it ITA,GK,it Serie A,25-020,2001,4,360,90,100.0,4.0,4,90,4,0,,0,2.25,4,2,+2,+0.50,,319,it ITA,GK,it Serie A,25-020,2001,4.0,0,0,0,0,0,0,0,0,0,0
320,Maxence Caqueret,fr FRA,MF,Como,it Serie A,26.0,2000,3,0,60,0.7,0,0,0,0,0,0,0,0,0.00,,,,,,,,,,,,,,,,,,,,,,,,,320,fr FRA,MF,it Serie A,26-211,2000,0.7,0,0,0,,0.00,0.00,,,0,0,390,fr FRA,MF,it Serie A,26-211,2000,3,60,20,22.2,0.7,0,,0,3,20,0,2.33,1,0,+1,+1.50,+0.21,320,fr FRA,MF,it Serie A,26-211,2000,0.7,0,0,0,1,0,0,0,0,0,0
321,Andrea Carboni,it ITA,DF,Monza,it Serie A,25.0,2001,4,4,350,3.9,0,0,0,0,0,0,0,0,0.00,,,,,,,,,,,,,,,,,,,,,,,,,321,it ITA,DF,it Serie A,25-222,2001,3.9,0,4,2,50.0,1.03,0.51,0.00,0.00,0,0,391,it ITA,DF,it Serie A,25-222,2001,4,350,88,97.2,3.9,4,88,3,0,,0,0.25,6,11,-5,-1.29,-1.29,321,it ITA,DF,it Serie A,25-222,2001,3.9,0,0,0,4,1,1,5,5,2,0
322,Dani Cárdenas,es ESP,GK,Rayo Vallecano,es La Liga,29.0,1997,3,2,211,2.3,0,0,0,0,0,0,0,0,0.00,15,es ESP,GK,es La Liga,29-170,1997,3,2,211,2.3,8,3.41,16,8,50.0,1,0,1,0,0.0,0,0,0,0,322,es ESP,GK,es La Liga,29-170,1997,2.3,0,0,0,,0.00,0.00,,,0,0,393,es ESP,GK,es La Liga,29-170,1997,3,211,70,46.9,2.3,2,90,2,1,31,2,1.33,5,8,-3,-1.28,-0.15,322,es ESP,GK,es La Liga,29-170,1997,2.3,0,0,0,0,1,0,0,0,0,0
323,Sergi Cardona,es ESP,DF,Villarreal,es La Liga,27.0,1999,1,1,90,1.0,0,0,0,0,0,0,0,0,0.00,,,,,,,,,,,,,,,,,,,,,,,,,323,es ESP,DF,es La Liga,27-068,1999,1.0,0,0,0,,0.00,0.00,,,0,0,394,es ESP,DF,es La Liga,27-068,1999,1,90,90,25.0,1.0,1,90,1,0,,3,0.00,2,3,-1,-1.00,-0.67,323,es ESP,DF,es La Liga,27-068,1999,1.0,0,0,0,3,1,0,3,2,1,0
324,Johnny Cardoso,us USA,MF,Atlético Madrid,es La Liga,24.0,2001,3,0,53,0.6,0,0,0,0,0,0,1,0,0.00,,,,,,,,,,,,,,,,,,,,,,,,,324,us USA,MF,es La Liga,24-359,2001,0.6,0,1,0,0.0,1.70,0.00,0.00,,0,0,395,us USA,MF,es La Liga,24-359,2001,3,53,18,11.8,0.6,0,,0,3,18,2,2.00,3,1,+2,+3.40,+2.94,324,us USA,MF,es La Liga,24-359,2001,0.6,1,0,0,3,1,0,0,1,1,0
325,Diego Carlos,br BRA,DF,Parma,it Serie A,33.0,1993,1,1,45,0.5,0,0,0,0,0,0,0,0,0.00,,,,,,,,,,,,,,,,,,,,,,,,,325,br BRA,DF,it Serie A,33-183,1993,0.5,0,1,0,0.0,2.00,0.00,0.00,,0,0,396,br BRA,DF,it Serie A,33-183,1993,1,45,45,16.7,0.5,1,45,0,0,,0,1.00,0,1,-1,-2.00,-1.20,325,br BRA,DF,it Serie A,33-183,1993,0.5,0,0,0,2,0,0,0,0,0,0
326,Kevin Carlos,es ESP,FW,Cagliari,it Serie A,25.0,2001,2,0,46,0.5,0,0,0,0,0,0,1,0,0.00,,,,,,,,,,,,,,,,,,,,,,,,,326,es ESP,FW,it Serie A,25-157,2001,0.5,0,0,0,,0.00,0.00,,,0,0,397,es ESP,FW,it Serie A,25-157,2001,2,46,23,12.8,0.5,0,,0,2,23,1,1.50,0,0,0,0.00,-0.57,326,es ESP,FW,it Serie A,25-157,2001,0.5,1,0,0,1,1,1,1,0,0,0
327,Carmona,es ESP,"DF,MF",Sevilla,es La Liga,24.0,2002,2,0,43,0.5,0,0,0,0,0,0,0,0,0.00,,,,,,,,,,,,,,,,,,,,,,,,,327,es ESP,"DF,MF",es La Liga,24-228,2002,0.5,0,0,0,,0.00,0.00,,,0,0,398,es ESP,"DF,MF",es La Liga,24-228,2002,2,43,22,9.6,0.5,0,,0,2,22,3,2.00,1,2,-1,-2.09,-2.76,327,es ESP,"DF,MF",es La Liga,24-228,2002,0.5,0,0,0,1,2,0,1,1,0,0
328,Marco Carnesecchi,it ITA,GK,Atalanta,it Serie A,26.0,2000,4,4,360,4.0,0,0,0,0,0,0,0,0,0.00,16,it ITA,GK,it Serie A,26-075,2000,4,4,360,4.0,5,1.25,27,22,81.5,2,0,2,1,25.0,1,1,0,0,328,it ITA,GK,it Serie A,26-075,2000,4.0,0,0,0,,0.00,0.00,,,0,0,400,it ITA,GK,it Serie A,26-075,2000,4,360,90,100.0,4.0,4,90,4,0,,0,1.50,5,5,0,0.00,,328,it ITA,GK,it Serie A,26-075,2000,4.0,0,0,0,0,0,0,0,0,0,0
329,Sergio Carreira,es ESP,MF,Celta Vigo,es La Liga,25.0,2000,6,4,413,4.6,0,0,0,0,0,0,1,0,0.00,,,,,,,,,,,,,,,,,,,,,,,,,329,es ESP,MF,es La Liga,25-336,2000,4.6,0,4,1,25.0,0.87,0.22,0.00,0.00,0,0,402,es ESP,MF,es La Liga,25-336,2000,6,413,69,76.5,4.6,4,90,4,2,27,0,0.67,1,3,-2,-0.44,+0.27,329,es ESP,MF,es La Liga,25-336,2000,4.6,1,0,0,4,7,2,3,0,2,0
330,Álvaro Carreras,es ESP,DF,Real Madrid,es La Liga,23.0,2003,4,3,201,2.2,1,0,1,1,0,0,1,0,0.45,,,,,,,,,,,,,,,,,,,,,,,,,330,es ESP,DF,es La Liga,23-175,2003,2.2,1,1,1,100.0,0.45,0.45,1.00,1.00,0,0,404,es ESP,DF,es La Liga,23-175,2003,4,201,50,44.7,2.2,3,66,1,1,3,1,2.25,6,3,+3,+1.34,-1.19,330,es ESP,DF,es La Liga,23-175,2003,2.2,1,0,0,1,2,0,3,2,4,0
331,Cesare Casadei,it ITA,MF,Torino,it Serie A,23.0,2003,1,1,69,0.8,0,0,0,0,0,0,0,0,0.00,,,,,,,,,,,,,,,,,,,,,,,,,331,it ITA,MF,it Serie A,23-247,2003,0.8,0,0,0,,0.00,0.00,,,0,0,406,it ITA,MF,it Serie A,23-247,2003,1,69,69,25.6,0.8,1,69,0,0,,0,0.00,0,2,-2,-2.61,-3.06,331,it ITA,MF,it Serie A,23-247,2003,0.8,0,0,0,1,1,0,1,0,2,0
332,Marc Casado,es ESP,MF,Dep. A Coruña,es La Liga,23.0,2003,2,1,86,1.0,0,0,0,0,0,0,0,0,0.00,,,,,,,,,,,,,,,,,,,,,,,,,332,es ESP,MF,es La Liga,23-000,2003,1.0,0,0,0,,0.00,0.00,,,0,0,407,es ESP,MF,es La Liga,23-000,2003,2,86,43,19.1,1.0,1,61,0,1,25,0,2.00,2,1,+1,+1.05,+0.55,332,es ESP,MF,es La Liga,23-000,2003,1.0,0,0,0,0,5,0,0,1,0,0
333,Matty Cash,pl POL,DF,Aston Villa,eng Premier League,29.0,1997,3,3,251,2.8,0,0,0,0,0,0,1,0,0.00,,,,,,,,,,,,,,,,,,,,,,,,,333,pl POL,DF,eng Premier League,29-038,1997,2.8,0,1,0,0.0,0.36,0.00,0.00,,0,0,409,pl POL,DF,eng Premier League,29-038,1997,3,251,84,69.7,2.8,3,84,1,0,,0,0.33,0,5,-5,-1.79,-0.97,333,pl POL,DF,eng Premier League,29-038,1997,2.8,1,0,0,5,5,0,1,1,5,0
334,Josué Casimir,ht HAI,"FW,MF",Auxerre,fr Ligue 1,24.0,2001,2,0,24,0.3,0,0,0,0,0,0,0,0,0.00,,,,,,,,,,,,,,,,,,,,,,,,,334,ht HAI,"FW,MF",fr Ligue 1,24-355,2001,0.3,0,2,0,0.0,7.50,0.00,0.00,,0,0,410,ht HAI,"FW,MF",fr Ligue 1,24-355,2001,2,24,12,6.7,0.3,0,,0,2,12,1,0.00,0,2,-2,-7.50,-6.43,334,ht HAI,"FW,MF",fr Ligue 1,24-355,2001,0.3,0,0,0,1,0,1,1,0,1,0
335,Cristian Cásseres Jr.,ve VEN,MF,Toulouse,fr Ligue 1,26.0,2000,4,4,360,4.0,0,3,3,0,0,0,1,0,0.75,,,,,,,,,,,,,,,,,,,,,,,,,335,ve VEN,MF,fr Ligue 1,26-237,2000,4.0,0,5,1,20.0,1.25,0.25,0.00,0.00,0,0,413,ve VEN,MF,fr Ligue 1,26-237,2000,4,360,90,100.0,4.0,4,90,4,0,,0,0.50,4,7,-3,-0.75,,335,ve VEN,MF,fr Ligue 1,26-237,2000,4.0,1,0,0,8,9,0,16,3,15,0
336,Timothy Castagne,be BEL,DF,Fulham,eng Premier League,30.0,1995,4,4,318,3.5,0,1,1,0,0,0,1,0,0.28,,,,,,,,,,,,,,,,,,,,,,,,,336,be BEL,DF,eng Premier League,30-283,1995,3.5,0,4,2,50.0,1.13,0.57,0.00,0.00,0,0,414,be BEL,DF,eng Premier League,30-283,1995,4,318,80,88.3,3.5,4,80,2,0,,0,0.25,4,6,-2,-0.57,+1.58,336,be BEL,DF,eng Premier League,30-283,1995,3.5,1,0,0,7,4,2,5,4,5,0
337,Santiago Castaneda,us USA,MF,Paderborn 07,de Bundesliga,21.0,2004,3,3,270,3.0,0,0,0,0,0,0,1,0,0.00,,,,,,,,,,,,,,,,,,,,,,,,,337,us USA,MF,de Bundesliga,21-305,2004,3.0,0,3,1,33.3,1.00,0.33,0.00,0.00,0,0,415,us USA,MF,de Bundesliga,21-305,2004,3,270,90,100.0,3.0,3,90,3,0,,0,0.33,0,4,-4,-1.33,,337,us USA,MF,de Bundesliga,21-305,2004,3.0,1,0,0,3,3,0,1,7,3,0
338,Castrin,es ESP,DF,Sevilla,es La Liga,23.0,2003,4,3,301,3.3,0,0,0,0,0,0,0,0,0.00,,,,,,,,,,,,,,,,,,,,,,,,,338,es ESP,DF,es La Liga,23-256,2003,3.3,0,2,1,50.0,0.60,0.30,0.00,0.00,0,0,418,es ESP,DF,es La Liga,23-256,2003,4,301,75,66.9,3.3,3,90,3,1,31,1,1.75,6,5,+1,+0.30,-0.31,338,es ESP,DF,es La Liga,23-256,2003,3.3,0,0,0,0,1,0,0,4,2,0
339,Jonny Castro,es ESP,DF,Alavés,es La Liga,32.0,1994,5,5,418,4.6,0,0,0,0,0,0,0,0,0.00,,,,,,,,,,,,,,,,,,,,,,,,,339,es ESP,DF,es La Liga,32-195,1994,4.6,0,2,1,50.0,0.43,0.22,0.00,0.00,0,0,419,es ESP,DF,es La Liga,32-195,1994,5,418,84,92.9,4.6,5,84,3,0,,0,2.00,9,5,+4,+0.86,-4.76,339,es ESP,DF,es La Liga,32-195,1994,4.6,0,0,0,1,3,0,3,4,8,0
340,Santiago Castro,ar ARG,FW,Roma,it Serie A,21.0,2004,3,0,75,0.8,0,0,0,0,0,0,0,0,0.00,,,,,,,,,,,,,,,,,,,,,,,,,340,ar ARG,FW,it Serie A,21-361,2004,0.8,0,6,0,0.0,7.20,0.00,0.00,,0,0,420,ar ARG,FW,it Serie A,21-361,2004,3,75,25,27.8,0.8,0,,0,3,25,0,3.00,3,0,+3,+3.60,+0.83,340,ar ARG,FW,it Serie A,21-361,2004,0.8,0,0,0,5,2,0,2,1,0,0
341,Alessio Castro-Montes,be BEL,DF,Köln,de Bundesliga,29.0,1997,3,3,243,2.7,0,0,0,0,0,0,1,0,0.00,,,,,,,,,,,,,,,,,,,,,,,,,341,be BEL,DF,de Bundesliga,29-120,1997,2.7,0,0,0,,0.00,0.00,,,0,0,421,be BEL,DF,de Bundesliga,29-120,1997,3,243,81,90.0,2.7,3,81,1,0,,0,1.33,5,6,-1,-0.37,+2.96,341,be BEL,DF,de Bundesliga,29-120,1997,2.7,1,0,0,3,0,0,18,4,5,0
342,Catena,es ESP,DF,Osasuna,es La Liga,31.0,1994,5,5,450,5.0,0,0,0,0,0,0,0,0,0.00,,,,,,,,,,,,,,,,,,,,,,,,,342,es ESP,DF,es La Liga,31-321,1994,5.0,0,0,0,,0.00,0.00,,,0,0,423,es ESP,DF,es La Liga,31-321,1994,5,450,90,100.0,5.0,5,90,5,0,,0,1.40,5,8,-3,-0.60,,342,es ESP,DF,es La Liga,31-321,1994,5.0,0,0,0,4,3,0,1,4,3,0
343,Zeki Çelik,tr TUR,DF,Juventus,it Serie A,29.0,1997,4,4,335,3.7,0,0,0,0,0,0,1,0,0.00,,,,,,,,,,,,,,,,,,,,,,,,,343,tr TUR,DF,it Serie A,29-209,1997,3.7,0,1,0,0.0,0.27,0.00,0.00,,0,0,426,tr TUR,DF,it Serie A,29-209,1997,4,335,84,93.1,3.7,4,84,2,0,,0,1.75,5,4,+1,+0.27,-3.33,343,tr TUR,DF,it Serie A,29-209,1997,3.7,1,0,0,3,1,3,4,5,9,0
344,Lucas Cepeda,cl CHI,MF,Elche,es La Liga,23.0,2002,5,0,110,1.2,0,1,1,0,0,0,0,0,0.82,,,,,,,,,,,,,,,,,,,,,,,,,344,cl CHI,MF,es La Liga,23-318,2002,1.2,0,7,4,57.1,5.73,3.27,0.00,0.00,0,0,427,cl CHI,MF,es La Liga,23-318,2002,5,110,22,24.4,1.2,0,,0,5,22,0,0.40,4,4,0,0.00,+1.85,344,cl CHI,MF,es La Liga,23-318,2002,1.2,0,0,0,3,1,1,7,3,0,0
345,Julian Chabot,de GER,DF,Stuttgart,de Bundesliga,28.0,1998,3,3,253,2.8,0,0,0,0,0,0,1,0,0.00,,,,,,,,,,,,,,,,,,,,,,,,,345,de GER,DF,de Bundesliga,28-214,1998,2.8,0,5,2,40.0,1.78,0.71,0.00,0.00,0,0,429,de GER,DF,de Bundesliga,28-214,1998,3,253,84,93.7,2.8,3,84,2,0,,0,1.00,6,6,0,0.00,+10.59,345,de GER,DF,de Bundesliga,28-214,1998,2.8,1,0,0,4,0,0,0,5,6,0
346,Fares Chaïbi,dz ALG,MF,Frankfurt,de Bundesliga,23.0,2002,2,1,112,1.2,0,0,0,0,0,0,0,0,0.00,,,,,,,,,,,,,,,,,,,,,,,,,346,dz ALG,MF,de Bundesliga,23-290,2002,1.2,0,2,0,0.0,1.61,0.00,0.00,,0,0,430,dz ALG,MF,de Bundesliga,23-290,2002,2,112,56,41.5,1.2,1,90,1,1,22,0,0.50,3,4,-1,-0.80,-0.80,346,dz ALG,MF,de Bundesliga,23-290,2002,1.2,0,0,0,0,1,0,6,1,1,0
347,Trevoh Chalobah,eng ENG,DF,Como,it Serie A,27.0,1999,3,3,270,3.0,0,0,0,0,0,0,0,0,0.00,,,,,,,,,,,,,,,,,,,,,,,,,347,eng ENG,DF,it Serie A,27-071,1999,3.0,0,1,1,100.0,0.33,0.33,0.00,0.00,0,0,432,eng ENG,DF,it Serie A,27-071,1999,3,270,90,100.0,3.0,3,90,3,0,,0,2.33,7,3,+4,+1.33,,347,eng ENG,DF,it Serie A,27-071,1999,3.0,0,0,0,0,1,0,0,3,4,0
348,Timothy Chandler,us USA,"DF,MF",Frankfurt,de Bundesliga,36.0,1990,2,0,26,0.3,0,0,0,0,0,0,0,0,0.00,,,,,,,,,,,,,,,,,,,,,,,,,348,us USA,"DF,MF",de Bundesliga,36-169,1990,0.3,0,1,0,0.0,3.46,0.00,0.00,,0,0,433,us USA,"DF,MF",de Bundesliga,36-169,1990,2,26,13,9.6,0.3,0,,0,2,13,1,1.50,0,2,-2,-6.92,-7.29,348,us USA,"DF,MF",de Bundesliga,36-169,1990,0.3,0,0,0,1,0,0,1,1,0,0
349,Shea Charles,nir NIR,MF,Fulham,eng Premier League,22.0,2003,4,2,215,2.4,0,0,0,0,0,0,0,0,0.00,,,,,,,,,,,,,,,,,,,,,,,,,349,nir NIR,MF,eng Premier League,22-313,2003,2.4,0,2,0,0.0,0.84,0.00,0.00,,0,0,434,nir NIR,MF,eng Premier League,22-313,2003,4,215,54,59.7,2.4,2,84,1,2,24,0,0.25,2,4,-2,-0.84,-0.22,349,nir NIR,MF,eng Premier League,22-313,2003,2.4,0,0,0,1,3,0,1,7,2,0
350,Pep Chavarría,es ESP,"DF,MF",Chelsea,eng Premier League,28.0,1998,4,0,121,1.3,0,0,0,0,0,0,0,0,0.00,,,,,,,,,,,,,,,,,,,,,,,,,350,es ESP,"DF,MF",eng Premier League,28-157,1998,1.3,0,0,0,,0.00,0.00,,,0,0,435,es ESP,"DF,MF",eng Premier League,28-157,1998,4,121,30,33.6,1.3,0,,0,4,30,0,1.75,2,1,+1,+0.74,+0.74,350,es ESP,"DF,MF",eng Premier League,28-157,1998,1.3,0,0,0,1,1,0,3,1,1,0
351,Chema,es ESP,MF,Stuttgart,de Bundesliga,21.0,2005,1,0,3,0.0,0,0,0,0,0,0,0,0,0.00,,,,,,,,,,,,,,,,,,,,,,,,,351,es ESP,MF,de Bundesliga,21-142,2005,0.0,0,0,0,,0.00,0.00,,,0,0,436,es ESP,MF,de Bundesliga,21-142,2005,1,3,3,1.1,0.0,0,,0,1,3,0,0.00,0,1,-1,-30.00,-29.66,351,es ESP,MF,de Bundesliga,21-142,2005,0.0,0,0,0,0,0,0,0,1,0,0
352,Chema,es ESP,MF,Brighton,eng Premier League,21.0,2005,1,0,26,0.3,0,1,1,0,0,0,0,0,3.46,,,,,,,,,,,,,,,,,,,,,,,,,352,es ESP,MF,eng Premier League,21-142,2005,0.3,0,1,0,0.0,3.46,0.00,0.00,,0,0,437,es ESP,MF,eng Premier League,21-142,2005,1,26,26,7.2,0.3,0,,0,1,26,1,3.00,3,0,+3,+10.38,+9.04,352,es ESP,MF,eng Premier League,21-142,2005,0.3,0,0,0,2,0,0,0,0,0,0
353,Samir Chergui,dz ALG,DF,Paris FC,fr Ligue 1,27.0,1999,3,3,270,3.0,1,0,1,1,0,0,0,0,0.33,,,,,,,,,,,,,,,,,,,,,,,,,353,dz ALG,DF,fr Ligue 1,27-220,1999,3.0,1,1,1,100.0,0.33,0.33,1.00,1.00,0,0,438,dz ALG,DF,fr Ligue 1,27-220,1999,3,270,90,75.0,3.0,3,90,3,0,,1,2.33,6,2,+4,+1.33,+1.33,353,dz ALG,DF,fr Ligue 1,27-220,1999,3.0,0,0,0,6,0,0,0,7,0,0
354,Sidiki Cherif,fr FRA,FW,Coventry City,eng Premier League,19.0,2006,1,0,31,0.3,0,0,0,0,0,0,0,0,0.00,,,,,,,,,,,,,,,,,,,,,,,,,354,fr FRA,FW,eng Premier League,19-273,2006,0.3,0,0,0,,0.00,0.00,,,0,0,439,fr FRA,FW,eng Premier League,19-273,2006,1,31,31,8.6,0.3,0,,0,1,31,0,0.00,0,3,-3,-8.71,-6.79,354,fr FRA,FW,eng Premier League,19-273,2006,0.3,0,0,0,0,1,1,0,1,0,0
355,Rayan Cherki,fr FRA,MF,Manchester City,eng Premier League,23.0,2003,4,3,219,2.4,2,2,4,2,0,0,1,0,1.64,,,,,,,,,,,,,,,,,,,,,,,,,355,fr FRA,MF,eng Premier League,23-028,2003,2.4,2,7,3,42.9,2.88,1.23,0.29,0.67,0,0,440,fr FRA,MF,eng Premier League,23-028,2003,4,219,55,60.8,2.4,3,64,0,1,28,0,3.00,6,1,+5,+2.05,+1.42,355,fr FRA,MF,eng Premier League,23-028,2003,2.4,1,0,0,5,3,0,11,0,0,0
356,Matteo Chichella,it ITA,MF,Frosinone,it Serie A,20.0,2005,2,1,100,1.1,0,0,0,0,0,0,0,0,0.00,,,,,,,,,,,,,,,,,,,,,,,,,356,it ITA,MF,it Serie A,20-345,2005,1.1,0,1,1,100.0,0.90,0.90,0.00,0.00,0,0,443,it ITA,MF,it Serie A,20-345,2005,2,100,50,27.8,1.1,1,66,0,1,34,2,1.50,1,3,-2,-1.80,-3.53,356,it ITA,MF,it Serie A,20-345,2005,1.1,0,0,0,1,0,0,0,1,0,0
357,Ben Chilwell,eng ENG,"DF,MF",Crystal Palace,eng Premier League,29.0,1996,2,0,31,0.3,1,0,1,1,0,0,0,0,2.90,,,,,,,,,,,,,,,,,,,,,,,,,357,eng ENG,"DF,MF",eng Premier League,29-267,1996,0.3,1,2,1,50.0,5.81,2.90,0.50,1.00,0,0,444,eng ENG,"DF,MF",eng Premier League,29-267,1996,2,31,16,8.6,0.3,0,,0,2,16,0,1.50,1,1,0,0.00,+1.37,357,eng ENG,"DF,MF",eng Premier League,29-267,1996,0.3,0,0,0,0,2,0,1,0,0,0
358,Joris Chotard,fr FRA,MF,Brest,fr Ligue 1,24.0,2001,4,4,347,3.9,0,0,0,0,0,0,0,0,0.00,,,,,,,,,,,,,,,,,,,,,,,,,358,fr FRA,MF,fr Ligue 1,24-355,2001,3.9,0,6,2,33.3,1.56,0.52,0.00,0.00,0,0,445,fr FRA,MF,fr Ligue 1,24-355,2001,4,347,87,96.4,3.9,4,87,3,0,,0,1.25,6,6,0,0.00,0.00,358,fr FRA,MF,fr Ligue 1,24-355,2001,3.9,0,0,0,4,1,0,29,7,4,0
359,Andreas Christensen,dk DEN,DF,Barcelona,es La Liga,30.0,1996,4,2,254,2.8,0,0,0,0,0,0,0,0,0.00,,,,,,,,,,,,,,,,,,,,,,,,,359,dk DEN,DF,es La Liga,30-157,1996,2.8,0,1,0,0.0,0.35,0.00,0.00,,0,0,446,dk DEN,DF,es La Liga,30-157,1996,4,254,64,56.4,2.8,2,90,2,2,37,1,3.00,14,4,+10,+3.54,+0.33,359,dk DEN,DF,es La Liga,30-157,1996,2.8,0,0,0,4,1,0,0,6,1,0
360,Ryan Christie,sct SCO,"FW,MF",Bournemouth,eng Premier League,31.0,1995,3,0,30,0.3,0,0,0,0,0,0,0,0,0.00,,,,,,,,,,,,,,,,,,,,,,,,,360,sct SCO,"FW,MF",eng Premier League,31-204,1995,0.3,0,0,0,,0.00,0.00,,,0,0,448,sct SCO,"FW,MF",eng Premier League,31-204,1995,3,30,10,8.3,0.3,0,,0,3,10,0,1.00,0,1,-1,-3.00,-3.00,360,sct SCO,"FW,MF",eng Premier League,31-204,1995,0.3,0,0,0,0,0,0,0,3,1,0
361,Carney Chukwuemeka,at AUT,MF,Dortmund,de Bundesliga,22.0,2003,1,0,26,0.3,0,0,0,0,0,0,0,0,0.00,,,,,,,,,,,,,,,,,,,,,,,,,361,at AUT,MF,de Bundesliga,22-329,2003,0.3,0,0,0,,0.00,0.00,,,0,0,449,at AUT,MF,de Bundesliga,22-329,2003,1,26,26,9.6,0.3,0,,0,1,26,1,3.00,2,0,+2,+6.92,+5.45,361,at AUT,MF,de Bundesliga,22-329,2003,0.3,0,0,0,0,0,0,0,0,1,0
362,Samuel Chukwueze,ng NGA,MF,Milan,it Serie A,27.0,1999,4,3,300,3.3,0,2,2,0,0,0,0,0,0.60,,,,,,,,,,,,,,,,,,,,,,,,,362,ng NGA,MF,it Serie A,27-115,1999,3.3,0,6,3,50.0,1.80,0.90,0.00,0.00,0,0,450,ng NGA,MF,it Serie A,27-115,1999,4,300,75,83.3,3.3,3,90,3,1,30,0,2.00,7,4,+3,+0.90,+0.90,362,ng NGA,MF,it Serie A,27-115,1999,3.3,0,0,0,0,1,0,18,4,3,0
363,Chupete,es ESP,FW,Málaga,es La Liga,22.0,2004,5,5,450,5.0,1,0,1,0,1,2,1,0,0.00,,,,,,,,,,,,,,,,,,,,,,,,,363,es ESP,FW,es La Liga,22-021,2004,5.0,1,14,3,21.4,2.80,0.60,0.07,0.33,1,2,451,es ESP,FW,es La Liga,22-021,2004,5,450,90,100.0,5.0,5,90,5,0,,0,0.60,2,8,-6,-1.20,,363,es ESP,FW,es La Liga,22-021,2004,5.0,1,0,0,8,7,2,0,1,2,0
364,Víctor Chust,es ESP,DF,Elche,es La Liga,26.0,2000,5,5,450,5.0,0,1,1,0,0,0,0,0,0.20,,,,,,,,,,,,,,,,,,,,,,,,,364,es ESP,DF,es La Liga,26-193,2000,5.0,0,3,1,33.3,0.60,0.20,0.00,0.00,0,0,452,es ESP,DF,es La Liga,26-193,2000,5,450,90,100.0,5.0,5,90,5,0,,0,0.40,6,13,-7,-1.40,,364,es ESP,DF,es La Liga,26-193,2000,5.0,0,0,0,3,0,0,6,5,4,0
365,Riccardo Ciervo,it ITA,MF,Cagliari,it Serie A,24.0,2002,1,0,8,0.1,0,0,0,0,0,0,0,0,0.00,,,,,,,,,,,,,,,,,,,,,,,,,365,it ITA,MF,it Serie A,24-166,2002,0.1,0,1,0,0.0,11.25,0.00,0.00,,0,0,453,it ITA,MF,it Serie A,24-166,2002,1,8,8,2.2,0.1,0,,0,1,8,2,0.00,0,0,0,0.00,-0.51,365,it ITA,MF,it Serie A,24-166,2002,0.1,0,0,0,0,0,0,2,0,0,0
366,Riccardo Ciervo,it ITA,MF,Sassuolo,it Serie A,24.0,2002,1,0,3,0.0,0,0,0,0,0,0,0,0,0.00,,,,,,,,,,,,,,,,,,,,,,,,,366,it ITA,MF,it Serie A,24-166,2002,0.0,0,0,0,,0.00,0.00,,,0,0,454,it ITA,MF,it Serie A,24-166,2002,1,3,3,0.8,0.0,0,,0,1,3,0,0.00,0,0,0,0.00,-0.25,366,it ITA,MF,it Serie A,24-166,2002,0.0,0,0,0,0,0,0,0,0,0,0
367,Simone Cinquegrano,it ITA,DF,Sassuolo,it Serie A,22.0,2004,4,4,360,4.0,0,0,0,0,0,0,0,0,0.00,,,,,,,,,,,,,,,,,,,,,,,,,367,it ITA,DF,it Serie A,22-081,2004,4.0,0,4,1,25.0,1.00,0.25,0.00,0.00,0,0,455,it ITA,DF,it Serie A,22-081,2004,4,360,90,100.0,4.0,4,90,4,0,,0,1.75,8,7,+1,+0.25,,367,it ITA,DF,it Serie A,22-081,2004,4.0,0,0,0,4,2,1,9,3,3,0
368,Pathé Ciss,sn SEN,"DF,MF",Rayo Vallecano,es La Liga,32.0,1994,5,5,450,5.0,0,0,0,0,0,0,2,0,0.00,,,,,,,,,,,,,,,,,,,,,,,,,368,sn SEN,"DF,MF",es La Liga,32-182,1994,5.0,0,1,0,0.0,0.20,0.00,0.00,,0,0,457,sn SEN,"DF,MF",es La Liga,32-182,1994,5,450,90,100.0,5.0,5,90,5,0,,0,0.80,8,14,-6,-1.20,,368,sn SEN,"DF,MF",es La Liga,32-182,1994,5.0,2,0,0,3,4,0,0,12,2,0
369,Alphadjo Cissè,it ITA,MF,Milan,it Serie A,19.0,2006,4,3,229,2.5,2,0,2,2,0,0,1,0,0.79,,,,,,,,,,,,,,,,,,,,,,,,,369,it ITA,MF,it Serie A,19-327,2006,2.5,2,7,2,28.6,2.75,0.79,0.29,1.00,0,0,458,it ITA,MF,it Serie A,19-327,2006,4,229,57,63.6,2.5,3,66,0,1,30,0,2.00,5,3,+2,+0.79,+0.10,369,it ITA,MF,it Serie A,19-327,2006,2.5,1,0,0,2,8,1,8,0,2,0
370,Giorgio Cittadini,it ITA,DF,Frosinone,it Serie A,24.0,2002,4,3,230,2.6,0,0,0,0,0,0,1,0,0.00,,,,,,,,,,,,,,,,,,,,,,,,,370,it ITA,DF,it Serie A,24-149,2002,2.6,0,1,0,0.0,0.39,0.00,0.00,,0,0,459,it ITA,DF,it Serie A,24-149,2002,4,230,58,63.9,2.6,3,71,1,1,17,0,1.75,3,3,0,0.00,-2.08,370,it ITA,DF,it Serie A,24-149,2002,2.6,1,0,0,6,1,0,0,10,7,0
371,Jack Clarke,eng ENG,MF,Ipswich Town,eng Premier League,25.0,2000,3,1,107,1.2,1,0,1,1,0,0,1,0,0.84,,,,,,,,,,,,,,,,,,,,,,,,,371,eng ENG,MF,eng Premier League,25-295,2000,1.2,1,4,2,50.0,3.36,1.68,0.25,0.50,0,0,460,eng ENG,MF,eng Premier League,25-295,2000,3,107,36,29.7,1.2,1,62,0,2,23,1,2.00,3,1,+2,+1.68,+3.46,371,eng ENG,MF,eng Premier League,25-295,2000,1.2,1,0,0,2,1,0,2,1,2,0
372,Alexis Claude-Maurice,fr FRA,"FW,MF",Augsburg,de Bundesliga,28.0,1998,2,0,63,0.7,1,0,1,1,0,0,0,0,1.43,,,,,,,,,,,,,,,,,,,,,,,,,372,fr FRA,"FW,MF",de Bundesliga,28-100,1998,0.7,1,3,1,33.3,4.29,1.43,0.33,1.00,0,0,461,fr FRA,"FW,MF",de Bundesliga,28-100,1998,2,63,32,23.3,0.7,0,,0,2,32,0,2.00,2,1,+1,+1.43,-0.75,372,fr FRA,"FW,MF",de Bundesliga,28-100,1998,0.7,0,0,0,1,3,0,0,0,0,0
373,Jonathan Clauss,fr FRA,MF,Nice,fr Ligue 1,33.0,1992,4,4,335,3.7,0,0,0,0,0,0,0,0,0.00,,,,,,,,,,,,,,,,,,,,,,,,,373,fr FRA,MF,fr Ligue 1,33-354,1992,3.7,0,12,3,25.0,3.22,0.81,0.00,0.00,0,0,462,fr FRA,MF,fr Ligue 1,33-354,1992,4,335,84,93.1,3.7,4,84,1,0,,0,0.50,1,4,-3,-0.81,+2.79,373,fr FRA,MF,fr Ligue 1,33-354,1992,3.7,0,0,0,2,1,0,40,2,5,0
374,Saúl Coco,gq EQG,DF,Torino,it Serie A,27.0,1999,3,3,219,2.4,0,0,0,0,0,0,0,0,0.00,,,,,,,,,,,,,,,,,,,,,,,,,374,gq EQG,DF,it Serie A,27-217,1999,2.4,0,2,1,50.0,0.82,0.41,0.00,0.00,0,0,463,gq EQG,DF,it Serie A,27-217,1999,3,219,73,81.1,2.4,3,73,2,0,,0,1.00,2,4,-2,-0.82,-2.59,374,gq EQG,DF,it Serie A,27-217,1999,2.4,0,0,0,4,0,0,0,0,3,0
375,Erwan Colas,fr FRA,MF,Le Mans,fr Ligue 1,29.0,1997,1,0,28,0.3,0,0,0,0,0,0,0,0,0.00,,,,,,,,,,,,,,,,,,,,,,,,,375,fr FRA,MF,fr Ligue 1,29-145,1997,0.3,0,0,0,,0.00,0.00,,,0,0,464,fr FRA,MF,fr Ligue 1,29-145,1997,1,28,28,7.8,0.3,0,,0,1,28,0,1.00,0,0,0,0.00,+0.27,375,fr FRA,MF,fr Ligue 1,29-145,1997,0.3,0,0,0,0,0,0,0,0,0,0
376,Nathan Collins,ie IRL,DF,Brentford,eng Premier League,25.0,2001,3,3,196,2.2,0,0,0,0,0,0,1,0,0.00,,,,,,,,,,,,,,,,,,,,,,,,,376,ie IRL,DF,eng Premier League,25-137,2001,2.2,0,5,1,20.0,2.30,0.46,0.00,0.00,0,0,466,ie IRL,DF,eng Premier League,25-137,2001,3,196,65,54.4,2.2,3,65,2,0,,0,1.67,4,1,+3,+1.38,+1.38,376,ie IRL,DF,eng Premier League,25-137,2001,2.2,1,0,0,2,3,1,0,2,2,0
377,Leonardo Colombo,it ITA,MF,Monza,it Serie A,21.0,2005,1,0,29,0.3,0,0,0,0,0,0,1,0,0.00,,,,,,,,,,,,,,,,,,,,,,,,,377,it ITA,MF,it Serie A,21-102,2005,0.3,0,0,0,,0.00,0.00,,,0,0,468,it ITA,MF,it Serie A,21-102,2005,1,29,29,8.1,0.3,0,,0,1,29,2,1.00,0,0,0,0.00,+1.36,377,it ITA,MF,it Serie A,21-102,2005,0.3,1,0,0,1,0,0,0,0,0,0
378,Lorenzo Colombo,it ITA,FW,Genoa,it Serie A,24.0,2002,4,4,297,3.3,0,1,1,0,0,1,0,0,0.30,,,,,,,,,,,,,,,,,,,,,,,,,378,it ITA,FW,it Serie A,24-190,2002,3.3,0,5,1,20.0,1.52,0.30,0.00,0.00,0,1,469,it ITA,FW,it Serie A,24-190,2002,4,297,74,82.5,3.3,4,74,1,0,,0,0.25,2,5,-3,-0.91,+3.38,378,it ITA,FW,it Serie A,24-190,2002,3.3,0,0,0,5,6,3,1,1,1,0
379,Andrea Colpani,it ITA,"MF,FW",Monza,it Serie A,27.0,1999,4,3,252,2.8,1,0,1,1,0,0,0,0,0.36,,,,,,,,,,,,,,,,,,,,,,,,,379,it ITA,"MF,FW",it Serie A,27-126,1999,2.8,1,6,4,66.7,2.14,1.43,0.17,0.25,0,0,470,it ITA,"MF,FW",it Serie A,27-126,1999,4,252,63,70.0,2.8,3,72,0,1,37,0,0.25,4,11,-7,-2.50,-4.17,379,it ITA,"MF,FW",it Serie A,27-126,1999,2.8,0,0,0,0,2,1,11,2,0,0
380,Levi Colwill,eng ENG,DF,Chelsea,eng Premier League,23.0,2003,3,3,251,2.8,0,0,0,0,0,0,1,0,0.00,,,,,,,,,,,,,,,,,,,,,,,,,380,eng ENG,DF,eng Premier League,23-200,2003,2.8,0,1,0,0.0,0.36,0.00,0.00,,0,0,471,eng ENG,DF,eng Premier League,23-200,2003,3,251,84,69.7,2.8,3,84,2,0,,1,2.33,8,6,+2,+0.72,+1.54,380,eng ENG,DF,eng Premier League,23-200,2003,2.8,1,0,0,2,1,0,0,2,3,0
381,Eray Cömert,ch SUI,DF,Torino,it Serie A,28.0,1998,2,2,156,1.7,0,1,1,0,0,0,0,0,0.58,,,,,,,,,,,,,,,,,,,,,,,,,381,ch SUI,DF,it Serie A,28-222,1998,1.7,0,0,0,,0.00,0.00,,,0,0,473,ch SUI,DF,it Serie A,28-222,1998,2,156,78,57.8,1.7,2,78,1,0,,0,1.50,3,2,+1,+0.58,+2.16,381,ch SUI,DF,it Serie A,28-222,1998,1.7,0,0,0,1,3,0,0,1,2,0
382,Santi Comesaña,es ESP,MF,Villarreal,es La Liga,29.0,1996,4,3,228,2.5,0,0,0,0,0,0,1,0,0.00,,,,,,,,,,,,,,,,,,,,,,,,,382,es ESP,MF,es La Liga,29-344,1996,2.5,0,0,0,,0.00,0.00,,,0,0,474,es ESP,MF,es La Liga,29-344,1996,4,228,57,63.3,2.5,3,66,0,1,29,0,0.50,5,6,-1,-0.39,+0.29,382,es ESP,MF,es La Liga,29-344,1996,2.5,1,0,0,9,1,3,0,3,4,0
383,Pietro Comuzzo,it ITA,DF,Torino,it Serie A,21.0,2005,3,3,243,2.7,1,0,1,1,0,0,0,0,0.37,,,,,,,,,,,,,,,,,,,,,,,,,383,it ITA,DF,it Serie A,21-206,2005,2.7,1,2,1,50.0,0.74,0.37,0.50,1.00,0,0,476,it ITA,DF,it Serie A,21-206,2005,3,243,81,90.0,2.7,3,81,1,0,,0,1.00,1,5,-4,-1.48,-11.48,383,it ITA,DF,it Serie A,21-206,2005,2.7,0,0,0,5,0,0,0,2,4,0
384,Francisco Conceição,pt POR,MF,Juventus,it Serie A,23.0,2002,4,4,289,3.2,0,1,1,0,0,0,0,0,0.31,,,,,,,,,,,,,,,,,,,,,,,,,384,pt POR,MF,it Serie A,23-274,2002,3.2,0,10,4,40.0,3.11,1.25,0.00,0.00,0,0,477,pt POR,MF,it Serie A,23-274,2002,4,289,72,80.3,3.2,4,72,0,0,,0,1.75,2,1,+1,+0.31,-0.96,384,pt POR,MF,it Serie A,23-274,2002,3.2,0,0,0,10,4,0,21,1,2,0
385,Amara Conde,de GER,MF,Elversberg,de Bundesliga,29.0,1997,2,0,21,0.2,0,0,0,0,0,0,1,0,0.00,,,,,,,,,,,,,,,,,,,,,,,,,385,de GER,MF,de Bundesliga,29-251,1997,0.2,0,0,0,,0.00,0.00,,,0,0,478,de GER,MF,de Bundesliga,29-251,1997,2,21,11,7.8,0.2,0,,0,2,11,1,1.50,1,0,+1,+4.29,+4.29,385,de GER,MF,de Bundesliga,29-251,1997,0.2,1,0,0,0,1,0,0,0,0,0
386,Bambasé Conté,de GER,"MF,FW",Hoffenheim,de Bundesliga,23.0,2003,3,2,162,1.8,0,2,2,0,0,0,0,0,1.11,,,,,,,,,,,,,,,,,,,,,,,,,386,de GER,"MF,FW",de Bundesliga,23-069,2003,1.8,0,2,0,0.0,1.11,0.00,0.00,,0,0,479,de GER,"MF,FW",de Bundesliga,23-069,2003,3,162,54,60.0,1.8,2,72,1,1,18,0,1.00,3,5,-2,-1.11,-1.94,386,de GER,"MF,FW",de Bundesliga,23-069,2003,1.8,0,0,0,1,6,0,3,0,1,0
387,Lewis Cook,eng ENG,MF,Bournemouth,eng Premier League,29.0,1997,4,2,166,1.8,0,0,0,0,0,0,1,0,0.00,,,,,,,,,,,,,,,,,,,,,,,,,387,eng ENG,MF,eng Premier League,29-223,1997,1.8,0,0,0,,0.00,0.00,,,0,0,481,eng ENG,MF,eng Premier League,29-223,1997,4,166,42,46.1,1.8,2,71,0,2,12,0,0.75,2,1,+1,+0.54,+1.47,387,eng ENG,MF,eng Premier League,29-223,1997,1.8,1,0,0,2,0,0,0,4,0,0
388,Diego Coppola,it ITA,DF,Paris FC,fr Ligue 1,22.0,2003,4,4,360,4.0,0,0,0,0,0,0,1,0,0.00,,,,,,,,,,,,,,,,,,,,,,,,,388,it ITA,DF,fr Ligue 1,22-260,2003,4.0,0,0,0,,0.00,0.00,,,0,0,482,it ITA,DF,fr Ligue 1,22-260,2003,4,360,90,100.0,4.0,4,90,4,0,,0,2.00,6,2,+4,+1.00,,388,it ITA,DF,fr Ligue 1,22-260,2003,4.0,1,0,0,2,1,0,0,4,5,0
389,Iker Córdoba,es ESP,DF,Valencia,es La Liga,20.0,2005,2,0,96,1.1,0,0,0,0,0,0,0,0,0.00,,,,,,,,,,,,,,,,,,,,,,,,,389,es ESP,DF,es La Liga,20-307,2005,1.1,0,0,0,,0.00,0.00,,,0,0,483,es ESP,DF,es La Liga,20-307,2005,2,96,48,21.3,1.1,0,,0,2,48,3,0.00,0,3,-3,-2.81,-1.29,389,es ESP,DF,es La Liga,20-307,2005,1.1,0,0,0,2,0,0,0,2,0,0
390,Derek Cornelius,ca CAN,"DF,FW",Marseille,fr Ligue 1,28.0,1997,3,0,29,0.3,0,0,0,0,0,0,0,0,0.00,,,,,,,,,,,,,,,,,,,,,,,,,390,ca CAN,"DF,FW",fr Ligue 1,28-293,1997,0.3,0,1,1,100.0,3.10,3.10,0.00,0.00,0,0,484,ca CAN,"DF,FW",fr Ligue 1,28-293,1997,3,29,10,8.1,0.3,0,,0,3,10,1,1.00,2,1,+1,+3.10,+3.38,390,ca CAN,"DF,FW",fr Ligue 1,28-293,1997,0.3,0,0,0,1,0,0,0,1,0,0
391,Félix Correia,pt POR,MF,Sevilla,es La Liga,25.0,2001,1,1,82,0.9,0,0,0,0,0,0,0,0,0.00,,,,,,,,,,,,,,,,,,,,,,,,,391,pt POR,MF,es La Liga,25-235,2001,0.9,0,0,0,,0.00,0.00,,,0,0,485,pt POR,MF,es La Liga,25-235,2001,1,82,82,18.2,0.9,1,82,0,0,,1,3.00,1,0,+1,+1.10,+0.85,391,pt POR,MF,es La Liga,25-235,2001,0.9,0,0,0,0,1,0,5,0,0,0
392,Félix Correia,pt POR,MF,Lille,fr Ligue 1,25.0,2001,2,1,94,1.0,0,0,0,0,0,0,0,0,0.00,,,,,,,,,,,,,,,,,,,,,,,,,392,pt POR,MF,fr Ligue 1,25-235,2001,1.0,0,1,0,0.0,0.96,0.00,0.00,,0,0,486,pt POR,MF,fr Ligue 1,25-235,2001,2,94,47,26.1,1.0,1,60,0,1,34,0,2.00,1,0,+1,+0.96,-0.40,392,pt POR,MF,fr Ligue 1,25-235,2001,1.0,0,0,0,2,1,2,0,3,1,0
393,Thierry Correia,pt POR,MF,Venezia,it Serie A,27.0,1999,3,1,110,1.2,0,0,0,0,0,0,0,0,0.00,,,,,,,,,,,,,,,,,,,,,,,,,393,pt POR,MF,it Serie A,27-189,1999,1.2,0,3,1,33.3,2.45,0.82,0.00,0.00,0,0,487,pt POR,MF,it Serie A,27-189,1999,3,110,37,30.6,1.2,1,63,0,2,24,1,0.00,1,4,-3,-2.45,-1.01,393,pt POR,MF,it Serie A,27-189,1999,1.2,0,0,0,3,0,0,5,0,2,0
394,Paco Cortés,es ESP,MF,Levante,es La Liga,19.0,2007,3,1,66,0.7,0,0,0,0,0,0,0,0,0.00,,,,,,,,,,,,,,,,,,,,,,,,,394,es ESP,MF,es La Liga,19-034,2007,0.7,0,1,1,100.0,1.36,1.36,0.00,0.00,0,0,489,es ESP,MF,es La Liga,19-034,2007,3,66,22,14.7,0.7,1,45,0,2,11,2,1.33,1,2,-1,-1.36,-1.13,394,es ESP,MF,es La Liga,19-034,2007,0.7,0,0,0,0,1,0,1,0,0,0
395,Edoardo Corvi,it ITA,GK,Parma,it Serie A,25.0,2001,3,3,270,3.0,0,0,0,0,0,0,0,0,0.00,17,it ITA,GK,it Serie A,25-175,2001,3,3,270,3.0,4,1.33,16,12,75.0,0,1,2,0,0.0,0,0,0,0,395,it ITA,GK,it Serie A,25-175,2001,3.0,0,0,0,,0.00,0.00,,,0,0,490,it ITA,GK,it Serie A,25-175,2001,3,270,90,100.0,3.0,3,90,3,0,,0,0.33,1,4,-3,-1.00,,395,it ITA,GK,it Serie A,25-175,2001,3.0,0,0,0,0,0,0,0,0,0,0
396,Isaac Cossier,fr FRA,DF,Lille,fr Ligue 1,19.0,2006,1,0,15,0.2,0,0,0,0,0,0,0,0,0.00,,,,,,,,,,,,,,,,,,,,,,,,,396,fr FRA,DF,fr Ligue 1,19-288,2006,0.2,0,0,0,,0.00,0.00,,,0,0,491,fr FRA,DF,fr Ligue 1,19-288,2006,1,15,15,4.2,0.2,0,,0,1,15,2,3.00,0,0,0,0.00,-1.30,396,fr FRA,DF,fr Ligue 1,19-288,2006,0.2,0,0,0,0,0,0,0,0,0,0
397,Danny da Costa,de GER,DF,Mainz 05,de Bundesliga,33.0,1993,3,1,129,1.4,0,0,0,0,0,0,0,0,0.00,,,,,,,,,,,,,,,,,,,,,,,,,397,de GER,DF,de Bundesliga,33-063,1993,1.4,0,5,0,0.0,3.49,0.00,0.00,,0,0,492,de GER,DF,de Bundesliga,33-063,1993,3,129,43,47.8,1.4,1,90,1,2,20,0,1.33,3,0,+3,+2.09,+2.09,397,de GER,DF,de Bundesliga,33-063,1993,1.4,0,0,0,1,1,0,11,2,2,0
398,Logan Costa,cv CPV,DF,Villarreal,es La Liga,25.0,2001,1,1,82,0.9,0,0,0,0,0,0,0,0,0.00,,,,,,,,,,,,,,,,,,,,,,,,,398,cv CPV,DF,es La Liga,25-166,2001,0.9,0,1,0,0.0,1.10,0.00,0.00,,0,0,493,cv CPV,DF,es La Liga,25-166,2001,1,82,82,22.8,0.9,1,82,0,0,,3,0.00,2,2,0,0.00,+0.65,398,cv CPV,DF,es La Liga,25-166,2001,0.9,0,0,0,0,0,1,0,0,0,0
399,Costinha,pt POR,"DF,MF",Brighton,eng Premier League,26.0,2000,4,0,58,0.6,0,0,0,0,0,0,1,0,0.00,,,,,,,,,,,,,,,,,,,,,,,,,399,pt POR,"DF,MF",eng Premier League,26-172,2000,0.6,0,2,1,50.0,3.10,1.55,0.00,0.00,0,0,494,pt POR,"DF,MF",eng Premier League,26-172,2000,4,58,15,16.1,0.6,0,,0,4,15,0,1.75,2,0,+2,+3.10,+1.32,399,pt POR,"DF,MF",eng Premier League,26-172,2000,0.6,1,0,0,2,2,0,2,2,1,0
400,Vladimír Coufal,cz CZE,DF,Hoffenheim,de Bundesliga,34.0,1992,3,3,248,2.8,0,2,2,0,0,0,0,0,0.73,,,,,,,,,,,,,,,,,,,,,,,,,400,cz CZE,DF,de Bundesliga,34-023,1992,2.8,0,1,0,0.0,0.36,0.00,0.00,,0,0,495,cz CZE,DF,de Bundesliga,34-023,1992,3,248,83,91.9,2.8,3,83,2,0,,0,1.00,6,7,-1,-0.36,-0.36,400,cz CZE,DF,de Bundesliga,34-023,1992,2.8,0,0,0,2,3,0,27,5,3,0
401,Abdoul Coulibaly,de GER,DF,Strasbourg,fr Ligue 1,19.0,2007,3,0,30,0.3,0,0,0,0,0,0,0,0,0.00,,,,,,,,,,,,,,,,,,,,,,,,,401,de GER,DF,fr Ligue 1,19-114,2007,0.3,0,0,0,,0.00,0.00,,,0,0,496,de GER,DF,fr Ligue 1,19-114,2007,3,30,10,8.3,0.3,0,,0,3,10,0,2.33,4,1,+3,+9.00,+9.55,401,de GER,DF,fr Ligue 1,19-114,2007,0.3,0,0,0,0,0,0,0,0,0,0
402,Djibril Coulibaly,fr FRA,MF,Nice,fr Ligue 1,17.0,2008,4,4,360,4.0,0,0,0,0,0,0,1,0,0.00,,,,,,,,,,,,,,,,,,,,,,,,,402,fr FRA,MF,fr Ligue 1,17-300,2008,4.0,0,3,1,33.3,0.75,0.25,0.00,0.00,0,0,497,fr FRA,MF,fr Ligue 1,17-300,2008,4,360,90,100.0,4.0,4,90,4,0,,0,0.50,1,5,-4,-1.00,,402,fr FRA,MF,fr Ligue 1,17-300,2008,4.0,1,0,0,6,3,0,0,4,2,0
403,Lassana Coulibaly,ml MLI,MF,Lecce,it Serie A,30.0,1996,4,4,360,4.0,2,1,3,2,0,0,0,0,0.75,,,,,,,,,,,,,,,,,,,,,,,,,403,ml MLI,MF,it Serie A,30-157,1996,4.0,2,5,3,60.0,1.25,0.75,0.40,0.67,0,0,498,ml MLI,MF,it Serie A,30-157,1996,4,360,90,100.0,4.0,4,90,4,0,,0,1.50,5,7,-2,-0.50,,403,ml MLI,MF,it Serie A,30-157,1996,4.0,0,0,0,3,9,0,0,2,2,0
404,Lasso Coulibaly,ci CIV,MF,Auxerre,fr Ligue 1,23.0,2002,1,0,14,0.2,0,0,0,0,0,0,0,0,0.00,,,,,,,,,,,,,,,,,,,,,,,,,404,ci CIV,MF,fr Ligue 1,23-330,2002,0.2,0,0,0,,0.00,0.00,,,0,0,499,ci CIV,MF,fr Ligue 1,23-330,2002,1,14,14,3.9,0.2,0,,0,1,14,0,0.00,0,1,-1,-6.43,-5.13,404,ci CIV,MF,fr Ligue 1,23-330,2002,0.2,0,0,0,0,0,0,0,0,0,0
405,Mamadou Coulibaly,fr FRA,MF,Monaco,fr Ligue 1,22.0,2004,3,3,208,2.3,0,0,0,0,0,0,0,0,0.00,,,,,,,,,,,,,,,,,,,,,,,,,405,fr FRA,MF,fr Ligue 1,22-146,2004,2.3,0,0,0,,0.00,0.00,,,0,0,500,fr FRA,MF,fr Ligue 1,22-146,2004,3,208,69,57.8,2.3,3,69,0,0,,0,3.00,5,1,+4,+1.73,+1.73,405,fr FRA,MF,fr Ligue 1,22-146,2004,2.3,0,0,0,2,7,1,2,4,2,0
406,Thibaut Courtois,be BEL,GK,Real Madrid,es La Liga,34.0,1992,5,5,450,5.0,0,0,0,0,0,0,0,0,0.00,18,be BEL,GK,es La Liga,34-126,1992,5,5,450,5.0,4,0.80,19,15,78.9,4,0,1,1,20.0,0,0,0,0,406,be BEL,GK,es La Liga,34-126,1992,5.0,0,0,0,,0.00,0.00,,,0,0,501,be BEL,GK,es La Liga,34-126,1992,5,450,90,100.0,5.0,5,90,5,0,,0,2.40,14,4,+10,+2.00,,406,be BEL,GK,es La Liga,34-126,1992,5.0,0,0,0,0,0,0,0,0,0,0
407,Yan Couto,br BRA,DF,Como,it Serie A,24.0,2002,3,3,235,2.6,0,1,1,0,0,0,0,0,0.38,,,,,,,,,,,,,,,,,,,,,,,,,407,br BRA,DF,it Serie A,24-103,2002,2.6,0,3,1,33.3,1.15,0.38,0.00,0.00,0,0,502,br BRA,DF,it Serie A,24-103,2002,3,235,78,87.0,2.6,3,78,1,0,,0,2.33,7,3,+4,+1.53,+1.53,407,br BRA,DF,it Serie A,24-103,2002,2.6,0,0,0,0,0,0,4,2,2,0
408,Patrice Čović,hr CRO,MF,Werder Bremen,de Bundesliga,19.0,2007,1,0,6,0.1,0,0,0,0,0,0,0,0,0.00,,,,,,,,,,,,,,,,,,,,,,,,,408,hr CRO,MF,de Bundesliga,19-081,2007,0.1,0,1,0,0.0,15.00,0.00,0.00,,0,0,503,hr CRO,MF,de Bundesliga,19-081,2007,1,6,6,2.2,0.1,0,,0,1,6,0,0.00,0,0,0,0.00,+0.34,408,hr CRO,MF,de Bundesliga,19-081,2007,0.1,0,0,0,1,0,0,0,0,0,0
409,Lewie Coyle,eng ENG,DF,Hull City,eng Premier League,30.0,1995,4,4,258,2.9,0,0,0,0,0,0,1,0,0.00,,,,,,,,,,,,,,,,,,,,,,,,,409,eng ENG,DF,eng Premier League,30-334,1995,2.9,0,1,0,0.0,0.35,0.00,0.00,,0,0,504,eng ENG,DF,eng Premier League,30-334,1995,4,258,65,71.7,2.9,4,65,0,0,,0,2.00,4,2,+2,+0.70,-0.18,409,eng ENG,DF,eng Premier League,30-334,1995,2.9,1,0,0,2,4,0,5,1,2,0
410,Ben Cremaschi,us USA,MF,Parma,it Serie A,21.0,2005,2,0,36,0.4,0,0,0,0,0,0,0,0,0.00,,,,,,,,,,,,,,,,,,,,,,,,,410,us USA,MF,it Serie A,21-196,2005,0.4,0,0,0,,0.00,0.00,,,0,0,506,us USA,MF,it Serie A,21-196,2005,2,36,18,13.3,0.4,0,,0,2,18,1,0.00,0,2,-2,-5.00,-4.62,410,us USA,MF,it Serie A,21-196,2005,0.4,0,0,0,1,2,0,1,0,1,0
411,Charlie Cresswell,eng ENG,DF,Rennes,fr Ligue 1,24.0,2002,4,4,360,4.0,0,0,0,0,0,0,1,0,0.00,,,,,,,,,,,,,,,,,,,,,,,,,411,eng ENG,DF,fr Ligue 1,24-028,2002,4.0,0,2,0,0.0,0.50,0.00,0.00,,0,0,508,eng ENG,DF,fr Ligue 1,24-028,2002,4,360,90,100.0,4.0,4,90,4,0,,0,2.50,8,5,+3,+0.75,,411,eng ENG,DF,fr Ligue 1,24-028,2002,4.0,1,0,0,3,4,0,1,1,3,0
412,Bryan Cristante,it ITA,MF,Roma,it Serie A,31.0,1995,3,3,270,3.0,0,0,0,0,0,0,0,0,0.00,,,,,,,,,,,,,,,,,,,,,,,,,412,it ITA,MF,it Serie A,31-195,1995,3.0,0,4,1,25.0,1.33,0.33,0.00,0.00,0,0,509,it ITA,MF,it Serie A,31-195,1995,3,270,90,100.0,3.0,3,90,3,0,,0,3.00,10,1,+9,+3.00,,412,it ITA,MF,it Serie A,31-195,1995,3.0,0,0,0,3,2,1,2,4,4,0
413,Matt Crooks,eng ENG,MF,Hull City,eng Premier League,32.0,1994,2,2,158,1.8,0,0,0,0,0,0,2,0,0.00,,,,,,,,,,,,,,,,,,,,,,,,,413,eng ENG,MF,eng Premier League,32-237,1994,1.8,0,0,0,,0.00,0.00,,,0,0,512,eng ENG,MF,eng Premier League,32-237,1994,2,158,79,43.9,1.8,2,79,1,0,,0,2.00,4,2,+2,+1.14,+0.69,413,eng ENG,MF,eng Premier League,32-237,1994,1.8,2,0,0,5,1,0,0,0,3,0
414,Juan Cruz,es ESP,"MF,FW",Málaga,es La Liga,26.0,2000,5,2,197,2.2,0,0,0,0,0,0,1,0,0.00,,,,,,,,,,,,,,,,,,,,,,,,,414,es ESP,"MF,FW",es La Liga,26-142,2000,2.2,0,2,0,0.0,0.91,0.00,0.00,,0,0,513,es ESP,"MF,FW",es La Liga,26-142,2000,5,197,39,43.8,2.2,2,57,0,3,28,0,0.60,2,4,-2,-0.91,+0.51,414,es ESP,"MF,FW",es La Liga,26-142,2000,2.2,1,0,0,2,1,0,11,0,2,0
415,Pau Cubarsí,es ESP,DF,Barcelona,es La Liga,19.0,2007,4,4,331,3.7,0,0,0,0,0,0,1,0,0.00,,,,,,,,,,,,,,,,,,,,,,,,,415,es ESP,DF,es La Liga,19-235,2007,3.7,0,2,0,0.0,0.54,0.00,0.00,,0,0,514,es ESP,DF,es La Liga,19-235,2007,4,331,83,73.6,3.7,4,83,3,0,,1,3.00,14,4,+10,+2.72,-2.58,415,es ESP,DF,es La Liga,19-235,2007,3.7,1,0,0,3,1,1,0,5,5,0
416,Cucho,co COL,FW,Real Betis,es La Liga,27.0,1999,4,3,250,2.8,0,1,1,0,0,0,0,0,0.36,,,,,,,,,,,,,,,,,,,,,,,,,416,co COL,FW,es La Liga,27-147,1999,2.8,0,3,1,33.3,1.08,0.36,0.00,0.00,0,0,516,co COL,FW,es La Liga,27-147,1999,4,250,63,69.4,2.8,3,72,0,1,34,0,2.25,1,2,-1,-0.36,-1.18,416,co COL,FW,es La Liga,27-147,1999,2.8,0,0,0,1,3,0,1,0,1,0
417,Marc Cucurella,es ESP,DF,Real Madrid,es La Liga,28.0,1998,5,2,251,2.8,0,0,0,0,0,0,0,0,0.00,,,,,,,,,,,,,,,,,,,,,,,,,417,es ESP,DF,es La Liga,28-054,1998,2.8,0,0,0,,0.00,0.00,,,0,0,517,es ESP,DF,es La Liga,28-054,1998,5,251,50,55.8,2.8,2,89,1,3,25,0,2.40,9,1,+8,+2.87,+1.96,417,es ESP,DF,es La Liga,28-054,1998,2.8,0,0,0,0,1,0,1,2,3,0
418,Jorge Cuenca,es ESP,DF,Fulham,eng Premier League,26.0,1999,1,1,90,1.0,0,0,0,0,0,0,0,0,0.00,,,,,,,,,,,,,,,,,,,,,,,,,418,es ESP,DF,eng Premier League,26-301,1999,1.0,0,0,0,,0.00,0.00,,,0,0,518,es ESP,DF,eng Premier League,26-301,1999,1,90,90,25.0,1.0,1,90,1,0,,1,0.00,2,3,-1,-1.00,-0.33,418,es ESP,DF,eng Premier League,26-301,1999,1.0,0,0,0,0,0,0,0,1,1,0
419,Mickaël Cuisance,fr FRA,MF,Lens,fr Ligue 1,27.0,1999,4,3,216,2.4,0,0,0,0,0,0,1,0,0.00,,,,,,,,,,,,,,,,,,,,,,,,,419,fr FRA,MF,fr Ligue 1,27-029,1999,2.4,0,3,2,66.7,1.25,0.83,0.00,0.00,0,0,519,fr FRA,MF,fr Ligue 1,27-029,1999,4,216,54,60.0,2.4,3,62,0,1,30,0,1.00,6,5,+1,+0.42,+0.42,419,fr FRA,MF,fr Ligue 1,27-029,1999,2.4,1,0,0,4,0,0,1,3,3,0
420,Jair Cunha,br BRA,DF,Nottingham,eng Premier League,21.0,2005,3,3,270,3.0,0,0,0,0,0,0,1,0,0.00,,,,,,,,,,,,,,,,,,,,,,,,,420,br BRA,DF,eng Premier League,21-191,2005,3.0,0,1,0,0.0,0.33,0.00,0.00,,0,0,521,br BRA,DF,eng Premier League,21-191,2005,3,270,90,75.0,3.0,3,90,3,0,,0,0.67,2,3,-1,-0.33,-1.33,420,br BRA,DF,eng Premier League,21-191,2005,3.0,1,0,0,3,6,0,1,3,1,0
421,Matheus Cunha,br BRA,FW,Manchester Utd,eng Premier League,27.0,1999,4,4,317,3.5,0,1,1,0,0,0,0,0,0.28,,,,,,,,,,,,,,,,,,,,,,,,,421,br BRA,FW,eng Premier League,27-110,1999,3.5,0,10,2,20.0,2.84,0.57,0.00,0.00,0,0,522,br BRA,FW,eng Premier League,27-110,1999,4,317,79,88.1,3.5,4,79,1,0,,0,1.00,5,4,+1,+0.28,+2.38,421,br BRA,FW,eng Premier League,27-110,1999,3.5,0,0,0,2,6,0,7,0,2,0
422,Laurin Curda,de GER,MF,Paderborn 07,de Bundesliga,24.0,2001,3,3,246,2.7,0,0,0,0,0,0,1,0,0.00,,,,,,,,,,,,,,,,,,,,,,,,,422,de GER,MF,de Bundesliga,24-319,2001,2.7,0,4,0,0.0,1.46,0.00,0.00,,0,0,523,de GER,MF,de Bundesliga,24-319,2001,3,246,82,91.1,2.7,3,82,2,0,,0,0.33,0,2,-2,-0.73,+6.77,422,de GER,MF,de Bundesliga,24-319,2001,2.7,1,0,0,5,5,0,8,3,5,0
423,Patrick Cutrone,it ITA,MF,Monza,it Serie A,28.0,1998,3,1,138,1.5,0,0,0,0,0,0,0,0,0.00,,,,,,,,,,,,,,,,,,,,,,,,,423,it ITA,MF,it Serie A,28-254,1998,1.5,0,4,1,25.0,2.61,0.65,0.00,0.00,0,0,524,it ITA,MF,it Serie A,28-254,1998,3,138,46,38.3,1.5,1,90,1,2,24,0,0.00,3,3,0,0.00,+2.03,423,it ITA,MF,it Serie A,28-254,1998,1.5,0,0,0,3,3,3,6,0,2,0
424,Lucas Da Cunha,fr FRA,MF,Como,it Serie A,25.0,2001,3,2,189,2.1,0,0,0,0,0,0,0,0,0.00,,,,,,,,,,,,,,,,,,,,,,,,,424,fr FRA,MF,it Serie A,25-097,2001,2.1,0,6,0,0.0,2.86,0.00,0.00,,0,0,525,fr FRA,MF,it Serie A,25-097,2001,3,189,63,70.0,2.1,2,72,0,1,45,0,2.33,7,2,+5,+2.38,+3.49,424,fr FRA,MF,it Serie A,25-097,2001,2.1,0,0,0,1,1,0,5,0,3,0
425,Matteo Dagasso,it ITA,MF,Venezia,it Serie A,22.0,2004,1,0,21,0.2,0,0,0,0,0,0,1,0,0.00,,,,,,,,,,,,,,,,,,,,,,,,,425,it ITA,MF,it Serie A,22-166,2004,0.2,0,0,0,,0.00,0.00,,,0,0,527,it ITA,MF,it Serie A,22-166,2004,1,21,21,5.8,0.2,0,,0,1,21,2,0.00,0,1,-1,-4.29,-2.69,425,it ITA,MF,it Serie A,22-166,2004,0.2,1,0,0,1,0,1,1,0,0,0
426,Adam Daghim,dk DEN,MF,Hoffenheim,de Bundesliga,20.0,2005,3,3,266,3.0,1,2,3,1,0,0,0,0,1.02,,,,,,,,,,,,,,,,,,,,,,,,,426,dk DEN,MF,de Bundesliga,20-351,2005,3.0,1,5,3,60.0,1.69,1.02,0.20,0.33,0,0,528,dk DEN,MF,de Bundesliga,20-351,2005,3,266,89,98.5,3.0,3,89,2,0,,0,1.00,6,7,-1,-0.34,-0.34,426,dk DEN,MF,de Bundesliga,20-351,2005,3.0,0,0,0,4,2,1,12,4,5,0
427,Finn Dahmen,de GER,GK,Augsburg,de Bundesliga,28.0,1998,3,3,270,3.0,0,0,0,0,0,0,0,0,0.00,19,de GER,GK,de Bundesliga,28-171,1998,3,3,270,3.0,3,1.00,17,14,82.4,2,1,0,1,33.3,0,0,0,0,427,de GER,GK,de Bundesliga,28-171,1998,3.0,0,0,0,,0.00,0.00,,,0,0,529,de GER,GK,de Bundesliga,28-171,1998,3,270,90,100.0,3.0,3,90,3,0,,0,2.33,9,3,+6,+2.00,,427,de GER,GK,de Bundesliga,28-171,1998,3.0,0,0,0,0,1,0,0,0,0,0
428,Patson Daka,zm ZAM,"MF,FW",Hamburger SV,de Bundesliga,27.0,1998,3,2,183,2.0,0,0,0,0,0,0,0,0,0.00,,,,,,,,,,,,,,,,,,,,,,,,,428,zm ZAM,"MF,FW",de Bundesliga,27-340,1998,2.0,0,6,0,0.0,2.95,0.00,0.00,,0,0,530,zm ZAM,"MF,FW",de Bundesliga,27-340,1998,3,183,61,67.8,2.0,2,69,0,1,45,0,0.00,0,8,-8,-3.93,+0.20,428,zm ZAM,"MF,FW",de Bundesliga,27-340,1998,2.0,0,0,0,1,2,1,2,1,2,0
429,Thijs Dallinga,nl NED,FW,Köln,de Bundesliga,26.0,2000,2,1,89,1.0,2,0,2,2,0,1,0,0,2.02,,,,,,,,,,,,,,,,,,,,,,,,,429,nl NED,FW,de Bundesliga,26-042,2000,1.0,2,6,3,50.0,6.07,3.03,0.33,0.67,0,1,532,nl NED,FW,de Bundesliga,26-042,2000,2,89,45,33.0,1.0,1,63,0,1,26,0,2.00,3,1,+2,+2.02,+4.01,429,nl NED,FW,de Bundesliga,26-042,2000,1.0,0,0,0,1,2,1,0,0,0,0
430,Diogo Dalot,pt POR,DF,Manchester Utd,eng Premier League,27.0,1999,4,3,257,2.9,0,0,0,0,0,0,1,0,0.00,,,,,,,,,,,,,,,,,,,,,,,,,430,pt POR,DF,eng Premier League,27-180,1999,2.9,0,6,1,16.7,2.10,0.35,0.00,0.00,0,0,533,pt POR,DF,eng Premier League,27-180,1999,4,257,64,71.4,2.9,3,82,1,1,11,0,1.00,5,3,+2,+0.70,+2.45,430,pt POR,DF,eng Premier League,27-180,1999,2.9,1,0,0,6,1,1,7,4,4,0
431,Mikkel Damsgaard,dk DEN,MF,Brentford,eng Premier League,26.0,2000,4,2,199,2.2,0,0,0,0,0,0,0,0,0.00,,,,,,,,,,,,,,,,,,,,,,,,,431,dk DEN,MF,eng Premier League,26-073,2000,2.2,0,3,1,33.3,1.36,0.45,0.00,0.00,0,0,534,dk DEN,MF,eng Premier League,26-073,2000,4,199,50,55.3,2.2,2,77,0,2,23,0,1.50,2,1,+1,+0.45,-0.67,431,dk DEN,MF,eng Premier League,26-073,2000,2.2,0,0,0,0,3,0,16,1,1,0
432,Arnaut Danjuma,nl NED,"FW,MF",Valencia,es La Liga,29.0,1997,5,4,347,3.9,0,0,0,0,0,0,0,0,0.00,,,,,,,,,,,,,,,,,,,,,,,,,432,nl NED,"FW,MF",es La Liga,29-226,1997,3.9,0,11,4,36.4,2.85,1.04,0.00,0.00,0,0,536,nl NED,"FW,MF",es La Liga,29-226,1997,5,347,69,77.1,3.9,4,79,2,1,31,0,0.20,0,6,-6,-1.56,+1.07,432,nl NED,"FW,MF",es La Liga,29-226,1997,3.9,0,0,0,5,6,3,6,0,1,0
433,Kévin Danois,fr FRA,MF,Auxerre,fr Ligue 1,22.0,2004,4,4,360,4.0,0,0,0,0,0,0,1,0,0.00,,,,,,,,,,,,,,,,,,,,,,,,,433,fr FRA,MF,fr Ligue 1,22-078,2004,4.0,0,6,1,16.7,1.50,0.25,0.00,0.00,0,0,537,fr FRA,MF,fr Ligue 1,22-078,2004,4,360,90,100.0,4.0,4,90,4,0,,0,0.75,5,11,-6,-1.50,,433,fr FRA,MF,fr Ligue 1,22-078,2004,4.0,1,0,0,7,4,0,3,3,7,0
434,Kevin Danso,at AUT,DF,Sunderland,eng Premier League,27.0,1998,2,2,180,2.0,0,0,0,0,0,0,0,0,0.00,,,,,,,,,,,,,,,,,,,,,,,,,434,at AUT,DF,eng Premier League,27-360,1998,2.0,0,0,0,,0.00,0.00,,,0,0,539,at AUT,DF,eng Premier League,27-360,1998,2,180,90,50.0,2.0,2,90,2,0,,0,0.50,1,3,-2,-1.00,-1.00,434,at AUT,DF,eng Premier League,27-360,1998,2.0,0,0,0,1,2,1,1,0,1,0
435,Noah Darvich,de GER,MF,Elversberg,de Bundesliga,19.0,2006,2,0,106,1.2,0,1,1,0,0,0,0,0,0.85,,,,,,,,,,,,,,,,,,,,,,,,,435,de GER,MF,de Bundesliga,19-354,2006,1.2,0,1,0,0.0,0.85,0.00,0.00,,0,0,541,de GER,MF,de Bundesliga,19-354,2006,2,106,53,39.3,1.2,0,,0,2,53,1,1.50,1,4,-3,-2.55,-4.74,435,de GER,MF,de Bundesliga,19-354,2006,1.2,0,0,0,0,1,1,1,0,1,0
436,Jay Dasilva,wls WAL,"MF,DF",Coventry City,eng Premier League,28.0,1998,4,4,354,3.9,0,0,0,0,0,0,0,0,0.00,,,,,,,,,,,,,,,,,,,,,,,,,436,wls WAL,"MF,DF",eng Premier League,28-145,1998,3.9,0,1,1,100.0,0.25,0.25,0.00,0.00,0,0,542,wls WAL,"MF,DF",eng Premier League,28-145,1998,4,354,89,98.3,3.9,4,89,3,0,,0,0.00,0,10,-10,-2.54,-2.54,436,wls WAL,"MF,DF",eng Premier League,28-145,1998,3.9,0,0,0,1,0,0,9,2,4,0
437,Jonathan David,ca CAN,"FW,MF",Atlético Madrid,es La Liga,26.0,2000,1,0,31,0.3,1,0,1,1,0,0,0,0,2.90,,,,,,,,,,,,,,,,,,,,,,,,,437,ca CAN,"FW,MF",es La Liga,26-243,2000,0.3,1,2,2,100.0,5.81,5.81,0.50,0.50,0,0,544,ca CAN,"FW,MF",es La Liga,26-243,2000,1,31,31,6.9,0.3,0,,0,1,31,1,3.00,3,0,+3,+8.71,+8.49,437,ca CAN,"FW,MF",es La Liga,26-243,2000,0.3,0,0,0,0,0,0,0,0,0,0
438,Jonathan David,ca CAN,FW,Juventus,it Serie A,26.0,2000,1,1,56,0.6,0,0,0,0,0,0,0,0,0.00,,,,,,,,,,,,,,,,,,,,,,,,,438,ca CAN,FW,it Serie A,26-243,2000,0.6,0,2,0,0.0,3.21,0.00,0.00,,0,0,545,ca CAN,FW,it Serie A,26-243,2000,1,56,56,15.6,0.6,1,56,0,0,,1,3.00,0,0,0,0.00,-0.59,438,ca CAN,FW,it Serie A,26-243,2000,0.6,0,0,0,0,0,0,0,0,2,0
439,Promise David,ca CAN,FW,Brighton,eng Premier League,25.0,2001,2,0,24,0.3,0,0,0,0,0,0,1,0,0.00,,,,,,,,,,,,,,,,,,,,,,,,,439,ca CAN,FW,eng Premier League,25-073,2001,0.3,0,1,0,0.0,3.75,0.00,0.00,,0,0,546,ca CAN,FW,eng Premier League,25-073,2001,2,24,12,6.7,0.3,0,,0,2,12,2,0.50,1,0,+1,+3.75,+1.87,439,ca CAN,FW,eng Premier League,25-073,2001,0.3,1,0,0,2,0,1,0,0,0,0
440,Alphonso Davies,ca CAN,DF,Bayern Munich,de Bundesliga,25.0,2000,3,2,189,2.1,0,0,0,0,0,0,0,0,0.00,,,,,,,,,,,,,,,,,,,,,,,,,440,ca CAN,DF,de Bundesliga,25-316,2000,2.1,0,2,0,0.0,0.95,0.00,0.00,,0,0,547,ca CAN,DF,de Bundesliga,25-316,2000,3,189,63,70.0,2.1,2,82,1,1,26,0,2.33,4,1,+3,+1.43,-0.79,440,ca CAN,DF,de Bundesliga,25-316,2000,2.1,0,0,0,1,2,1,3,1,3,0
441,Davinchi,es ESP,MF,Getafe,es La Liga,18.0,2007,2,1,47,0.5,0,0,0,0,0,0,1,0,0.00,,,,,,,,,,,,,,,,,,,,,,,,,441,es ESP,MF,es La Liga,18-333,2007,0.5,0,0,0,,0.00,0.00,,,0,0,549,es ESP,MF,es La Liga,18-333,2007,2,47,24,10.4,0.5,1,45,0,1,2,3,0.50,0,0,0,0.00,+0.67,441,es ESP,MF,es La Liga,18-333,2007,0.5,1,0,0,1,0,1,1,0,1,0
442,Keinan Davis,eng ENG,FW,Udinese,it Serie A,28.0,1998,2,2,142,1.6,0,1,1,0,0,0,0,0,0.63,,,,,,,,,,,,,,,,,,,,,,,,,442,eng ENG,FW,it Serie A,28-213,1998,1.6,0,5,2,40.0,3.17,1.27,0.00,0.00,0,0,550,eng ENG,FW,it Serie A,28-213,1998,2,142,71,52.6,1.6,2,71,0,0,,0,1.50,4,3,+1,+0.63,+1.34,442,eng ENG,FW,it Serie A,28-213,1998,1.6,0,0,0,0,0,1,0,0,1,0
443,Leif Davis,eng ENG,DF,Ipswich Town,eng Premier League,26.0,1999,4,4,360,4.0,2,1,3,2,0,0,0,0,0.75,,,,,,,,,,,,,,,,,,,,,,,,,443,eng ENG,DF,eng Premier League,26-257,1999,4.0,2,5,3,60.0,1.25,0.75,0.40,0.67,0,0,551,eng ENG,DF,eng Premier League,26-257,1999,4,360,90,100.0,4.0,4,90,4,0,,0,1.50,7,10,-3,-0.75,,443,eng ENG,DF,eng Premier League,26-257,1999,4.0,0,0,0,0,2,1,10,2,1,0
444,Kevin De Bruyne,be BEL,MF,Napoli,it Serie A,35.0,1991,4,1,175,1.9,1,1,2,1,0,0,0,0,1.03,,,,,,,,,,,,,,,,,,,,,,,,,444,be BEL,MF,it Serie A,35-078,1991,1.9,1,5,1,20.0,2.57,0.51,0.20,1.00,0,0,552,be BEL,MF,it Serie A,35-078,1991,4,175,44,48.6,1.9,1,87,0,3,29,0,1.50,3,2,+1,+0.51,+0.51,444,be BEL,MF,it Serie A,35-078,1991,1.9,0,0,0,2,1,0,17,1,2,0
445,Mathys De Carvalho,fr FRA,MF,Lyon,fr Ligue 1,21.0,2005,1,1,68,0.8,0,0,0,0,0,0,0,0,0.00,,,,,,,,,,,,,,,,,,,,,,,,,445,fr FRA,MF,fr Ligue 1,21-136,2005,0.8,0,0,0,,0.00,0.00,,,0,0,553,fr FRA,MF,fr Ligue 1,21-136,2005,1,68,68,18.9,0.8,1,68,0,0,,0,3.00,1,0,+1,+1.32,+0.40,445,fr FRA,MF,fr Ligue 1,21-136,2005,0.8,0,0,0,0,1,0,0,0,1,0
446,Nathan De Cat,be BEL,MF,Hoffenheim,de Bundesliga,18.0,2008,2,0,32,0.4,0,0,0,0,0,0,0,0,0.00,,,,,,,,,,,,,,,,,,,,,,,,,446,be BEL,MF,de Bundesliga,18-057,2008,0.4,0,0,0,,0.00,0.00,,,0,0,554,be BEL,MF,de Bundesliga,18-057,2008,2,32,16,11.9,0.4,0,,0,2,16,1,0.00,0,3,-3,-8.44,-9.19,446,be BEL,MF,de Bundesliga,18-057,2008,0.4,0,0,0,1,0,0,2,0,0,0
447,Maxim De Cuyper,be BEL,MF,Brighton,eng Premier League,25.0,2000,4,4,334,3.7,1,2,3,1,0,0,1,0,0.81,,,,,,,,,,,,,,,,,,,,,,,,,447,be BEL,MF,eng Premier League,25-266,2000,3.7,1,6,1,16.7,1.62,0.27,0.17,1.00,0,0,555,be BEL,MF,eng Premier League,25-266,2000,4,334,84,92.8,3.7,4,84,2,0,,0,1.75,13,5,+8,+2.16,+2.16,447,be BEL,MF,eng Premier League,25-266,2000,3.7,1,0,0,6,2,3,22,2,3,0
448,Charles De Ketelaere,be BEL,FW,Atalanta,it Serie A,25.0,2001,4,3,265,2.9,0,1,1,0,0,0,0,0,0.34,,,,,,,,,,,,,,,,,,,,,,,,,448,be BEL,FW,it Serie A,25-188,2001,2.9,0,1,0,0.0,0.34,0.00,0.00,,0,0,557,be BEL,FW,it Serie A,25-188,2001,4,265,66,73.6,2.9,3,78,2,1,31,0,1.50,3,4,-1,-0.34,-1.29,448,be BEL,FW,it Serie A,25-188,2001,2.9,0,0,0,3,4,1,8,1,4,0
449,Jeffrey De Lange,nl NED,GK,Marseille,fr Ligue 1,28.0,1998,4,4,360,4.0,0,0,0,0,0,0,0,0,0.00,20,nl NED,GK,fr Ligue 1,28-166,1998,4,4,360,4.0,6,1.50,21,15,71.4,1,0,3,1,25.0,1,1,0,0,449,nl NED,GK,fr Ligue 1,28-166,1998,4.0,0,0,0,,0.00,0.00,,,0,0,558,nl NED,GK,fr Ligue 1,28-166,1998,4,360,90,100.0,4.0,4,90,4,0,,0,0.75,6,6,0,0.00,,449,nl NED,GK,fr Ligue 1,28-166,1998,4.0,0,0,0,0,0,0,0,0,0,0
450,Koni De Winter,be BEL,DF,Milan,it Serie A,24.0,2002,4,4,360,4.0,0,0,0,0,0,0,1,0,0.00,,,,,,,,,,,,,,,,,,,,,,,,,450,be BEL,DF,it Serie A,24-094,2002,4.0,0,3,0,0.0,0.75,0.00,0.00,,0,0,562,be BEL,DF,it Serie A,24-094,2002,4,360,90,100.0,4.0,4,90,4,0,,0,2.00,7,4,+3,+0.75,,450,be BEL,DF,it Serie A,24-094,2002,4.0,1,0,0,7,1,0,0,5,7,0
451,Amar Dedić,ba BIH,DF,Newcastle,eng Premier League,24.0,2002,3,3,270,3.0,0,1,1,0,0,0,0,0,0.33,,,,,,,,,,,,,,,,,,,,,,,,,451,ba BIH,DF,eng Premier League,24-027,2002,3.0,0,3,0,0.0,1.00,0.00,0.00,,0,0,563,ba BIH,DF,eng Premier League,24-027,2002,3,270,90,100.0,3.0,3,90,3,0,,0,1.67,6,4,+2,+0.67,,451,ba BIH,DF,eng Premier League,24-027,2002,3.0,0,0,0,6,4,0,4,1,1,0
452,Alessandro Deiola,it ITA,DF,Cagliari,it Serie A,31.0,1995,4,4,352,3.9,0,0,0,0,0,0,2,0,0.00,,,,,,,,,,,,,,,,,,,,,,,,,452,it ITA,DF,it Serie A,31-044,1995,3.9,0,1,0,0.0,0.26,0.00,0.00,,0,0,564,it ITA,DF,it Serie A,31-044,1995,4,352,88,97.8,3.9,4,88,3,0,,0,2.25,4,2,+2,+0.51,+0.51,452,it ITA,DF,it Serie A,31-044,1995,3.9,2,0,0,3,1,0,0,4,4,0
453,Mateo Del Blanco,ar ARG,DF,Strasbourg,fr Ligue 1,22.0,2003,2,0,13,0.1,0,0,0,0,0,0,0,0,0.00,,,,,,,,,,,,,,,,,,,,,,,,,453,ar ARG,DF,fr Ligue 1,22-318,2003,0.1,0,0,0,,0.00,0.00,,,0,0,565,ar ARG,DF,fr Ligue 1,22-318,2003,2,13,7,3.6,0.1,0,,0,2,7,0,1.50,0,2,-2,-13.85,-14.62,453,ar ARG,DF,fr Ligue 1,22-318,2003,0.1,0,0,0,1,0,0,0,0,2,0
454,Romain Del Castillo,fr FRA,"FW,MF",Osasuna,es La Liga,30.0,1996,1,0,20,0.2,0,0,0,0,0,0,0,0,0.00,,,,,,,,,,,,,,,,,,,,,,,,,454,fr FRA,"FW,MF",es La Liga,30-169,1996,0.2,0,0,0,,0.00,0.00,,,0,0,566,fr FRA,"FW,MF",es La Liga,30-169,1996,1,20,20,4.4,0.2,0,,0,1,20,1,0.00,0,0,0,0.00,+0.63,454,fr FRA,"FW,MF",es La Liga,30-169,1996,0.2,0,0,0,0,1,0,2,0,1,0
455,Romain Del Castillo,fr FRA,MF,Brest,fr Ligue 1,30.0,1996,2,2,136,1.5,1,0,1,1,0,0,0,0,0.66,,,,,,,,,,,,,,,,,,,,,,,,,455,fr FRA,MF,fr Ligue 1,30-169,1996,1.5,1,1,1,100.0,0.66,0.66,1.00,1.00,0,0,567,fr FRA,MF,fr Ligue 1,30-169,1996,2,136,68,37.8,1.5,2,68,0,0,,0,1.00,3,4,-1,-0.66,-1.06,455,fr FRA,MF,fr Ligue 1,30-169,1996,1.5,0,0,0,3,1,2,14,2,2,0
456,Liam Delap,eng ENG,FW,Nottingham,eng Premier League,23.0,2003,3,2,187,2.1,1,0,1,1,0,0,1,0,0.48,,,,,,,,,,,,,,,,,,,,,,,,,456,eng ENG,FW,eng Premier League,23-218,2003,2.1,1,8,1,12.5,3.85,0.48,0.13,1.00,0,0,568,eng ENG,FW,eng Premier League,23-218,2003,3,187,62,51.9,2.1,2,81,0,1,25,0,1.67,3,2,+1,+0.48,+1.00,456,eng ENG,FW,eng Premier League,23-218,2003,2.1,1,0,0,3,2,2,1,0,1,0
457,Fisayo Dele-Bashiru,ng NGA,MF,Lazio,it Serie A,25.0,2001,1,1,53,0.6,0,0,0,0,0,0,0,0,0.00,,,,,,,,,,,,,,,,,,,,,,,,,457,ng NGA,MF,it Serie A,25-220,2001,0.6,0,0,0,,0.00,0.00,,,0,0,570,ng NGA,MF,it Serie A,25-220,2001,1,53,53,14.7,0.6,1,53,0,0,,0,3.00,0,0,0,0.00,-0.88,457,ng NGA,MF,it Serie A,25-220,2001,0.6,0,0,0,0,2,0,0,0,0,0
458,Filippo Delli Carri,it ITA,DF,Monza,it Serie A,27.0,1999,2,0,33,0.4,0,0,0,0,0,0,0,0,0.00,,,,,,,,,,,,,,,,,,,,,,,,,458,it ITA,DF,it Serie A,27-134,1999,0.4,0,0,0,,0.00,0.00,,,0,0,571,it ITA,DF,it Serie A,27-134,1999,2,33,17,9.2,0.4,0,,0,2,17,0,0.00,1,0,+1,+2.73,+4.38,458,it ITA,DF,it Serie A,27-134,1999,0.4,0,0,0,2,0,0,0,0,0,0
459,Enrico Delprato,it ITA,DF,Parma,it Serie A,26.0,1999,3,3,270,3.0,0,0,0,0,0,0,1,0,0.00,,,,,,,,,,,,,,,,,,,,,,,,,459,it ITA,DF,it Serie A,26-308,1999,3.0,0,4,0,0.0,1.33,0.00,0.00,,0,0,572,it ITA,DF,it Serie A,26-308,1999,3,270,90,100.0,3.0,3,90,3,0,,0,0.33,1,4,-3,-1.00,,459,it ITA,DF,it Serie A,26-308,1999,3.0,1,0,0,1,1,0,1,3,4,0
460,Olivier Deman,be BEL,DF,Werder Bremen,de Bundesliga,26.0,2000,3,3,270,3.0,0,0,0,0,0,0,1,0,0.00,,,,,,,,,,,,,,,,,,,,,,,,,460,be BEL,DF,de Bundesliga,26-161,2000,3.0,0,3,3,100.0,1.00,1.00,0.00,0.00,0,0,573,be BEL,DF,de Bundesliga,26-161,2000,3,270,90,100.0,3.0,3,90,3,0,,0,1.33,5,6,-1,-0.33,,460,be BEL,DF,de Bundesliga,26-161,2000,3.0,1,0,0,4,0,0,9,3,11,0
461,Pape Demba Diop,sn SEN,MF,Strasbourg,fr Ligue 1,23.0,2003,4,3,292,3.2,0,0,0,0,0,0,2,0,0.00,,,,,,,,,,,,,,,,,,,,,,,,,461,sn SEN,MF,fr Ligue 1,23-010,2003,3.2,0,5,0,0.0,1.54,0.00,0.00,,0,0,574,sn SEN,MF,fr Ligue 1,23-010,2003,4,292,73,81.1,3.2,3,90,3,1,22,0,1.75,9,6,+3,+0.92,+3.57,461,sn SEN,MF,fr Ligue 1,23-010,2003,3.2,2,0,0,4,4,0,1,7,5,0
462,Ousmane Dembélé,fr FRA,FW,Paris SG,fr Ligue 1,29.0,1997,3,2,132,1.5,0,1,1,0,0,0,0,0,0.68,,,,,,,,,,,,,,,,,,,,,,,,,462,fr FRA,FW,fr Ligue 1,29-122,1997,1.5,0,9,3,33.3,6.14,2.05,0.00,0.00,0,0,577,fr FRA,FW,fr Ligue 1,29-122,1997,3,132,44,36.7,1.5,2,55,0,1,22,0,1.33,1,3,-2,-1.36,-2.15,462,fr FRA,FW,fr Ligue 1,29-122,1997,1.5,0,0,0,0,0,2,11,1,0,0
463,Ermedin Demirović,ba BIH,MF,Stuttgart,de Bundesliga,28.0,1998,3,1,113,1.3,1,0,1,1,0,0,0,0,0.80,,,,,,,,,,,,,,,,,,,,,,,,,463,ba BIH,MF,de Bundesliga,28-173,1998,1.3,1,7,3,42.9,5.58,2.39,0.14,0.33,0,0,578,ba BIH,MF,de Bundesliga,28-173,1998,3,113,38,41.9,1.3,1,64,0,2,25,0,1.00,3,4,-1,-0.80,-0.22,463,ba BIH,MF,de Bundesliga,28-173,1998,1.3,0,0,0,2,3,0,0,1,0,0
464,Branco van den Boomen,nl NED,MF,Angers,fr Ligue 1,31.0,1995,4,4,360,4.0,1,1,2,1,0,0,1,0,0.50,,,,,,,,,,,,,,,,,,,,,,,,,464,nl NED,MF,fr Ligue 1,31-055,1995,4.0,1,3,1,33.3,0.75,0.25,0.33,1.00,0,0,580,nl NED,MF,fr Ligue 1,31-055,1995,4,360,90,100.0,4.0,4,90,4,0,,0,1.00,4,5,-1,-0.25,,464,nl NED,MF,fr Ligue 1,31-055,1995,4.0,1,0,0,3,3,0,47,1,5,0
465,Nelson Deossa,co COL,MF,Real Betis,es La Liga,26.0,2000,4,1,148,1.6,0,0,0,0,0,0,0,0,0.00,,,,,,,,,,,,,,,,,,,,,,,,,465,co COL,MF,es La Liga,26-220,2000,1.6,0,8,3,37.5,4.86,1.82,0.00,0.00,0,0,582,co COL,MF,es La Liga,26-220,2000,4,148,37,41.1,1.6,1,90,1,3,19,0,2.25,2,2,0,0.00,0.00,465,co COL,MF,es La Liga,26-220,2000,1.6,0,0,0,3,1,0,0,1,2,0
466,Rémy Descamps,fr FRA,GK,Lyon,fr Ligue 1,30.0,1996,1,1,90,1.0,0,0,0,0,0,0,0,0,0.00,21,fr FRA,GK,fr Ligue 1,30-081,1996,1,1,90,1.0,0,0.00,2,2,100.0,1,0,0,1,100.0,0,0,0,0,466,fr FRA,GK,fr Ligue 1,30-081,1996,1.0,0,0,0,,0.00,0.00,,,0,0,583,fr FRA,GK,fr Ligue 1,30-081,1996,1,90,90,25.0,1.0,1,90,1,0,,3,3.00,2,0,+2,+2.00,+1.33,466,fr FRA,GK,fr Ligue 1,30-081,1996,1.0,0,0,0,0,0,0,0,0,0,0
467,Mathys Detourbet,fr FRA,MF,Monaco,fr Ligue 1,19.0,2007,2,0,25,0.3,0,0,0,0,0,0,0,0,0.00,,,,,,,,,,,,,,,,,,,,,,,,,467,fr FRA,MF,fr Ligue 1,19-138,2007,0.3,0,0,0,,0.00,0.00,,,0,0,585,fr FRA,MF,fr Ligue 1,19-138,2007,2,25,13,6.9,0.3,0,,0,2,13,2,2.00,0,0,0,0.00,-1.07,467,fr FRA,MF,fr Ligue 1,19-138,2007,0.3,0,0,0,0,0,0,0,0,0,0
468,Kiernan Dewsbury-Hall,eng ENG,MF,Everton,eng Premier League,28.0,1998,4,4,359,4.0,1,0,1,1,0,0,1,0,0.25,,,,,,,,,,,,,,,,,,,,,,,,,468,eng ENG,MF,eng Premier League,28-008,1998,4.0,1,12,5,41.7,3.01,1.25,0.08,0.20,0,0,587,eng ENG,MF,eng Premier League,28-008,1998,4,359,90,99.7,4.0,4,90,3,0,,0,1.50,5,3,+2,+0.50,+0.50,468,eng ENG,MF,eng Premier League,28-008,1998,4.0,1,0,0,1,6,0,18,1,4,0
469,Giovanni Di Lorenzo,it ITA,DF,Napoli,it Serie A,33.0,1993,4,4,360,4.0,0,1,1,0,0,0,1,0,0.25,,,,,,,,,,,,,,,,,,,,,,,,,469,it ITA,DF,it Serie A,33-041,1993,4.0,0,1,0,0.0,0.25,0.00,0.00,,0,0,591,it ITA,DF,it Serie A,33-041,1993,4,360,90,100.0,4.0,4,90,4,0,,0,1.50,6,5,+1,+0.25,,469,it ITA,DF,it Serie A,33-041,1993,4.0,1,0,0,3,2,2,6,2,8,0
470,Boulaye Dia,sn SEN,FW,Lazio,it Serie A,29.0,1996,2,2,157,1.7,0,1,1,0,0,0,1,0,0.57,,,,,,,,,,,,,,,,,,,,,,,,,470,sn SEN,FW,it Serie A,29-302,1996,1.7,0,0,0,,0.00,0.00,,,0,0,592,sn SEN,FW,it Serie A,29-302,1996,2,157,79,43.6,1.7,2,79,0,0,,0,3.00,2,0,+2,+1.15,+0.70,470,sn SEN,FW,it Serie A,29-302,1996,1.7,1,0,0,2,0,1,0,0,0,0
471,Boulaye Dia,sn SEN,"FW,MF",Rennes,fr Ligue 1,29.0,1996,2,0,15,0.2,0,0,0,0,0,0,0,0,0.00,,,,,,,,,,,,,,,,,,,,,,,,,471,sn SEN,"FW,MF",fr Ligue 1,29-302,1996,0.2,0,0,0,,0.00,0.00,,,0,0,593,sn SEN,"FW,MF",fr Ligue 1,29-302,1996,2,15,8,4.2,0.2,0,,0,2,8,0,3.00,0,0,0,0.00,-0.78,471,sn SEN,"FW,MF",fr Ligue 1,29-302,1996,0.2,0,0,0,0,0,0,0,0,0,0
472,Moussa Diaby,fr FRA,MF,Leverkusen,de Bundesliga,27.0,1999,2,1,114,1.3,0,0,0,0,0,0,0,0,0.00,,,,,,,,,,,,,,,,,,,,,,,,,472,fr FRA,MF,de Bundesliga,27-069,1999,1.3,0,6,0,0.0,4.74,0.00,0.00,,0,0,594,fr FRA,MF,de Bundesliga,27-069,1999,2,114,57,42.2,1.3,1,90,1,1,24,0,2.00,2,2,0,0.00,-1.73,472,fr FRA,MF,de Bundesliga,27-069,1999,1.3,0,0,0,1,0,0,5,1,0,0
473,Mouctar Diakhaby,gn GUI,DF,Valencia,es La Liga,29.0,1996,4,3,286,3.2,0,0,0,0,0,0,2,0,0.00,,,,,,,,,,,,,,,,,,,,,,,,,473,gn GUI,DF,es La Liga,29-269,1996,3.2,0,2,0,0.0,0.63,0.00,0.00,,0,0,595,gn GUI,DF,es La Liga,29-269,1996,4,286,72,63.6,3.2,3,80,2,1,45,0,0.25,1,7,-6,-1.89,-0.24,473,gn GUI,DF,es La Liga,29-269,1996,3.2,2,0,0,1,1,0,0,6,1,1
474,Habib Diallo,sn SEN,FW,Le Mans,fr Ligue 1,31.0,1995,2,0,56,0.6,0,0,0,0,0,0,0,0,0.00,,,,,,,,,,,,,,,,,,,,,,,,,474,sn SEN,FW,fr Ligue 1,31-088,1995,0.6,0,1,0,0.0,1.61,0.00,0.00,,0,0,597,sn SEN,FW,fr Ligue 1,31-088,1995,2,56,28,15.6,0.6,0,,0,2,28,0,1.00,0,0,0,0.00,+0.30,474,sn SEN,FW,fr Ligue 1,31-088,1995,0.6,0,0,0,1,3,0,1,0,2,0
475,Ismail Diallo,fr FRA,DF,Toulouse,fr Ligue 1,23.0,2003,4,2,147,1.6,0,0,0,0,0,0,0,0,0.00,,,,,,,,,,,,,,,,,,,,,,,,,475,fr FRA,DF,fr Ligue 1,23-022,2003,1.6,0,1,0,0.0,0.61,0.00,0.00,,0,0,598,fr FRA,DF,fr Ligue 1,23-022,2003,4,147,37,40.8,1.6,2,58,0,2,16,0,0.50,1,3,-2,-1.22,-0.80,475,fr FRA,DF,fr Ligue 1,23-022,2003,1.6,0,0,0,1,3,1,4,0,1,0
476,Ousmane Diallo,es ESP,FW,Parma,it Serie A,19.0,2007,1,0,16,0.2,0,0,0,0,0,0,0,0,0.00,,,,,,,,,,,,,,,,,,,,,,,,,476,es ESP,FW,it Serie A,19-094,2007,0.2,0,0,0,,0.00,0.00,,,0,0,599,es ESP,FW,it Serie A,19-094,2007,1,16,16,5.9,0.2,0,,0,1,16,1,0.00,0,1,-1,-5.63,-4.92,476,es ESP,FW,it Serie A,19-094,2007,0.2,0,0,0,0,0,1,1,0,0,0
477,Zoumana Diallo,fr FRA,FW,Nice,fr Ligue 1,21.0,2005,1,1,59,0.7,0,0,0,0,0,0,1,0,0.00,,,,,,,,,,,,,,,,,,,,,,,,,477,fr FRA,FW,fr Ligue 1,21-224,2005,0.7,0,1,0,0.0,1.53,0.00,0.00,,0,0,601,fr FRA,FW,fr Ligue 1,21-224,2005,1,59,59,16.4,0.7,1,59,0,0,,1,1.00,0,0,0,0.00,+1.20,477,fr FRA,FW,fr Ligue 1,21-224,2005,0.7,1,0,0,3,0,0,0,0,0,0
478,Mamady Diambou,ml MLI,MF,Brest,fr Ligue 1,23.0,2002,2,1,102,1.1,0,1,1,0,0,0,0,0,0.88,,,,,,,,,,,,,,,,,,,,,,,,,478,ml MLI,MF,fr Ligue 1,23-307,2002,1.1,0,6,2,33.3,5.29,1.76,0.00,0.00,0,0,602,ml MLI,MF,fr Ligue 1,23-307,2002,2,102,51,28.3,1.1,1,74,0,1,28,0,1.00,1,2,-1,-0.88,-1.23,478,ml MLI,MF,fr Ligue 1,23-307,2002,1.1,0,0,0,3,1,0,0,0,6,0
479,Assane Diao,sn SEN,MF,Como,it Serie A,21.0,2005,3,2,192,2.1,2,1,3,2,0,0,0,0,1.41,,,,,,,,,,,,,,,,,,,,,,,,,479,sn SEN,MF,it Serie A,21-007,2005,2.1,2,7,3,42.9,3.28,1.41,0.29,0.67,0,0,604,sn SEN,MF,it Serie A,21-007,2005,3,192,64,71.1,2.1,2,74,0,1,45,0,2.33,7,2,+5,+2.34,+3.50,479,sn SEN,MF,it Serie A,21-007,2005,2.1,0,0,0,2,1,0,10,2,0,0
480,Habib Diarra,sn SEN,MF,Sunderland,eng Premier League,22.0,2004,2,0,29,0.3,0,1,1,0,0,0,0,0,3.10,,,,,,,,,,,,,,,,,,,,,,,,,480,sn SEN,MF,eng Premier League,22-254,2004,0.3,0,1,0,0.0,3.10,0.00,0.00,,0,0,606,sn SEN,MF,eng Premier League,22-254,2004,2,29,15,8.1,0.3,0,,0,2,15,0,1.50,1,1,0,0.00,+0.54,480,sn SEN,MF,eng Premier League,22-254,2004,0.3,0,0,0,1,0,0,0,0,0,0
481,Rúben Dias,pt POR,DF,Manchester City,eng Premier League,29.0,1997,4,4,360,4.0,0,0,0,0,0,0,0,0,0.00,,,,,,,,,,,,,,,,,,,,,,,,,481,pt POR,DF,eng Premier League,29-123,1997,4.0,0,1,1,100.0,0.25,0.25,0.00,0.00,0,0,608,pt POR,DF,eng Premier League,29-123,1997,4,360,90,100.0,4.0,4,90,4,0,,0,3.00,8,2,+6,+1.50,,481,pt POR,DF,eng Premier League,29-123,1997,4.0,0,0,0,1,1,0,0,3,1,0
482,Bane Diatta,fr FRA,MF,Angers,fr Ligue 1,18.0,2008,4,1,124,1.4,0,0,0,0,0,0,0,0,0.00,,,,,,,,,,,,,,,,,,,,,,,,,482,fr FRA,MF,fr Ligue 1,18-079,2008,1.4,0,0,0,,0.00,0.00,,,0,0,610,fr FRA,MF,fr Ligue 1,18-079,2008,4,124,31,34.4,1.4,1,70,0,3,18,0,1.00,0,0,0,0.00,+0.38,482,fr FRA,MF,fr Ligue 1,18-079,2008,1.4,0,0,0,0,5,0,1,1,1,0
483,Kandet Diawara,gn GUI,"MF,FW",Troyes,fr Ligue 1,26.0,2000,4,2,207,2.3,0,1,1,0,0,0,0,0,0.43,,,,,,,,,,,,,,,,,,,,,,,,,483,gn GUI,"MF,FW",fr Ligue 1,26-216,2000,2.3,0,2,0,0.0,0.87,0.00,0.00,,0,0,612,gn GUI,"MF,FW",fr Ligue 1,26-216,2000,4,207,52,57.5,2.3,2,74,0,2,30,0,1.00,1,5,-4,-1.74,-1.15,483,gn GUI,"MF,FW",fr Ligue 1,26-216,2000,2.3,0,0,0,2,3,3,14,1,0,0
484,Brahim Díaz,ma MAR,MF,Real Madrid,es La Liga,27.0,1999,2,1,77,0.9,0,0,0,0,0,0,0,0,0.00,,,,,,,,,,,,,,,,,,,,,,,,,484,ma MAR,MF,es La Liga,27-042,1999,0.9,0,1,0,0.0,1.17,0.00,0.00,,0,0,614,ma MAR,MF,es La Liga,27-042,1999,2,77,39,17.1,0.9,1,64,0,1,13,3,3.00,4,0,+4,+4.68,+3.23,484,ma MAR,MF,es La Liga,27-042,1999,0.9,0,0,0,0,1,1,1,0,1,0
485,Diego Diaz,es ESP,FW,Racing Sant,es La Liga,21.0,2005,1,0,14,0.2,0,0,0,0,0,0,0,0,0.00,,,,,,,,,,,,,,,,,,,,,,,,,485,es ESP,FW,es La Liga,21-106,2005,0.2,0,0,0,,0.00,0.00,,,0,0,615,es ESP,FW,es La Liga,21-106,2005,1,14,14,3.1,0.2,0,,0,1,14,2,1.00,0,0,0,0.00,0.00,485,es ESP,FW,es La Liga,21-106,2005,0.2,0,0,0,0,0,0,1,0,0,0
486,Julio Diaz,es ESP,MF,Sevilla,es La Liga,21.0,2005,3,1,75,0.8,0,0,0,0,0,0,0,0,0.00,,,,,,,,,,,,,,,,,,,,,,,,,486,es ESP,MF,es La Liga,21-247,2005,0.8,0,0,0,,0.00,0.00,,,0,0,616,es ESP,MF,es La Liga,21-247,2005,3,75,25,16.7,0.8,1,54,0,2,11,2,2.00,0,3,-3,-3.60,-4.80,486,es ESP,MF,es La Liga,21-247,2005,0.8,0,0,0,1,1,0,3,0,0,0
487,Junior Diaz,ci CIV,DF,Troyes,fr Ligue 1,23.0,2003,4,4,360,4.0,0,0,0,0,0,0,2,0,0.00,,,,,,,,,,,,,,,,,,,,,,,,,487,ci CIV,DF,fr Ligue 1,23-053,2003,4.0,0,3,1,33.3,0.75,0.25,0.00,0.00,0,0,617,ci CIV,DF,fr Ligue 1,23-053,2003,4,360,90,100.0,4.0,4,90,4,0,,0,1.00,4,9,-5,-1.25,,487,ci CIV,DF,fr Ligue 1,23-053,2003,4.0,2,0,0,4,1,0,0,5,2,0
488,Luis Díaz,co COL,MF,Bayern Munich,de Bundesliga,29.0,1997,3,2,206,2.3,1,0,1,1,0,0,0,0,0.44,,,,,,,,,,,,,,,,,,,,,,,,,488,co COL,MF,de Bundesliga,29-244,1997,2.3,1,10,4,40.0,4.37,1.75,0.10,0.25,0,0,618,co COL,MF,de Bundesliga,29-244,1997,3,206,69,76.3,2.3,2,90,2,1,26,0,2.33,6,1,+5,+2.18,+2.18,488,co COL,MF,de Bundesliga,29-244,1997,2.3,0,0,0,5,3,1,1,0,2,0
489,Pedro Díaz,es ESP,MF,Rayo Vallecano,es La Liga,28.0,1998,4,2,203,2.3,0,0,0,0,0,0,0,0,0.00,,,,,,,,,,,,,,,,,,,,,,,,,489,es ESP,MF,es La Liga,28-101,1998,2.3,0,7,2,28.6,3.10,0.89,0.00,0.00,0,0,619,es ESP,MF,es La Liga,28-101,1998,4,203,51,45.1,2.3,2,78,1,2,24,1,0.75,5,8,-3,-1.33,-0.24,489,es ESP,MF,es La Liga,28-101,1998,2.3,0,0,0,3,2,0,5,1,3,0
490,Aliou Dieng,ml MLI,MF,Valencia,es La Liga,28.0,1997,5,2,230,2.6,0,0,0,0,0,0,0,0,0.00,,,,,,,,,,,,,,,,,,,,,,,,,490,ml MLI,MF,es La Liga,28-333,1997,2.6,0,0,0,,0.00,0.00,,,0,0,621,ml MLI,MF,es La Liga,28-333,1997,5,230,46,51.1,2.6,2,90,2,3,17,0,0.20,0,6,-6,-2.35,-1.12,490,ml MLI,MF,es La Liga,28-333,1997,2.6,0,0,0,6,2,0,2,1,6,0
491,Eric Dier,eng ENG,DF,Monaco,fr Ligue 1,32.0,1994,4,4,360,4.0,1,1,2,1,0,0,0,0,0.50,,,,,,,,,,,,,,,,,,,,,,,,,491,eng ENG,DF,fr Ligue 1,32-242,1994,4.0,1,4,1,25.0,1.00,0.25,0.25,1.00,0,0,622,eng ENG,DF,fr Ligue 1,32-242,1994,4,360,90,100.0,4.0,4,90,4,0,,0,2.50,6,2,+4,+1.00,,491,eng ENG,DF,fr Ligue 1,32-242,1994,4.0,0,0,0,2,0,0,0,3,3,0
492,Lucas Digne,fr FRA,"DF,MF",Paris SG,fr Ligue 1,33.0,1993,1,0,19,0.2,0,0,0,0,0,0,0,0,0.00,,,,,,,,,,,,,,,,,,,,,,,,,492,fr FRA,"DF,MF",fr Ligue 1,33-056,1993,0.2,0,1,0,0.0,4.74,0.00,0.00,,0,0,623,fr FRA,"DF,MF",fr Ligue 1,33-056,1993,1,19,19,5.3,0.2,0,,0,1,19,2,1.00,2,1,+1,+4.74,+5.00,492,fr FRA,"DF,MF",fr Ligue 1,33-056,1993,0.2,0,0,0,0,0,0,0,0,0,0
493,Kevin Diks,id IDN,DF,Gladbach,de Bundesliga,29.0,1996,3,3,270,3.0,0,0,0,0,0,0,2,0,0.00,,,,,,,,,,,,,,,,,,,,,,,,,493,id IDN,DF,de Bundesliga,29-343,1996,3.0,0,2,0,0.0,0.67,0.00,0.00,,0,0,624,id IDN,DF,de Bundesliga,29-343,1996,3,270,90,100.0,3.0,3,90,3,0,,0,0.00,3,12,-9,-3.00,,493,id IDN,DF,de Bundesliga,29-343,1996,3.0,2,0,0,2,2,1,1,0,1,0
494,Federico Dimarco,it ITA,MF,Inter,it Serie A,28.0,1997,3,3,241,2.7,0,1,1,0,0,0,0,0,0.37,,,,,,,,,,,,,,,,,,,,,,,,,494,it ITA,MF,it Serie A,28-308,1997,2.7,0,7,2,28.6,2.61,0.75,0.00,0.00,0,0,625,it ITA,MF,it Serie A,28-308,1997,3,241,80,89.3,2.7,3,80,2,0,,0,3.00,6,3,+3,+1.12,-5.09,494,it ITA,MF,it Serie A,28-308,1997,2.7,0,0,0,1,1,0,23,3,2,0
495,Stole Dimitrievski,mk MKD,GK,Valencia,es La Liga,32.0,1993,5,5,450,5.0,0,0,0,0,0,0,1,0,0.00,22,mk MKD,GK,es La Liga,32-263,1993,5,5,450,5.0,10,2.00,26,16,61.5,0,1,4,1,20.0,0,0,0,0,495,mk MKD,GK,es La Liga,32-263,1993,5.0,0,0,0,,0.00,0.00,,,0,0,626,mk MKD,GK,es La Liga,32-263,1993,5,450,90,100.0,5.0,5,90,5,0,,0,0.20,1,10,-9,-1.80,,495,mk MKD,GK,es La Liga,32-263,1993,5.0,1,0,0,0,0,0,0,0,0,0
496,Junior Dina Ebimbe,cm CMR,DF,Schalke 04,de Bundesliga,25.0,2000,3,1,163,1.8,0,0,0,0,0,0,1,0,0.00,,,,,,,,,,,,,,,,,,,,,,,,,496,cm CMR,DF,de Bundesliga,25-297,2000,1.8,0,1,0,0.0,0.55,0.00,0.00,,0,0,627,cm CMR,DF,de Bundesliga,25-297,2000,3,163,54,60.4,1.8,1,64,0,2,50,0,1.33,3,3,0,0.00,+0.84,496,cm CMR,DF,de Bundesliga,25-297,2000,1.8,1,0,0,2,2,0,2,0,3,0
497,Eren Dinkçi,de GER,MF,Werder Bremen,de Bundesliga,24.0,2001,3,2,154,1.7,1,0,1,1,0,0,0,0,0.58,,,,,,,,,,,,,,,,,,,,,,,,,497,de GER,MF,de Bundesliga,24-275,2001,1.7,1,3,1,33.3,1.75,0.58,0.33,1.00,0,0,628,de GER,MF,de Bundesliga,24-275,2001,3,154,51,57.0,1.7,2,74,0,1,6,0,1.33,2,1,+1,+0.58,+2.14,497,de GER,MF,de Bundesliga,24-275,2001,1.7,0,0,0,0,0,1,2,0,0,0
498,Ousmane Diomande,ci CIV,DF,Nottingham,eng Premier League,22.0,2003,2,1,91,1.0,0,0,0,0,0,0,0,0,0.00,,,,,,,,,,,,,,,,,,,,,,,,,498,ci CIV,DF,eng Premier League,22-284,2003,1.0,0,1,0,0.0,0.99,0.00,0.00,,0,0,629,ci CIV,DF,eng Premier League,22-284,2003,2,91,46,25.3,1.0,1,90,1,1,1,2,2.00,2,1,+1,+0.99,+1.32,498,ci CIV,DF,eng Premier League,22-284,2003,1.0,0,0,0,0,1,0,0,1,0,0
499,Sinaly Diomande,ci CIV,DF,Auxerre,fr Ligue 1,25.0,2001,2,2,180,2.0,0,0,0,0,0,0,1,0,0.00,,,,,,,,,,,,,,,,,,,,,,,,,499,ci CIV,DF,fr Ligue 1,25-158,2001,2.0,0,2,0,0.0,1.00,0.00,0.00,,0,0,630,ci CIV,DF,fr Ligue 1,25-158,2001,2,180,90,50.0,2.0,2,90,2,0,,2,0.00,3,8,-5,-2.50,-2.00,499,ci CIV,DF,fr Ligue 1,25-158,2001,2.0,1,0,0,3,3,0,0,4,2,0
500,Yan Diomandé,ci CIV,MF,Real Madrid,es La Liga,19.0,2006,5,1,158,1.8,0,0,0,0,0,0,0,0,0.00,,,,,,,,,,,,,,,,,,,,,,,,,500,ci CIV,MF,es La Liga,19-304,2006,1.8,0,1,0,0.0,0.57,0.00,0.00,,0,0,631,ci CIV,MF,es La Liga,19-304,2006,5,158,32,35.1,1.8,1,71,0,4,22,0,2.40,5,2,+3,+1.71,-0.45,500,ci CIV,MF,es La Liga,19-304,2006,1.8,0,0,0,2,3,0,9,2,3,0
501,Issa Diop,ma MAR,DF,Ipswich Town,eng Premier League,29.0,1997,4,4,360,4.0,0,0,0,0,0,0,0,0,0.00,,,,,,,,,,,,,,,,,,,,,,,,,501,ma MAR,DF,eng Premier League,29-248,1997,4.0,0,0,0,,0.00,0.00,,,0,0,632,ma MAR,DF,eng Premier League,29-248,1997,4,360,90,100.0,4.0,4,90,4,0,,0,1.50,7,10,-3,-0.75,,501,ma MAR,DF,eng Premier League,29-248,1997,4.0,0,0,0,4,0,0,0,8,4,0
502,Mamadou Diop,mr MTN,GK,Auxerre,fr Ligue 1,26.0,2000,4,4,360,4.0,0,0,0,0,0,0,0,0,0.00,23,mr MTN,GK,fr Ligue 1,26-254,2000,4,4,360,4.0,11,2.75,27,16,59.3,1,0,3,1,25.0,2,2,0,0,502,mr MTN,GK,fr Ligue 1,26-254,2000,4.0,0,0,0,,0.00,0.00,,,0,0,633,mr MTN,GK,fr Ligue 1,26-254,2000,4,360,90,100.0,4.0,4,90,4,0,,0,0.75,5,11,-6,-1.50,,502,mr MTN,GK,fr Ligue 1,26-254,2000,4.0,0,0,0,0,0,0,0,1,0,0
503,Mouhamed Diop,sn SEN,MF,Troyes,fr Ligue 1,25.0,2000,4,4,344,3.8,0,0,0,0,0,0,1,0,0.00,,,,,,,,,,,,,,,,,,,,,,,,,503,sn SEN,MF,fr Ligue 1,25-349,2000,3.8,0,4,0,0.0,1.05,0.00,0.00,,0,0,634,sn SEN,MF,fr Ligue 1,25-349,2000,4,344,86,95.6,3.8,4,86,3,0,,0,1.00,4,8,-4,-1.05,+4.58,503,sn SEN,MF,fr Ligue 1,25-349,2000,3.8,1,0,0,4,4,0,0,5,6,0
504,Sofiane Diop,ma MAR,MF,Nice,fr Ligue 1,26.0,2000,4,3,239,2.7,0,1,1,0,0,0,0,0,0.38,,,,,,,,,,,,,,,,,,,,,,,,,504,ma MAR,MF,fr Ligue 1,26-097,2000,2.7,0,2,2,100.0,0.75,0.75,0.00,0.00,0,0,635,ma MAR,MF,fr Ligue 1,26-097,2000,4,239,60,66.4,2.7,3,78,1,1,5,0,0.50,1,4,-3,-1.13,-0.39,504,ma MAR,MF,fr Ligue 1,26-097,2000,2.7,0,0,0,2,1,0,7,1,4,0
505,Lamfia Dioubaté,fr FRA,MF,Auxerre,fr Ligue 1,19.0,2007,3,0,36,0.4,0,0,0,0,0,0,1,0,0.00,,,,,,,,,,,,,,,,,,,,,,,,,505,fr FRA,MF,fr Ligue 1,19-056,2007,0.4,0,2,1,50.0,5.00,2.50,0.00,0.00,0,0,636,fr FRA,MF,fr Ligue 1,19-056,2007,3,36,12,10.0,0.4,0,,0,3,12,1,0.00,1,1,0,0.00,+1.67,505,fr FRA,MF,fr Ligue 1,19-056,2007,0.4,1,0,0,1,0,0,0,0,0,0
506,Andy Diouf,fr FRA,MF,Inter,it Serie A,23.0,2003,2,2,164,1.8,0,2,2,0,0,0,0,0,1.10,,,,,,,,,,,,,,,,,,,,,,,,,506,fr FRA,MF,it Serie A,23-120,2003,1.8,0,2,1,50.0,1.10,0.55,0.00,0.00,0,0,637,fr FRA,MF,it Serie A,23-120,2003,2,164,82,60.7,1.8,2,82,1,0,,1,3.00,7,3,+4,+2.20,+1.35,506,fr FRA,MF,it Serie A,23-120,2003,1.8,0,0,0,1,0,0,3,1,3,0
507,El Hadji Malick Diouf,sn SEN,"DF,MF",Brentford,eng Premier League,21.0,2004,1,0,31,0.3,0,0,0,0,0,0,0,0,0.00,,,,,,,,,,,,,,,,,,,,,,,,,507,sn SEN,"DF,MF",eng Premier League,21-260,2004,0.3,0,0,0,,0.00,0.00,,,0,0,638,sn SEN,"DF,MF",eng Premier League,21-260,2004,1,31,31,8.6,0.3,0,,0,1,31,2,1.00,0,0,0,0.00,-0.82,507,sn SEN,"DF,MF",eng Premier League,21-260,2004,0.3,0,0,0,0,1,0,2,0,0,0
508,Yehvann Diouf,sn SEN,GK,Nice,fr Ligue 1,26.0,1999,4,4,360,4.0,0,0,0,0,0,0,0,0,0.00,24,sn SEN,GK,fr Ligue 1,26-302,1999,4,4,360,4.0,5,1.25,14,9,64.3,0,2,2,1,25.0,1,1,0,0,508,sn SEN,GK,fr Ligue 1,26-302,1999,4.0,0,0,0,,0.00,0.00,,,0,0,639,sn SEN,GK,fr Ligue 1,26-302,1999,4,360,90,100.0,4.0,4,90,4,0,,0,0.50,1,5,-4,-1.00,,508,sn SEN,GK,fr Ligue 1,26-302,1999,4.0,0,0,0,1,1,0,0,0,0,0
509,Axel Disasi,fr FRA,DF,Crystal Palace,eng Premier League,28.0,1998,3,2,139,1.5,0,0,0,0,0,0,0,1,0.00,,,,,,,,,,,,,,,,,,,,,,,,,509,fr FRA,DF,eng Premier League,28-187,1998,1.5,0,0,0,,0.00,0.00,,,0,0,640,fr FRA,DF,eng Premier League,28-187,1998,3,139,46,38.6,1.5,2,62,1,1,16,0,1.00,4,4,0,0.00,+2.04,509,fr FRA,DF,eng Premier League,28-187,1998,1.5,0,1,0,3,0,0,0,6,3,0
510,Matías Dituro,ar ARG,GK,Elche,es La Liga,39.0,1987,5,5,450,5.0,0,0,0,0,0,0,0,0,0.00,25,ar ARG,GK,es La Liga,39-129,1987,5,5,450,5.0,13,2.60,25,12,48.0,0,2,3,0,0.0,1,1,0,0,510,ar ARG,GK,es La Liga,39-129,1987,5.0,0,0,0,,0.00,0.00,,,0,0,641,ar ARG,GK,es La Liga,39-129,1987,5,450,90,100.0,5.0,5,90,5,0,,0,0.40,6,13,-7,-1.40,,510,ar ARG,GK,es La Liga,39-129,1987,5.0,0,0,0,0,0,0,0,0,0,0
511,Álvaro djaló,gw GNB,MF,Athletic Club,es La Liga,27.0,1999,1,0,10,0.1,0,0,0,0,0,0,0,0,0.00,,,,,,,,,,,,,,,,,,,,,,,,,511,gw GNB,MF,es La Liga,27-029,1999,0.1,0,0,0,,0.00,0.00,,,0,0,642,gw GNB,MF,es La Liga,27-029,1999,1,10,10,2.2,0.1,0,,0,1,10,3,0.00,0,1,-1,-9.00,-9.41,511,gw GNB,MF,es La Liga,27-029,1999,0.1,0,0,0,0,0,0,0,0,1,0
512,Djené,tg TOG,DF,Getafe,es La Liga,34.0,1991,5,5,440,4.9,0,0,0,0,0,0,2,0,0.00,,,,,,,,,,,,,,,,,,,,,,,,,512,tg TOG,DF,es La Liga,34-257,1991,4.9,0,0,0,,0.00,0.00,,,0,0,643,tg TOG,DF,es La Liga,34-257,1991,5,440,88,97.8,4.9,5,88,4,0,,0,1.00,3,4,-1,-0.20,+17.80,512,tg TOG,DF,es La Liga,34-257,1991,4.9,2,0,0,5,1,0,3,8,5,0
513,Harouna Djibrin,cm CMR,FW,Angers,fr Ligue 1,19.0,2006,4,0,76,0.8,1,0,1,1,0,0,0,0,1.18,,,,,,,,,,,,,,,,,,,,,,,,,513,cm CMR,FW,fr Ligue 1,19-313,2006,0.8,1,3,2,66.7,3.55,2.37,0.33,0.50,0,0,644,cm CMR,FW,fr Ligue 1,19-313,2006,4,76,19,21.1,0.8,0,,0,4,19,0,1.00,2,0,+2,+2.37,+3.32,513,cm CMR,FW,fr Ligue 1,19-313,2006,0.8,0,0,0,2,3,0,4,2,2,0
514,Marko Dmitrović,rs SRB,GK,Espanyol,es La Liga,34.0,1992,5,5,450,5.0,0,0,0,0,0,0,0,0,0.00,26,rs SRB,GK,es La Liga,34-233,1992,5,5,450,5.0,5,1.00,24,19,79.2,2,1,2,2,40.0,0,0,0,0,514,rs SRB,GK,es La Liga,34-233,1992,5.0,0,0,0,,0.00,0.00,,,0,0,645,rs SRB,GK,es La Liga,34-233,1992,5,450,90,100.0,5.0,5,90,5,0,,0,1.40,8,5,+3,+0.60,,514,rs SRB,GK,es La Liga,34-233,1992,5.0,0,0,0,0,1,0,0,1,0,0
515,Henrick Do Marcolino,fr FRA,FW,Rennes,fr Ligue 1,20.0,2006,1,0,13,0.1,0,0,0,0,0,0,0,0,0.00,,,,,,,,,,,,,,,,,,,,,,,,,515,fr FRA,FW,fr Ligue 1,20-177,2006,0.1,0,0,0,,0.00,0.00,,,0,0,646,fr FRA,FW,fr Ligue 1,20-177,2006,1,13,13,3.6,0.1,0,,0,1,13,2,1.00,0,1,-1,-6.92,-7.96,515,fr FRA,FW,fr Ligue 1,20-177,2006,0.1,0,0,0,0,0,0,0,0,0,0
516,Ritsu Doan,jp JPN,MF,Frankfurt,de Bundesliga,28.0,1998,2,2,176,2.0,0,0,0,0,0,0,0,0,0.00,,,,,,,,,,,,,,,,,,,,,,,,,516,jp JPN,MF,de Bundesliga,28-090,1998,2.0,0,4,0,0.0,2.05,0.00,0.00,,0,0,647,jp JPN,MF,de Bundesliga,28-090,1998,2,176,88,65.2,2.0,2,88,1,0,,0,1.50,4,4,0,0.00,+0.96,516,jp JPN,MF,de Bundesliga,28-090,1998,2.0,0,0,0,0,1,1,3,3,2,0
517,Dodô,br BRA,DF,Fiorentina,it Serie A,27.0,1998,1,1,90,1.0,0,0,0,0,0,0,0,0,0.00,,,,,,,,,,,,,,,,,,,,,,,,,517,br BRA,DF,it Serie A,27-301,1998,1.0,0,1,0,0.0,1.00,0.00,0.00,,0,0,648,br BRA,DF,it Serie A,27-301,1998,1,90,90,25.0,1.0,1,90,1,0,,3,0.00,0,4,-4,-4.00,-3.33,517,br BRA,DF,it Serie A,27-301,1998,1.0,0,0,0,1,1,0,0,0,1,0
518,Danilho Doekhi,nl NED,DF,Lazio,it Serie A,28.0,1998,3,3,270,3.0,0,1,1,0,0,0,0,0,0.33,,,,,,,,,,,,,,,,,,,,,,,,,518,nl NED,DF,it Serie A,28-076,1998,3.0,0,3,0,0.0,1.00,0.00,0.00,,0,0,649,nl NED,DF,it Serie A,28-076,1998,3,270,90,75.0,3.0,3,90,3,0,,0,3.00,4,1,+3,+1.00,+1.00,518,nl NED,DF,it Serie A,28-076,1998,3.0,0,0,0,3,3,0,1,2,2,0
519,Josh Doig,sct SCO,DF,Sassuolo,it Serie A,24.0,2002,4,4,319,3.5,1,0,1,1,0,0,0,0,0.28,,,,,,,,,,,,,,,,,,,,,,,,,519,sct SCO,DF,it Serie A,24-119,2002,3.5,1,4,1,25.0,1.13,0.28,0.25,1.00,0,0,650,sct SCO,DF,it Serie A,24-119,2002,4,319,80,88.6,3.5,4,80,2,0,,0,1.75,7,6,+1,+0.28,+0.28,519,sct SCO,DF,it Serie A,24-119,2002,3.5,0,0,0,4,2,0,5,6,5,0
520,Tyrhys Dolan,eng ENG,MF,Espanyol,es La Liga,24.0,2001,5,5,407,4.5,1,0,1,1,0,0,0,0,0.22,,,,,,,,,,,,,,,,,,,,,,,,,520,eng ENG,MF,es La Liga,24-260,2001,4.5,1,4,1,25.0,0.88,0.22,0.25,1.00,0,0,651,eng ENG,MF,es La Liga,24-260,2001,5,407,81,90.4,4.5,5,81,2,0,,0,1.40,8,5,+3,+0.66,+0.66,520,eng ENG,MF,es La Liga,24-260,2001,4.5,0,0,0,8,7,1,13,6,3,0
521,Benjamín Domínguez,ar ARG,MF,Sassuolo,it Serie A,22.0,2003,3,0,69,0.8,0,0,0,0,0,0,0,0,0.00,,,,,,,,,,,,,,,,,,,,,,,,,521,ar ARG,MF,it Serie A,22-360,2003,0.8,0,1,0,0.0,1.30,0.00,0.00,,0,0,652,ar ARG,MF,it Serie A,22-360,2003,3,69,23,19.2,0.8,0,,0,3,23,1,2.00,3,2,+1,+1.30,+1.30,521,ar ARG,MF,it Serie A,22-360,2003,0.8,0,0,0,1,2,0,3,0,1,0
522,Jorge Domínguez,es ESP,DF,Atlético Madrid,es La Liga,16.0,2009,1,1,45,0.5,0,0,0,0,0,0,1,0,0.00,,,,,,,,,,,,,,,,,,,,,,,,,522,es ESP,DF,es La Liga,16-267,2009,0.5,0,0,0,,0.00,0.00,,,0,0,653,es ESP,DF,es La Liga,16-267,2009,1,45,45,10.0,0.5,1,45,0,0,,4,3.00,0,0,0,0.00,-0.89,522,es ESP,DF,es La Liga,16-267,2009,0.5,1,0,0,4,0,0,1,0,0,0
523,Nicolás Domínguez,ar ARG,MF,Nottingham,eng Premier League,28.0,1998,1,0,1,0.0,0,0,0,0,0,0,0,0,0.00,,,,,,,,,,,,,,,,,,,,,,,,,523,ar ARG,MF,eng Premier League,28-078,1998,0.0,0,0,0,,0.00,0.00,,,0,0,654,ar ARG,MF,eng Premier League,28-078,1998,1,1,1,0.3,0.0,0,,0,1,1,3,1.00,0,0,0,0.00,0.00,523,ar ARG,MF,eng Premier League,28-078,1998,0.0,0,0,0,0,0,0,0,0,0,0
524,Hakim Dongopandji,fr FRA,FW,Le Havre,fr Ligue 1,19.0,2007,1,0,1,0.0,0,0,0,0,0,0,0,0,0.00,,,,,,,,,,,,,,,,,,,,,,,,,524,fr FRA,FW,fr Ligue 1,19-205,2007,0.0,0,0,0,,0.00,0.00,,,0,0,655,fr FRA,FW,fr Ligue 1,19-205,2007,1,1,1,0.3,0.0,0,,0,1,1,0,1.00,0,0,0,0.00,+0.50,524,fr FRA,FW,fr Ligue 1,19-205,2007,0.0,0,0,0,0,0,0,0,0,0,0
525,Noah Donkor,fr FRA,DF,Troyes,fr Ligue 1,19.0,2006,3,0,86,1.0,0,0,0,0,0,0,0,0,0.00,,,,,,,,,,,,,,,,,,,,,,,,,525,fr FRA,DF,fr Ligue 1,19-293,2006,1.0,0,0,0,,0.00,0.00,,,0,0,656,fr FRA,DF,fr Ligue 1,19-293,2006,3,86,29,23.9,1.0,0,,0,3,29,1,1.33,0,1,-1,-1.05,+0.27,525,fr FRA,DF,fr Ligue 1,19-293,2006,1.0,0,0,0,2,1,0,4,1,0,0
526,Gianluigi Donnarumma,it ITA,GK,Manchester City,eng Premier League,27.0,1999,4,4,360,4.0,0,0,0,0,0,0,0,0,0.00,27,it ITA,GK,eng Premier League,27-201,1999,4,4,360,4.0,2,0.50,12,10,83.3,4,0,0,2,50.0,0,0,0,0,526,it ITA,GK,eng Premier League,27-201,1999,4.0,0,0,0,,0.00,0.00,,,0,0,657,it ITA,GK,eng Premier League,27-201,1999,4,360,90,100.0,4.0,4,90,4,0,,0,3.00,8,2,+6,+1.50,,526,it ITA,GK,eng Premier League,27-201,1999,4.0,0,0,0,0,0,0,0,0,0,1
527,Patrick Dorgu,dk DEN,"MF,DF",Manchester Utd,eng Premier League,21.0,2004,4,2,167,1.9,0,0,0,0,0,0,1,0,0.00,,,,,,,,,,,,,,,,,,,,,,,,,527,dk DEN,"MF,DF",eng Premier League,21-323,2004,1.9,0,5,1,20.0,2.69,0.54,0.00,0.00,0,0,658,dk DEN,"MF,DF",eng Premier League,21-323,2004,4,167,42,46.4,1.9,2,68,1,2,16,0,1.00,2,6,-4,-2.16,-4.02,527,dk DEN,"MF,DF",eng Premier League,21-323,2004,1.9,1,0,0,7,1,2,4,1,4,0
528,Carlos Dotor,es ESP,"MF,FW",Málaga,es La Liga,25.0,2001,4,4,313,3.5,0,0,0,0,0,0,0,0,0.00,,,,,,,,,,,,,,,,,,,,,,,,,528,es ESP,"MF,FW",es La Liga,25-183,2001,3.5,0,2,1,50.0,0.58,0.29,0.00,0.00,0,0,660,es ESP,"MF,FW",es La Liga,25-183,2001,4,313,78,69.6,3.5,4,78,1,0,,0,0.50,1,5,-4,-1.15,+0.16,528,es ESP,"MF,FW",es La Liga,25-183,2001,3.5,0,0,0,4,0,1,2,2,8,0
529,Fodé Doucouré,ml MLI,MF,Le Havre,fr Ligue 1,25.0,2001,2,1,95,1.1,0,1,1,0,0,0,2,0,0.95,,,,,,,,,,,,,,,,,,,,,,,,,529,ml MLI,MF,fr Ligue 1,25-223,2001,1.1,0,2,0,0.0,1.89,0.00,0.00,,0,0,662,ml MLI,MF,fr Ligue 1,25-223,2001,2,95,48,26.4,1.1,1,69,0,1,26,0,0.50,1,2,-1,-0.95,-0.61,529,ml MLI,MF,fr Ligue 1,25-223,2001,1.1,2,0,0,3,1,0,3,4,0,0
530,Désiré Doué,fr FRA,FW,Paris SG,fr Ligue 1,21.0,2005,4,3,222,2.5,0,0,0,0,0,0,0,0,0.00,,,,,,,,,,,,,,,,,,,,,,,,,530,fr FRA,FW,fr Ligue 1,21-103,2005,2.5,0,10,3,30.0,4.05,1.22,0.00,0.00,0,0,664,fr FRA,FW,fr Ligue 1,21-103,2005,4,222,56,61.7,2.5,3,66,1,1,25,0,1.25,3,4,-1,-0.41,-1.06,530,fr FRA,FW,fr Ligue 1,21-103,2005,2.5,0,0,0,4,10,4,7,2,8,0
531,Guéla Doué,ci CIV,DF,Strasbourg,fr Ligue 1,23.0,2002,1,1,90,1.0,0,0,0,0,0,0,0,0,0.00,,,,,,,,,,,,,,,,,,,,,,,,,531,ci CIV,DF,fr Ligue 1,23-332,2002,1.0,0,1,0,0.0,1.00,0.00,0.00,,0,0,665,ci CIV,DF,fr Ligue 1,23-332,2002,1,90,90,25.0,1.0,1,90,1,0,,0,0.00,0,4,-4,-4.00,-5.67,531,ci CIV,DF,fr Ligue 1,23-332,2002,1.0,0,0,0,1,0,0,2,1,2,0
532,Guéla Doué,ci CIV,DF,Leverkusen,de Bundesliga,23.0,2002,1,0,28,0.3,0,0,0,0,0,0,1,0,0.00,,,,,,,,,,,,,,,,,,,,,,,,,532,ci CIV,DF,de Bundesliga,23-332,2002,0.3,0,0,0,,0.00,0.00,,,0,0,666,ci CIV,DF,de Bundesliga,23-332,2002,1,28,28,10.4,0.3,0,,0,1,28,0,1.00,1,0,+1,+3.21,+2.47,532,ci CIV,DF,de Bundesliga,23-332,2002,0.3,1,0,0,2,0,0,1,0,0,0
533,Ismaël Doukouré,fr FRA,DF,Strasbourg,fr Ligue 1,23.0,2003,2,2,159,1.8,0,0,0,0,0,0,0,0,0.00,,,,,,,,,,,,,,,,,,,,,,,,,533,fr FRA,DF,fr Ligue 1,23-052,2003,1.8,0,0,0,,0.00,0.00,,,0,0,667,fr FRA,DF,fr Ligue 1,23-052,2003,2,159,80,44.2,1.8,2,80,1,0,,0,2.00,4,2,+2,+1.13,+1.58,533,fr FRA,DF,fr Ligue 1,23-052,2003,1.8,0,0,0,2,0,0,0,0,1,0
534,Kamory Doumbia,ml MLI,MF,Brest,fr Ligue 1,23.0,2003,4,4,313,3.5,4,1,5,3,1,1,2,0,1.15,,,,,,,,,,,,,,,,,,,,,,,,,534,ml MLI,MF,fr Ligue 1,23-208,2003,3.5,4,13,5,38.5,3.74,1.44,0.31,0.80,1,1,668,ml MLI,MF,fr Ligue 1,23-208,2003,4,313,78,86.9,3.5,4,78,0,0,,0,1.25,5,5,0,0.00,0.00,534,ml MLI,MF,fr Ligue 1,23-208,2003,3.5,2,0,0,5,7,1,0,5,1,0
535,Anastasios Douvikas,gr GRE,FW,Como,it Serie A,27.0,1999,3,3,245,2.7,2,0,2,2,0,0,0,0,0.73,,,,,,,,,,,,,,,,,,,,,,,,,535,gr GRE,FW,it Serie A,27-043,1999,2.7,2,10,5,50.0,3.67,1.84,0.20,0.40,0,0,669,gr GRE,FW,it Serie A,27-043,1999,3,245,82,90.7,2.7,3,82,2,0,,0,2.33,6,3,+3,+1.10,-2.50,535,gr GRE,FW,it Serie A,27-043,1999,2.7,0,0,0,2,8,0,0,0,0,0
536,Artem Dovbyk,ua UKR,FW,Bologna,it Serie A,29.0,1997,3,0,87,1.0,1,0,1,1,0,0,1,0,1.03,,,,,,,,,,,,,,,,,,,,,,,,,536,ua UKR,FW,it Serie A,29-085,1997,1.0,1,4,1,25.0,4.14,1.03,0.25,1.00,0,0,670,ua UKR,FW,it Serie A,29-085,1997,3,87,29,24.2,1.0,0,,0,3,29,0,0.33,1,1,0,0.00,+0.99,536,ua UKR,FW,it Serie A,29-085,1997,1.0,1,0,0,2,0,1,0,0,0,0
537,Radu Drăgușin,ro ROU,DF,Fiorentina,it Serie A,24.0,2002,4,4,360,4.0,0,1,1,0,0,0,1,0,0.25,,,,,,,,,,,,,,,,,,,,,,,,,537,ro ROU,DF,it Serie A,24-223,2002,4.0,0,2,0,0.0,0.50,0.00,0.00,,0,0,673,ro ROU,DF,it Serie A,24-223,2002,4,360,90,100.0,4.0,4,90,4,0,,0,0.75,5,11,-6,-1.50,,537,ro ROU,DF,it Serie A,24-223,2002,4.0,1,0,0,6,4,1,0,11,1,0
538,Cody Drameh,eng ENG,"DF,MF",Hull City,eng Premier League,24.0,2001,2,0,66,0.7,0,0,0,0,0,0,0,0,0.00,,,,,,,,,,,,,,,,,,,,,,,,,538,eng ENG,"DF,MF",eng Premier League,24-280,2001,0.7,0,1,0,0.0,1.36,0.00,0.00,,0,0,675,eng ENG,"DF,MF",eng Premier League,24-280,2001,2,66,33,18.3,0.7,0,,0,2,33,0,3.00,1,0,+1,+1.36,+0.75,538,eng ENG,"DF,MF",eng Premier League,24-280,2001,0.7,0,0,0,1,1,0,0,2,1,0
539,Couhaib Driouech,ma MAR,"FW,MF",Celta Vigo,es La Liga,24.0,2002,3,0,66,0.7,0,0,0,0,0,0,1,0,0.00,,,,,,,,,,,,,,,,,,,,,,,,,539,ma MAR,"FW,MF",es La Liga,24-150,2002,0.7,0,2,0,0.0,2.73,0.00,0.00,,0,0,677,ma MAR,"FW,MF",es La Liga,24-150,2002,3,66,22,12.2,0.7,0,,0,3,22,0,1.00,0,1,-1,-1.36,-0.98,539,ma MAR,"FW,MF",es La Liga,24-150,2002,0.7,1,0,0,1,0,0,7,2,3,0
540,Vanja Drkušič,si SVN,DF,Espanyol,es La Liga,26.0,1999,3,1,117,1.3,0,0,0,0,0,0,0,0,0.00,,,,,,,,,,,,,,,,,,,,,,,,,540,si SVN,DF,es La Liga,26-319,1999,1.3,0,0,0,,0.00,0.00,,,0,0,678,si SVN,DF,es La Liga,26-319,1999,3,117,39,26.0,1.3,1,90,1,2,14,2,1.00,1,3,-2,-1.54,-2.89,540,si SVN,DF,es La Liga,26-319,1999,1.3,0,0,0,3,3,0,0,0,2,0
541,Dominik Drobnič,si SVN,DF,Parma,it Serie A,19.0,2007,1,1,90,1.0,0,0,0,0,0,0,0,0,0.00,,,,,,,,,,,,,,,,,,,,,,,,,541,si SVN,DF,it Serie A,19-162,2007,1.0,0,0,0,,0.00,0.00,,,0,0,679,si SVN,DF,it Serie A,19-162,2007,1,90,90,33.3,1.0,1,90,1,0,,2,0.00,0,2,-2,-2.00,-1.50,541,si SVN,DF,it Serie A,19-162,2007,1.0,0,0,0,2,0,0,0,1,1,0
542,Jonathan Dubasin,be BEL,MF,Osasuna,es La Liga,26.0,2000,5,1,175,1.9,0,0,0,0,0,0,1,0,0.00,,,,,,,,,,,,,,,,,,,,,,,,,542,be BEL,MF,es La Liga,26-224,2000,1.9,0,4,2,50.0,2.06,1.03,0.00,0.00,0,0,680,be BEL,MF,es La Liga,26-224,2000,5,175,35,38.9,1.9,1,57,0,4,30,0,1.40,2,3,-1,-0.51,+0.14,542,be BEL,MF,es La Liga,26-224,2000,1.9,1,0,0,3,1,0,3,3,1,0
543,Denzel Dumfries,nl NED,DF,Real Madrid,es La Liga,30.0,1996,4,4,322,3.6,0,0,0,0,0,0,0,0,0.00,,,,,,,,,,,,,,,,,,,,,,,,,543,nl NED,DF,es La Liga,30-149,1996,3.6,0,6,2,33.3,1.68,0.56,0.00,0.00,0,0,682,nl NED,DF,es La Liga,30-149,1996,4,322,81,71.6,3.6,4,81,2,0,,1,2.25,9,3,+6,+1.68,-1.14,543,nl NED,DF,es La Liga,30-149,1996,3.6,0,0,0,2,2,1,4,3,5,0
544,Lewis Dunk,eng ENG,DF,Brighton,eng Premier League,34.0,1991,4,4,360,4.0,1,0,1,1,0,0,1,0,0.25,,,,,,,,,,,,,,,,,,,,,,,,,544,eng ENG,DF,eng Premier League,34-297,1991,4.0,1,1,1,100.0,0.25,0.25,1.00,1.00,0,0,683,eng ENG,DF,eng Premier League,34-297,1991,4,360,90,100.0,4.0,4,90,4,0,,0,1.75,13,5,+8,+2.00,,544,eng ENG,DF,eng Premier League,34-297,1991,4.0,1,0,0,4,2,0,2,2,2,0
545,Pablo Durán,es ESP,FW,Celta Vigo,es La Liga,25.0,2001,4,2,201,2.2,0,0,0,0,0,0,0,0,0.00,,,,,,,,,,,,,,,,,,,,,,,,,545,es ESP,FW,es La Liga,25-112,2001,2.2,0,2,1,50.0,0.90,0.45,0.00,0.00,0,0,684,es ESP,FW,es La Liga,25-112,2001,4,201,50,37.2,2.2,2,73,0,2,28,2,0.75,2,3,-1,-0.45,+0.08,545,es ESP,FW,es La Liga,25-112,2001,2.2,0,0,0,2,2,3,1,0,1,0
546,Julien Duranville,be BEL,FW,Lyon,fr Ligue 1,20.0,2006,1,1,62,0.7,0,0,0,0,0,0,0,0,0.00,,,,,,,,,,,,,,,,,,,,,,,,,546,be BEL,FW,fr Ligue 1,20-132,2006,0.7,0,0,0,,0.00,0.00,,,0,0,685,be BEL,FW,fr Ligue 1,20-132,2006,1,62,62,17.2,0.7,1,62,0,0,,0,3.00,0,0,0,0.00,-1.21,546,be BEL,FW,fr Ligue 1,20-132,2006,0.7,0,0,0,0,1,0,2,0,0,0
547,Hugo Duro,es ESP,FW,Valencia,es La Liga,26.0,1999,5,1,116,1.3,0,0,0,0,0,0,0,0,0.00,,,,,,,,,,,,,,,,,,,,,,,,,547,es ESP,FW,es La Liga,26-308,1999,1.3,0,0,0,,0.00,0.00,,,0,0,686,es ESP,FW,es La Liga,26-308,1999,5,116,23,25.8,1.3,1,54,0,4,16,0,0.20,0,2,-2,-1.55,+0.33,547,es ESP,FW,es La Liga,26-308,1999,1.3,0,0,0,1,3,0,0,1,0,0
548,Paulo Dybala,ar ARG,"MF,FW",Roma,it Serie A,32.0,1993,3,3,251,2.8,0,4,4,0,0,0,0,0,1.43,,,,,,,,,,,,,,,,,,,,,,,,,548,ar ARG,"MF,FW",it Serie A,32-303,1993,2.8,0,13,4,30.8,4.66,1.43,0.00,0.00,0,0,687,ar ARG,"MF,FW",it Serie A,32-303,1993,3,251,84,93.0,2.8,3,84,1,0,,0,3.00,9,1,+8,+2.87,-1.87,548,ar ARG,"MF,FW",it Serie A,32-303,1993,2.8,0,0,0,2,4,1,16,0,1,0
549,Edin Džeko,ba BIH,FW,Schalke 04,de Bundesliga,40.0,1986,2,0,26,0.3,0,0,0,0,0,0,0,0,0.00,,,,,,,,,,,,,,,,,,,,,,,,,549,ba BIH,FW,de Bundesliga,40-181,1986,0.3,0,0,0,,0.00,0.00,,,0,0,688,ba BIH,FW,de Bundesliga,40-181,1986,2,26,13,9.6,0.3,0,,0,2,13,1,1.50,1,3,-2,-6.92,-7.29,549,ba BIH,FW,de Bundesliga,40-181,1986,0.3,0,0,0,1,1,1,0,0,0,0
550,Younes Ebnoutalib,de GER,FW,Frankfurt,de Bundesliga,23.0,2003,3,2,191,2.1,3,1,4,3,0,0,1,0,1.88,,,,,,,,,,,,,,,,,,,,,,,,,550,de GER,FW,de Bundesliga,23-001,2003,2.1,3,8,4,50.0,3.77,1.88,0.38,0.75,0,0,689,de GER,FW,de Bundesliga,23-001,2003,3,191,64,70.7,2.1,2,87,1,1,17,0,1.33,4,7,-3,-1.41,-3.69,550,de GER,FW,de Bundesliga,23-001,2003,2.1,1,0,0,2,1,3,2,0,1,0
551,Simon Ebonog,cm CMR,MF,Le Havre,fr Ligue 1,22.0,2004,4,4,342,3.8,0,0,0,0,0,0,0,0,0.00,,,,,,,,,,,,,,,,,,,,,,,,,551,cm CMR,MF,fr Ligue 1,22-029,2004,3.8,0,3,2,66.7,0.79,0.53,0.00,0.00,0,0,690,cm CMR,MF,fr Ligue 1,22-029,2004,4,342,86,95.0,3.8,4,86,2,0,,0,0.50,2,3,-1,-0.26,+4.74,551,cm CMR,MF,fr Ligue 1,22-029,2004,3.8,0,0,0,9,10,0,2,9,5,0
552,Enzo Ebosse,cm CMR,DF,Udinese,it Serie A,27.0,1999,3,2,202,2.2,0,0,0,0,0,0,0,0,0.00,,,,,,,,,,,,,,,,,,,,,,,,,552,cm CMR,DF,it Serie A,27-187,1999,2.2,0,0,0,,0.00,0.00,,,0,0,691,cm CMR,DF,it Serie A,27-187,1999,3,202,67,74.8,2.2,2,79,1,1,45,0,1.33,4,5,-1,-0.45,-1.77,552,cm CMR,DF,it Serie A,27-187,1999,2.2,0,0,0,2,1,0,3,3,0,0
553,Zakaria Eddahchouri,nl NED,FW,Dep. A Coruña,es La Liga,26.0,2000,3,0,65,0.7,1,0,1,1,0,0,0,0,1.38,,,,,,,,,,,,,,,,,,,,,,,,,553,nl NED,FW,es La Liga,26-126,2000,0.7,1,3,1,33.3,4.15,1.38,0.33,1.00,0,0,695,nl NED,FW,es La Liga,26-126,2000,3,65,22,14.4,0.7,0,,0,3,22,2,1.67,3,1,+2,+2.77,+2.54,553,nl NED,FW,es La Liga,26-126,2000,0.7,0,0,0,2,1,0,0,0,1,0
554,Bright Ede,pl POL,DF,Dep. A Coruña,es La Liga,19.0,2007,3,2,197,2.2,0,0,0,0,0,0,0,0,0.00,,,,,,,,,,,,,,,,,,,,,,,,,554,pl POL,DF,es La Liga,19-208,2007,2.2,0,1,0,0.0,0.46,0.00,0.00,,0,0,696,pl POL,DF,es La Liga,19-208,2007,3,197,66,43.8,2.2,2,90,2,1,17,2,1.67,4,2,+2,+0.91,+0.56,554,pl POL,DF,es La Liga,19-208,2007,2.2,0,0,0,0,1,0,0,2,3,0
555,Noah Edjouma,fr FRA,FW,Brest,fr Ligue 1,20.0,2005,1,0,24,0.3,0,0,0,0,0,0,0,0,0.00,,,,,,,,,,,,,,,,,,,,,,,,,555,fr FRA,FW,fr Ligue 1,20-345,2005,0.3,0,1,1,100.0,3.75,3.75,0.00,0.00,0,0,698,fr FRA,FW,fr Ligue 1,20-345,2005,1,24,24,6.7,0.3,0,,0,1,24,0,3.00,0,1,-1,-3.75,-4.02,555,fr FRA,FW,fr Ligue 1,20-345,2005,0.3,0,0,0,0,0,0,0,0,0,0
556,Odsonne Édouard,fr FRA,FW,Lens,fr Ligue 1,28.0,1998,3,1,86,1.0,0,0,0,0,0,0,0,0,0.00,,,,,,,,,,,,,,,,,,,,,,,,,556,fr FRA,FW,fr Ligue 1,28-241,1998,1.0,0,2,1,50.0,2.09,1.05,0.00,0.00,0,0,699,fr FRA,FW,fr Ligue 1,28-241,1998,3,86,29,23.9,1.0,1,45,0,2,21,0,1.33,2,2,0,0.00,-0.33,556,fr FRA,FW,fr Ligue 1,28-241,1998,1.0,0,0,0,1,1,0,1,0,0,0
557,John Egan,ie IRL,DF,Hull City,eng Premier League,33.0,1992,4,4,360,4.0,0,0,0,0,0,0,1,0,0.00,,,,,,,,,,,,,,,,,,,,,,,,,557,ie IRL,DF,eng Premier League,33-329,1992,4.0,0,1,0,0.0,0.25,0.00,0.00,,0,0,701,ie IRL,DF,eng Premier League,33-329,1992,4,360,90,100.0,4.0,4,90,4,0,,0,2.00,5,2,+3,+0.75,,557,ie IRL,DF,eng Premier League,33-329,1992,4.0,1,0,0,3,1,0,0,6,2,0
558,CJ Egan-Riley,eng ENG,DF,Marseille,fr Ligue 1,23.0,2003,4,4,344,3.8,0,0,0,0,0,0,0,0,0.00,,,,,,,,,,,,,,,,,,,,,,,,,558,eng ENG,DF,fr Ligue 1,23-255,2003,3.8,0,0,0,,0.00,0.00,,,0,0,702,eng ENG,DF,fr Ligue 1,23-255,2003,4,344,86,95.6,3.8,4,86,3,0,,0,0.75,4,6,-2,-0.52,-11.77,558,eng ENG,DF,fr Ligue 1,23-255,2003,3.8,0,0,0,1,4,0,0,6,3,0
559,Sindre Egeli,no NOR,"FW,MF",Ipswich Town,eng Premier League,20.0,2006,1,0,11,0.1,0,0,0,0,0,0,0,0,0.00,,,,,,,,,,,,,,,,,,,,,,,,,559,no NOR,"FW,MF",eng Premier League,20-085,2006,0.1,0,0,0,,0.00,0.00,,,0,0,703,no NOR,"FW,MF",eng Premier League,20-085,2006,1,11,11,3.1,0.1,0,,0,1,11,1,3.00,1,0,+1,+8.18,+9.21,559,no NOR,"FW,MF",eng Premier League,20-085,2006,0.1,0,0,0,1,1,0,0,0,0,0
560,Maximilian Eggestein,de GER,MF,Freiburg,de Bundesliga,29.0,1996,3,3,270,3.0,2,0,2,2,0,0,0,0,0.67,,,,,,,,,,,,,,,,,,,,,,,,,560,de GER,MF,de Bundesliga,29-280,1996,3.0,2,8,2,25.0,2.67,0.67,0.25,1.00,0,0,704,de GER,MF,de Bundesliga,29-280,1996,3,270,90,100.0,3.0,3,90,3,0,,0,3.00,10,1,+9,+3.00,,560,de GER,MF,de Bundesliga,29-280,1996,3.0,0,0,0,1,3,0,0,6,1,0
561,Kingsley Ehizibue,nl NED,MF,Genoa,it Serie A,31.0,1995,2,1,84,0.9,0,0,0,0,0,0,1,0,0.00,,,,,,,,,,,,,,,,,,,,,,,,,561,nl NED,MF,it Serie A,31-112,1995,0.9,0,3,0,0.0,3.21,0.00,0.00,,0,0,705,nl NED,MF,it Serie A,31-112,1995,2,84,42,23.3,0.9,1,59,0,1,25,0,0.50,1,2,-1,-1.07,+0.56,561,nl NED,MF,it Serie A,31-112,1995,0.9,1,0,0,2,2,1,1,1,3,0
562,Chidera Ejuke,ng NGA,FW,Sevilla,es La Liga,28.0,1998,5,1,181,2.0,1,0,1,1,0,0,1,0,0.50,,,,,,,,,,,,,,,,,,,,,,,,,562,ng NGA,FW,es La Liga,28-255,1998,2.0,1,2,1,50.0,0.99,0.50,0.50,1.00,0,0,706,ng NGA,FW,es La Liga,28-255,1998,5,181,36,40.2,2.0,1,59,0,4,31,0,2.00,5,1,+4,+1.99,+2.66,562,ng NGA,FW,es La Liga,28-255,1998,2.0,1,0,0,2,2,1,4,2,1,0
563,Jurgen Ekkelenkamp,nl NED,MF,Udinese,it Serie A,26.0,2000,3,3,264,2.9,1,1,2,1,0,0,0,0,0.68,,,,,,,,,,,,,,,,,,,,,,,,,563,nl NED,MF,it Serie A,26-162,2000,2.9,1,7,3,42.9,2.39,1.02,0.14,0.33,0,0,708,nl NED,MF,it Serie A,26-162,2000,3,264,88,97.8,2.9,3,88,2,0,,0,1.33,5,5,0,0.00,0.00,563,nl NED,MF,it Serie A,26-162,2000,2.9,0,0,0,2,3,0,1,3,5,0
564,Jacques Ekomie,ga GAB,DF,Angers,fr Ligue 1,23.0,2003,1,1,90,1.0,0,0,0,0,0,0,0,0,0.00,,,,,,,,,,,,,,,,,,,,,,,,,564,ga GAB,DF,fr Ligue 1,23-026,2003,1.0,0,2,0,0.0,2.00,0.00,0.00,,0,0,709,ga GAB,DF,fr Ligue 1,23-026,2003,1,90,90,25.0,1.0,1,90,1,0,,0,0.00,0,2,-2,-2.00,-2.33,564,ga GAB,DF,fr Ligue 1,23-026,2003,1.0,0,0,0,2,0,0,3,2,3,0
565,Pierre Ekwah Elimby,fr FRA,MF,Auxerre,fr Ligue 1,24.0,2002,2,0,34,0.4,0,0,0,0,0,0,0,0,0.00,,,,,,,,,,,,,,,,,,,,,,,,,565,fr FRA,MF,fr Ligue 1,24-242,2002,0.4,0,0,0,,0.00,0.00,,,0,0,710,fr FRA,MF,fr Ligue 1,24-242,2002,2,34,17,9.4,0.4,0,,0,2,17,1,1.50,0,0,0,0.00,+1.66,565,fr FRA,MF,fr Ligue 1,24-242,2002,0.4,0,0,0,0,0,0,0,0,0,0
566,Anthony Elanga,se SWE,MF,Newcastle,eng Premier League,24.0,2002,3,3,232,2.6,2,0,2,2,0,0,1,0,0.78,,,,,,,,,,,,,,,,,,,,,,,,,566,se SWE,MF,eng Premier League,24-140,2002,2.6,2,4,3,75.0,1.55,1.16,0.50,0.67,0,0,711,se SWE,MF,eng Premier League,24-140,2002,3,232,77,85.9,2.6,3,77,0,0,,0,1.67,5,3,+2,+0.78,+0.78,566,se SWE,MF,eng Premier League,24-140,2002,2.6,1,0,0,3,4,0,6,0,1,0
567,Mikael Ellertsson,is ISL,MF,Genoa,it Serie A,24.0,2002,4,4,349,3.9,0,0,0,0,0,0,0,0,0.00,,,,,,,,,,,,,,,,,,,,,,,,,567,is ISL,MF,it Serie A,24-187,2002,3.9,0,2,0,0.0,0.52,0.00,0.00,,0,0,714,is ISL,MF,it Serie A,24-187,2002,4,349,87,96.9,3.9,4,87,3,0,,0,0.25,2,8,-6,-1.55,-1.55,567,is ISL,MF,it Serie A,24-187,2002,3.9,0,0,0,5,2,2,9,2,9,0
568,Harvey Elliott,eng ENG,"FW,MF",Valencia,es La Liga,23.0,2003,2,0,66,0.7,0,0,0,0,0,0,0,0,0.00,,,,,,,,,,,,,,,,,,,,,,,,,568,eng ENG,"FW,MF",es La Liga,23-163,2003,0.7,0,0,0,,0.00,0.00,,,0,0,715,eng ENG,"FW,MF",es La Liga,23-163,2003,2,66,33,14.7,0.7,0,,0,2,33,0,0.00,0,3,-3,-4.09,-2.68,568,eng ENG,"FW,MF",es La Liga,23-163,2003,0.7,0,0,0,0,0,0,0,0,2,0
569,Elif Elmas,mk MKD,FW,Atalanta,it Serie A,26.0,1999,3,1,109,1.2,0,0,0,0,0,0,0,0,0.00,,,,,,,,,,,,,,,,,,,,,,,,,569,mk MKD,FW,it Serie A,26-355,1999,1.2,0,0,0,,0.00,0.00,,,0,0,716,mk MKD,FW,it Serie A,26-355,1999,3,109,36,30.3,1.2,1,65,0,2,22,1,2.00,2,0,+2,+1.65,+2.37,569,mk MKD,FW,it Serie A,26-355,1999,1.2,0,0,0,2,0,0,0,2,1,0
570,Nesta Elphege,fr FRA,FW,Parma,it Serie A,25.0,2001,2,0,18,0.2,0,0,0,0,0,0,0,0,0.00,,,,,,,,,,,,,,,,,,,,,,,,,570,fr FRA,FW,it Serie A,25-248,2001,0.2,0,1,0,0.0,5.00,0.00,0.00,,0,0,717,fr FRA,FW,it Serie A,25-248,2001,2,18,9,6.7,0.2,0,,0,2,9,1,0.00,0,1,-1,-5.00,-4.29,570,fr FRA,FW,it Serie A,25-248,2001,0.2,0,0,0,1,0,0,0,0,0,0
571,Nico Elvedi,ch SUI,DF,Leeds United,eng Premier League,29.0,1996,2,1,147,1.6,0,0,0,0,0,0,0,0,0.00,,,,,,,,,,,,,,,,,,,,,,,,,571,ch SUI,DF,eng Premier League,29-349,1996,1.6,0,0,0,,0.00,0.00,,,0,0,718,ch SUI,DF,eng Premier League,29-349,1996,2,147,74,54.4,1.6,1,90,1,1,57,1,1.00,2,2,0,0.00,-0.73,571,ch SUI,DF,eng Premier League,29-349,1996,1.6,0,0,0,1,2,0,0,2,0,0
572,Emersonn,br BRA,FW,Ipswich Town,eng Premier League,22.0,2004,4,4,237,2.6,2,1,3,2,0,0,0,0,1.14,,,,,,,,,,,,,,,,,,,,,,,,,572,br BRA,FW,eng Premier League,22-060,2004,2.6,2,7,3,42.9,2.66,1.14,0.29,0.67,0,0,719,br BRA,FW,eng Premier League,22-060,2004,4,237,59,65.8,2.6,4,59,0,0,,0,1.50,4,5,-1,-0.38,+1.08,572,br BRA,FW,eng Premier League,22-060,2004,2.6,0,0,0,1,5,2,1,0,2,0
573,Julio Enciso,py PAR,MF,Ipswich Town,eng Premier League,22.0,2004,4,4,340,3.8,0,2,2,0,0,0,1,0,0.53,,,,,,,,,,,,,,,,,,,,,,,,,573,py PAR,MF,eng Premier League,22-234,2004,3.8,0,14,3,21.4,3.71,0.79,0.00,0.00,0,0,720,py PAR,MF,eng Premier League,22-234,2004,4,340,85,94.4,3.8,4,85,3,0,,0,1.50,6,10,-4,-1.06,-5.56,573,py PAR,MF,eng Premier League,22-234,2004,3.8,1,0,0,2,8,2,1,2,2,0
574,Jay Enem,nl NED,FW,Bologna,it Serie A,23.0,2003,1,0,9,0.1,0,0,0,0,0,0,0,0,0.00,,,,,,,,,,,,,,,,,,,,,,,,,574,nl NED,FW,it Serie A,23-187,2003,0.1,0,1,0,0.0,10.00,0.00,0.00,,0,0,723,nl NED,FW,it Serie A,23-187,2003,1,9,9,2.5,0.1,0,,0,1,9,1,0.00,0,0,0,0.00,+0.77,574,nl NED,FW,it Serie A,23-187,2003,0.1,0,0,0,0,0,0,0,0,0,0
575,Yannik Engelhardt,de GER,MF,Freiburg,de Bundesliga,25.0,2001,3,3,261,2.9,2,0,2,2,0,0,1,0,0.69,,,,,,,,,,,,,,,,,,,,,,,,,575,de GER,MF,de Bundesliga,25-219,2001,2.9,2,6,3,50.0,2.07,1.03,0.33,0.67,0,0,724,de GER,MF,de Bundesliga,25-219,2001,3,261,87,96.7,2.9,3,87,2,0,,0,3.00,10,1,+9,+3.10,+3.10,575,de GER,MF,de Bundesliga,25-219,2001,2.9,1,0,0,3,4,0,1,2,1,0
576,Ramón Enríquez,es ESP,MF,Málaga,es La Liga,25.0,2001,5,0,90,1.0,0,0,0,0,0,0,2,0,0.00,,,,,,,,,,,,,,,,,,,,,,,,,576,es ESP,MF,es La Liga,25-148,2001,1.0,0,0,0,,0.00,0.00,,,0,0,725,es ESP,MF,es La Liga,25-148,2001,5,90,18,20.0,1.0,0,,0,5,18,0,0.60,1,2,-1,-1.00,+0.25,576,es ESP,MF,es La Liga,25-148,2001,1.0,2,0,0,1,2,0,0,2,0,0
577,Paul Erevbenagie,de GER,MF,Werder Bremen,de Bundesliga,19.0,2007,2,0,32,0.4,0,0,0,0,0,0,0,0,0.00,,,,,,,,,,,,,,,,,,,,,,,,,577,de GER,MF,de Bundesliga,19-036,2007,0.4,0,1,1,100.0,2.81,2.81,0.00,0.00,0,0,726,de GER,MF,de Bundesliga,19-036,2007,2,32,16,11.9,0.4,0,,0,2,16,1,2.00,2,1,+1,+2.81,+3.57,577,de GER,MF,de Bundesliga,19-036,2007,0.4,0,0,0,1,0,0,1,1,1,0
578,Xavi Espart,es ESP,DF,Barcelona,es La Liga,19.0,2007,5,5,439,4.9,1,2,3,1,0,0,1,0,0.62,,,,,,,,,,,,,,,,,,,,,,,,,578,es ESP,DF,es La Liga,19-116,2007,4.9,1,4,2,50.0,0.82,0.41,0.25,0.50,0,0,728,es ESP,DF,es La Liga,19-116,2007,5,439,88,97.6,4.9,5,88,4,0,,0,3.00,20,3,+17,+3.49,+3.49,578,es ESP,DF,es La Liga,19-116,2007,4.9,1,0,0,8,3,0,4,6,9,0
579,Carlos Espí,es ESP,FW,Real Madrid,es La Liga,21.0,2005,3,0,25,0.3,1,0,1,1,0,0,0,0,3.60,,,,,,,,,,,,,,,,,,,,,,,,,579,es ESP,FW,es La Liga,21-052,2005,0.3,1,2,2,100.0,7.20,7.20,0.50,0.50,0,0,729,es ESP,FW,es La Liga,21-052,2005,3,25,8,5.6,0.3,0,,0,3,8,2,2.00,1,0,+1,+3.60,+1.69,579,es ESP,FW,es La Liga,21-052,2005,0.3,0,0,0,0,1,2,0,0,0,0
580,Francesco Esposito,it ITA,FW,Inter,it Serie A,21.0,2005,3,3,199,2.2,1,1,2,1,0,0,0,0,0.90,,,,,,,,,,,,,,,,,,,,,,,,,580,it ITA,FW,it Serie A,21-078,2005,2.2,1,11,4,36.4,4.97,1.81,0.09,0.25,0,0,730,it ITA,FW,it Serie A,21-078,2005,3,199,66,73.7,2.2,3,66,1,0,,0,3.00,5,1,+4,+1.81,+0.54,580,it ITA,FW,it Serie A,21-078,2005,2.2,0,0,0,0,6,1,0,0,1,0
581,Sebastiano Esposito,it ITA,FW,Sassuolo,it Serie A,24.0,2002,1,1,69,0.8,1,0,1,1,0,0,0,0,1.30,,,,,,,,,,,,,,,,,,,,,,,,,581,it ITA,FW,it Serie A,24-074,2002,0.8,1,2,1,50.0,2.61,1.30,0.50,1.00,0,0,731,it ITA,FW,it Serie A,24-074,2002,1,69,69,19.2,0.8,1,69,0,0,,1,3.00,1,0,+1,+1.30,+1.30,581,it ITA,FW,it Serie A,24-074,2002,0.8,0,0,0,1,3,0,0,0,0,0
582,Dario Essugo,pt POR,MF,Strasbourg,fr Ligue 1,21.0,2005,2,0,73,0.8,0,1,1,0,0,0,0,0,1.23,,,,,,,,,,,,,,,,,,,,,,,,,582,pt POR,MF,fr Ligue 1,21-184,2005,0.8,0,2,0,0.0,2.47,0.00,0.00,,0,0,733,pt POR,MF,fr Ligue 1,21-184,2005,2,73,37,20.3,0.8,0,,0,2,37,0,2.00,4,2,+2,+2.47,+2.78,582,pt POR,MF,fr Ligue 1,21-184,2005,0.8,0,0,0,0,5,0,0,1,0,0
583,Paco Esteban,es ESP,FW,Lecce,it Serie A,20.0,2006,1,0,17,0.2,0,0,0,0,0,0,0,0,0.00,,,,,,,,,,,,,,,,,,,,,,,,,583,es ESP,FW,it Serie A,20-135,2006,0.2,0,0,0,,0.00,0.00,,,0,0,734,es ESP,FW,it Serie A,20-135,2006,1,17,17,4.7,0.2,0,,0,1,17,3,3.00,0,1,-1,-5.29,-5.03,583,es ESP,FW,it Serie A,20-135,2006,0.2,0,0,0,0,2,0,0,0,2,0
584,Maxime Estève,fr FRA,DF,RB Leipzig,de Bundesliga,24.0,2002,2,1,108,1.2,0,0,0,0,0,0,0,0,0.00,,,,,,,,,,,,,,,,,,,,,,,,,584,fr FRA,DF,de Bundesliga,24-111,2002,1.2,0,0,0,,0.00,0.00,,,0,0,735,fr FRA,DF,de Bundesliga,24-111,2002,2,108,54,40.0,1.2,1,90,1,1,18,1,1.50,3,3,0,0.00,-3.33,584,fr FRA,DF,de Bundesliga,24-111,2002,1.2,0,0,0,0,0,0,0,2,1,0
585,Pervis Estupiñán,ec ECU,MF,Milan,it Serie A,28.0,1998,4,3,204,2.3,0,0,0,0,0,0,1,0,0.00,,,,,,,,,,,,,,,,,,,,,,,,,585,ec ECU,MF,it Serie A,28-236,1998,2.3,0,3,0,0.0,1.32,0.00,0.00,,0,0,736,ec ECU,MF,it Serie A,28-236,1998,4,204,51,56.7,2.3,3,67,1,1,4,0,2.00,4,3,+1,+0.44,-0.71,585,ec ECU,MF,it Serie A,28-236,1998,2.3,1,0,0,4,0,1,5,3,1,0
586,Karl Etta Eyong,cm CMR,FW,Levante,es La Liga,22.0,2003,3,0,65,0.7,0,1,1,0,0,0,0,0,1.38,,,,,,,,,,,,,,,,,,,,,,,,,586,cm CMR,FW,es La Liga,22-335,2003,0.7,0,2,1,50.0,2.77,1.38,0.00,0.00,0,0,737,cm CMR,FW,es La Liga,22-335,2003,3,65,22,14.4,0.7,0,,0,3,22,0,1.33,1,1,0,0.00,+0.47,586,cm CMR,FW,es La Liga,22-335,2003,0.7,0,0,0,2,2,0,1,0,0,0
587,Evanilson,br BRA,FW,Bournemouth,eng Premier League,26.0,1999,4,4,333,3.7,0,3,3,0,0,0,1,0,0.81,,,,,,,,,,,,,,,,,,,,,,,,,587,br BRA,FW,eng Premier League,26-343,1999,3.7,0,6,0,0.0,1.62,0.00,0.00,,0,0,738,br BRA,FW,eng Premier League,26-343,1999,4,333,83,92.5,3.7,4,83,1,0,,0,0.75,6,4,+2,+0.54,+10.54,587,br BRA,FW,eng Premier League,26-343,1999,3.7,1,0,0,7,8,3,2,4,0,0
588,Milan van Ewijk,nl NED,"MF,DF",Coventry City,eng Premier League,26.0,2000,4,4,360,4.0,0,0,0,0,0,0,1,0,0.00,,,,,,,,,,,,,,,,,,,,,,,,,588,nl NED,"MF,DF",eng Premier League,26-006,2000,4.0,0,0,0,,0.00,0.00,,,0,0,739,nl NED,"MF,DF",eng Premier League,26-006,2000,4,360,90,100.0,4.0,4,90,4,0,,0,0.00,0,10,-10,-2.50,,588,nl NED,"MF,DF",eng Premier League,26-006,2000,4.0,1,0,0,4,2,0,4,5,4,0
589,Edu Expósito,es ESP,MF,Espanyol,es La Liga,30.0,1996,5,5,419,4.7,0,0,0,0,0,0,1,0,0.00,,,,,,,,,,,,,,,,,,,,,,,,,589,es ESP,MF,es La Liga,30-044,1996,4.7,0,11,1,9.1,2.36,0.21,0.00,0.00,0,0,740,es ESP,MF,es La Liga,30-044,1996,5,419,84,93.1,4.7,5,84,1,0,,0,1.40,8,4,+4,+0.86,+3.76,589,es ESP,MF,es La Liga,30-044,1996,4.7,1,0,0,4,3,0,11,2,5,0
590,Théo Eyoum,fr FRA,DF,Le Mans,fr Ligue 1,24.0,2002,2,2,180,2.0,0,0,0,0,0,0,0,0,0.00,,,,,,,,,,,,,,,,,,,,,,,,,590,fr FRA,DF,fr Ligue 1,24-250,2002,2.0,0,0,0,,0.00,0.00,,,0,0,741,fr FRA,DF,fr Ligue 1,24-250,2002,2,180,90,50.0,2.0,2,90,2,0,,0,0.50,4,5,-1,-0.50,-0.50,590,fr FRA,DF,fr Ligue 1,24-250,2002,2.0,0,0,0,2,0,0,0,2,0,0
591,Eberechi Eze,eng ENG,"FW,MF",Arsenal,eng Premier League,28.0,1998,3,0,70,0.8,0,0,0,0,0,0,0,0,0.00,,,,,,,,,,,,,,,,,,,,,,,,,591,eng ENG,"FW,MF",eng Premier League,28-077,1998,0.8,0,1,0,0.0,1.29,0.00,0.00,,0,0,742,eng ENG,"FW,MF",eng Premier League,28-077,1998,3,70,23,19.4,0.8,0,,0,3,23,1,3.00,2,0,+2,+2.57,+1.02,591,eng ENG,"FW,MF",eng Premier League,28-077,1998,0.8,0,0,0,0,3,0,1,0,0,0
592,Abde Ezzalzouli,ma MAR,"FW,MF",Real Betis,es La Liga,24.0,2001,1,0,17,0.2,0,0,0,0,0,0,0,0,0.00,,,,,,,,,,,,,,,,,,,,,,,,,592,ma MAR,"FW,MF",es La Liga,24-271,2001,0.2,0,0,0,,0.00,0.00,,,0,0,743,ma MAR,"FW,MF",es La Liga,24-271,2001,1,17,17,4.7,0.2,0,,0,1,17,0,0.00,0,1,-1,-5.29,-5.56,592,ma MAR,"FW,MF",es La Liga,24-271,2001,0.2,0,0,0,0,0,0,5,0,0,0
593,Giovanni Fabbian,it ITA,MF,Parma,it Serie A,23.0,2003,1,1,45,0.5,0,0,0,0,0,0,0,0,0.00,,,,,,,,,,,,,,,,,,,,,,,,,593,it ITA,MF,it Serie A,23-243,2003,0.5,0,1,0,0.0,2.00,0.00,0.00,,0,0,744,it ITA,MF,it Serie A,23-243,2003,1,45,45,16.7,0.5,1,45,0,0,,1,1.00,0,1,-1,-2.00,-1.20,593,it ITA,MF,it Serie A,23-243,2003,0.5,0,0,0,1,1,0,0,1,0,0
594,Alieu Fadera,gm GAM,"FW,MF",Cagliari,it Serie A,24.0,2001,3,0,93,1.0,0,0,0,0,0,0,0,0,0.00,,,,,,,,,,,,,,,,,,,,,,,,,594,gm GAM,"FW,MF",it Serie A,24-315,2001,1.0,0,4,1,25.0,3.87,0.97,0.00,0.00,0,0,746,gm GAM,"FW,MF",it Serie A,24-315,2001,3,93,31,25.8,1.0,0,,0,3,31,1,2.00,1,0,+1,+0.97,+0.63,594,gm GAM,"FW,MF",it Serie A,24-315,2001,1.0,0,0,0,3,2,0,4,1,1,0
595,Nicolò Fagioli,it ITA,MF,Fiorentina,it Serie A,25.0,2001,4,3,270,3.0,0,1,1,0,0,0,1,0,0.33,,,,,,,,,,,,,,,,,,,,,,,,,595,it ITA,MF,it Serie A,25-214,2001,3.0,0,3,1,33.3,1.00,0.33,0.00,0.00,0,0,748,it ITA,MF,it Serie A,25-214,2001,4,270,68,75.0,3.0,3,80,2,1,29,0,0.75,5,8,-3,-1.00,+2.00,595,it ITA,MF,it Serie A,25-214,2001,3.0,1,0,0,4,3,0,9,5,5,0
596,Romain Faivre,fr FRA,FW,Auxerre,fr Ligue 1,28.0,1998,4,2,170,1.9,0,1,1,0,0,0,0,0,0.53,,,,,,,,,,,,,,,,,,,,,,,,,596,fr FRA,FW,fr Ligue 1,28-062,1998,1.9,0,4,1,25.0,2.12,0.53,0.00,0.00,0,0,749,fr FRA,FW,fr Ligue 1,28-062,1998,4,170,43,47.2,1.9,2,68,0,2,17,0,0.75,3,6,-3,-1.59,-0.17,596,fr FRA,FW,fr Ligue 1,28-062,1998,1.9,0,0,0,2,0,2,7,0,2,0
597,Wladimiro Falcone,it ITA,GK,Lecce,it Serie A,31.0,1995,4,4,360,4.0,0,0,0,0,0,0,1,0,0.00,28,it ITA,GK,it Serie A,31-155,1995,4,4,360,4.0,7,1.75,33,26,78.8,2,0,2,1,25.0,0,0,0,0,597,it ITA,GK,it Serie A,31-155,1995,4.0,0,0,0,,0.00,0.00,,,0,0,750,it ITA,GK,it Serie A,31-155,1995,4,360,90,100.0,4.0,4,90,4,0,,0,1.50,5,7,-2,-0.50,,597,it ITA,GK,it Serie A,31-155,1995,4.0,1,0,0,0,1,0,0,0,0,0
598,Soufiane El-Faouzi,de GER,MF,Schalke 04,de Bundesliga,24.0,2002,3,3,270,3.0,0,0,0,0,0,0,0,0,0.00,,,,,,,,,,,,,,,,,,,,,,,,,598,de GER,MF,de Bundesliga,24-063,2002,3.0,0,5,3,60.0,1.67,1.00,0.00,0.00,0,0,752,de GER,MF,de Bundesliga,24-063,2002,3,270,90,100.0,3.0,3,90,3,0,,0,1.33,3,4,-1,-0.33,,598,de GER,MF,de Bundesliga,24-063,2002,3.0,0,0,0,3,3,0,3,6,5,0
599,Abdul Fatawu Issahaku,gh GHA,MF,Ipswich Town,eng Premier League,22.0,2004,4,4,286,3.2,0,1,1,0,0,0,2,0,0.31,,,,,,,,,,,,,,,,,,,,,,,,,599,gh GHA,MF,eng Premier League,22-190,2004,3.2,0,2,0,0.0,0.63,0.00,0.00,,0,0,756,gh GHA,MF,eng Premier League,22-190,2004,4,286,72,79.4,3.2,4,72,0,0,,0,1.50,4,9,-5,-1.57,-4.01,599,gh GHA,MF,eng Premier League,22-190,2004,3.2,2,0,0,8,6,1,23,2,5,0
600,Costantino Favasuli,it ITA,MF,Napoli,it Serie A,22.0,2004,1,0,45,0.5,0,1,1,0,0,0,0,0,2.00,,,,,,,,,,,,,,,,,,,,,,,,,600,it ITA,MF,it Serie A,22-141,2004,0.5,0,1,1,100.0,2.00,2.00,0.00,0.00,0,0,757,it ITA,MF,it Serie A,22-141,2004,1,45,45,12.5,0.5,0,,0,1,45,3,3.00,1,0,+1,+2.00,+2.00,600,it ITA,MF,it Serie A,22-141,2004,0.5,0,0,0,1,0,0,2,0,1,0
601,Abdoulaye Faye,sn SEN,DF,Celta Vigo,es La Liga,21.0,2004,1,1,45,0.5,0,0,0,0,0,0,0,0,0.00,,,,,,,,,,,,,,,,,,,,,,,,,601,sn SEN,DF,es La Liga,21-357,2004,0.5,0,0,0,,0.00,0.00,,,0,0,758,sn SEN,DF,es La Liga,21-357,2004,1,45,45,8.3,0.5,1,45,0,0,,4,0.00,0,2,-2,-4.00,-3.82,601,sn SEN,DF,es La Liga,21-357,2004,0.5,0,0,0,1,0,0,0,1,0,0
602,Souleymane Faye,sn SEN,FW,Lorient,fr Ligue 1,23.0,2003,2,0,40,0.4,0,0,0,0,0,0,0,0,0.00,,,,,,,,,,,,,,,,,,,,,,,,,602,sn SEN,FW,fr Ligue 1,23-218,2003,0.4,0,2,0,0.0,4.50,0.00,0.00,,0,0,759,sn SEN,FW,fr Ligue 1,23-218,2003,2,40,20,11.1,0.4,0,,0,2,20,2,0.50,0,0,0,0.00,0.00,602,sn SEN,FW,fr Ligue 1,23-218,2003,0.4,0,0,0,0,2,0,0,1,1,0
603,Jacopo Fazzini,it ITA,MF,Cagliari,it Serie A,23.0,2003,4,4,237,2.6,0,1,1,0,0,0,1,0,0.38,,,,,,,,,,,,,,,,,,,,,,,,,603,it ITA,MF,it Serie A,23-182,2003,2.6,0,4,1,25.0,1.52,0.38,0.00,0.00,0,0,761,it ITA,MF,it Serie A,23-182,2003,4,237,59,65.8,2.6,4,59,0,0,,0,2.25,2,2,0,0.00,-1.46,603,it ITA,MF,it Serie A,23-182,2003,2.6,1,0,0,3,3,0,11,4,2,0
604,Aleix Febas,es ESP,MF,Celta Vigo,es La Liga,30.0,1996,2,2,166,1.8,0,0,0,0,0,0,0,0,0.00,,,,,,,,,,,,,,,,,,,,,,,,,604,es ESP,MF,es La Liga,30-224,1996,1.8,0,1,1,100.0,0.54,0.54,0.00,0.00,0,0,762,es ESP,MF,es La Liga,30-224,1996,2,166,83,30.7,1.8,2,83,1,0,,1,0.50,0,2,-2,-1.08,-0.84,604,es ESP,MF,es La Liga,30-224,1996,1.8,0,0,0,5,7,1,0,1,2,0
605,Mattia Felici,it ITA,MF,Cagliari,it Serie A,25.0,2001,2,0,38,0.4,0,0,0,0,0,0,0,0,0.00,,,,,,,,,,,,,,,,,,,,,,,,,605,it ITA,MF,it Serie A,25-150,2001,0.4,0,1,1,100.0,2.37,2.37,0.00,0.00,0,0,763,it ITA,MF,it Serie A,25-150,2001,2,38,19,10.6,0.4,0,,0,2,19,1,3.00,1,0,+1,+2.37,+2.09,605,it ITA,MF,it Serie A,25-150,2001,0.4,0,0,0,1,0,1,1,0,0,0
606,Pedro Felipe,br BRA,DF,Racing Sant,es La Liga,22.0,2004,2,1,16,0.2,0,0,0,0,0,0,0,0,0.00,,,,,,,,,,,,,,,,,,,,,,,,,606,br BRA,DF,es La Liga,22-114,2004,0.2,0,0,0,,0.00,0.00,,,0,0,764,br BRA,DF,es La Liga,22-114,2004,2,16,8,3.6,0.2,1,15,0,1,1,1,2.00,0,0,0,0.00,0.00,606,br BRA,DF,es La Liga,22-114,2004,0.2,0,0,0,0,0,0,0,0,0,0
607,Ohis Felix Uduokhai,de GER,DF,Union Berlin,de Bundesliga,29.0,1997,2,2,180,2.0,0,0,0,0,0,0,2,0,0.00,,,,,,,,,,,,,,,,,,,,,,,,,607,de GER,DF,de Bundesliga,29-005,1997,2.0,0,2,0,0.0,1.00,0.00,0.00,,0,0,765,de GER,DF,de Bundesliga,29-005,1997,2,180,90,66.7,2.0,2,90,2,0,,1,0.00,1,7,-6,-3.00,-3.00,607,de GER,DF,de Bundesliga,29-005,1997,2.0,2,0,0,5,4,1,0,1,1,0
608,Robin Fellhauer,de GER,MF,Augsburg,de Bundesliga,28.0,1998,3,3,211,2.3,1,0,1,1,0,0,0,0,0.43,,,,,,,,,,,,,,,,,,,,,,,,,608,de GER,MF,de Bundesliga,28-236,1998,2.3,1,5,2,40.0,2.13,0.85,0.20,0.50,0,0,766,de GER,MF,de Bundesliga,28-236,1998,3,211,70,78.1,2.3,3,70,0,0,,0,2.33,5,2,+3,+1.28,-3.30,608,de GER,MF,de Bundesliga,28-236,1998,2.3,0,0,0,2,1,1,5,2,0,0
609,Kiko Femenía,es ESP,"DF,MF",Getafe,es La Liga,35.0,1991,3,3,138,1.5,0,0,0,0,0,0,0,1,0.00,,,,,,,,,,,,,,,,,,,,,,,,,609,es ESP,"DF,MF",es La Liga,35-224,1991,1.5,0,0,0,,0.00,0.00,,,0,0,767,es ESP,"DF,MF",es La Liga,35-224,1991,3,138,46,30.7,1.5,3,46,1,0,,0,0.33,0,1,-1,-0.65,-0.08,609,es ESP,"DF,MF",es La Liga,35-224,1991,1.5,0,1,0,2,1,0,6,1,2,0
610,Lewis Ferguson,sct SCO,MF,Bologna,it Serie A,27.0,1999,4,4,360,4.0,0,0,0,0,0,0,0,0,0.00,,,,,,,,,,,,,,,,,,,,,,,,,610,sct SCO,MF,it Serie A,27-021,1999,4.0,0,3,1,33.3,0.75,0.25,0.00,0.00,0,0,768,sct SCO,MF,it Serie A,27-021,1999,4,360,90,100.0,4.0,4,90,4,0,,0,0.25,2,5,-3,-0.75,,610,sct SCO,MF,it Serie A,27-021,1999,4.0,0,0,0,10,3,2,4,3,6,0
611,Bruno Fernandes,pt POR,MF,Manchester Utd,eng Premier League,32.0,1994,4,4,360,4.0,3,1,4,2,1,1,0,0,0.75,,,,,,,,,,,,,,,,,,,,,,,,,611,pt POR,MF,eng Premier League,32-006,1994,4.0,3,16,5,31.3,4.00,1.25,0.19,0.60,1,1,769,pt POR,MF,eng Premier League,32-006,1994,4,360,90,100.0,4.0,4,90,4,0,,0,1.00,7,7,0,0.00,,611,pt POR,MF,eng Premier League,32-006,1994,4.0,0,0,0,3,1,0,25,1,2,0
612,Mateus Fernandes,pt POR,MF,Tottenham,eng Premier League,22.0,2004,4,2,204,2.3,0,0,0,0,0,0,1,0,0.00,,,,,,,,,,,,,,,,,,,,,,,,,612,pt POR,MF,eng Premier League,22-066,2004,2.3,0,4,1,25.0,1.76,0.44,0.00,0.00,0,0,770,pt POR,MF,eng Premier League,22-066,2004,4,204,51,56.7,2.3,2,76,1,2,26,0,0.50,0,3,-3,-1.32,-0.17,612,pt POR,MF,eng Premier League,22-066,2004,2.3,1,0,0,8,1,0,8,0,4,0
613,Dro Fernández,es ESP,MF,Paris SG,fr Ligue 1,18.0,2008,3,0,42,0.5,0,0,0,0,0,0,1,0,0.00,,,,,,,,,,,,,,,,,,,,,,,,,613,es ESP,MF,fr Ligue 1,18-245,2008,0.5,0,0,0,,0.00,0.00,,,0,0,773,es ESP,MF,fr Ligue 1,18-245,2008,3,42,14,11.7,0.5,0,,0,3,14,1,1.33,2,1,+1,+2.14,+2.43,613,es ESP,MF,fr Ligue 1,18-245,2008,0.5,1,0,0,1,1,0,0,1,3,0
614,Enzo Fernández,ar ARG,MF,Manchester City,eng Premier League,25.0,2001,2,2,156,1.7,0,0,0,0,0,0,1,0,0.00,,,,,,,,,,,,,,,,,,,,,,,,,614,ar ARG,MF,eng Premier League,25-240,2001,1.7,0,4,1,25.0,2.31,0.58,0.00,0.00,0,0,774,ar ARG,MF,eng Premier League,25-240,2001,2,156,78,43.3,1.7,2,78,0,0,,0,3.00,2,0,+2,+1.15,-0.61,614,ar ARG,MF,eng Premier League,25-240,2001,1.7,1,0,0,4,5,1,5,3,1,0
615,Enzo Fernández,ar ARG,MF,Chelsea,eng Premier League,25.0,2001,1,0,26,0.3,0,0,0,0,0,0,0,0,0.00,,,,,,,,,,,,,,,,,,,,,,,,,615,ar ARG,MF,eng Premier League,25-240,2001,0.3,0,0,0,,0.00,0.00,,,0,0,775,ar ARG,MF,eng Premier League,25-240,2001,1,26,26,7.2,0.3,0,,0,1,26,0,3.00,0,0,0,0.00,-0.27,615,ar ARG,MF,eng Premier League,25-240,2001,0.3,0,0,0,0,1,0,0,0,0,0
616,Ezequiél Fernández,ar ARG,MF,Leverkusen,de Bundesliga,24.0,2002,3,3,199,2.2,1,0,1,1,0,0,0,0,0.45,,,,,,,,,,,,,,,,,,,,,,,,,616,ar ARG,MF,de Bundesliga,24-051,2002,2.2,1,5,1,20.0,2.26,0.45,0.20,1.00,0,0,776,ar ARG,MF,de Bundesliga,24-051,2002,3,199,66,73.7,2.2,3,66,0,0,,0,1.33,5,5,0,0.00,-3.80,616,ar ARG,MF,de Bundesliga,24-051,2002,2.2,0,0,0,1,5,2,1,3,4,0
617,Marcos Fernández,es ESP,MF,Espanyol,es La Liga,23.0,2003,4,1,123,1.4,1,1,2,1,0,0,1,0,1.46,,,,,,,,,,,,,,,,,,,,,,,,,617,es ESP,MF,es La Liga,23-120,2003,1.4,1,7,3,42.9,5.12,2.20,0.14,0.33,0,0,777,es ESP,MF,es La Liga,23-120,2003,4,123,31,27.3,1.4,1,65,0,3,19,1,1.75,3,1,+2,+1.46,+1.19,617,es ESP,MF,es La Liga,23-120,2003,1.4,1,0,0,6,1,1,1,0,1,0
618,Pelayo Fernandez,es ESP,DF,Rayo Vallecano,es La Liga,23.0,2003,2,1,67,0.7,0,0,0,0,0,0,0,0,0.00,,,,,,,,,,,,,,,,,,,,,,,,,618,es ESP,DF,es La Liga,23-138,2003,0.7,0,0,0,,0.00,0.00,,,0,0,778,es ESP,DF,es La Liga,23-138,2003,2,67,34,14.9,0.7,1,54,0,1,13,3,0.50,1,1,0,0.00,+1.41,618,es ESP,DF,es La Liga,23-138,2003,0.7,0,0,0,4,0,0,0,1,0,0
619,Roberto Férnandez,es ESP,FW,Espanyol,es La Liga,24.0,2002,5,5,431,4.8,5,0,5,5,0,0,0,0,1.04,,,,,,,,,,,,,,,,,,,,,,,,,619,es ESP,FW,es La Liga,24-073,2002,4.8,5,11,5,45.5,2.30,1.04,0.45,1.00,0,0,780,es ESP,FW,es La Liga,24-073,2002,5,431,86,95.8,4.8,5,86,3,0,,0,1.40,8,5,+3,+0.63,+0.63,619,es ESP,FW,es La Liga,24-073,2002,4.8,0,0,0,8,8,0,1,1,2,0
620,Thiago Fernández,ar ARG,MF,Levante,es La Liga,22.0,2004,3,3,224,2.5,0,0,0,0,0,0,0,0,0.00,,,,,,,,,,,,,,,,,,,,,,,,,620,ar ARG,MF,es La Liga,22-164,2004,2.5,0,5,1,20.0,2.01,0.40,0.00,0.00,0,0,781,ar ARG,MF,es La Liga,22-164,2004,3,224,75,49.8,2.5,3,75,0,0,,1,1.67,4,2,+2,+0.80,+2.40,620,ar ARG,MF,es La Liga,22-164,2004,2.5,0,0,0,1,0,1,5,3,4,0
621,Toni Fernández,es ESP,MF,Venezia,it Serie A,18.0,2008,2,0,56,0.6,0,0,0,0,0,0,0,0,0.00,,,,,,,,,,,,,,,,,,,,,,,,,621,es ESP,MF,it Serie A,18-061,2008,0.6,0,0,0,,0.00,0.00,,,0,0,782,es ESP,MF,it Serie A,18-061,2008,2,56,28,15.6,0.6,0,,0,2,28,0,0.00,3,2,+1,+1.61,+3.98,621,es ESP,MF,it Serie A,18-061,2008,0.6,0,0,0,1,0,0,1,0,0,0
622,Matias Fernandez-Pardo,be BEL,"FW,MF",Newcastle,eng Premier League,21.0,2005,1,0,28,0.3,0,0,0,0,0,0,0,0,0.00,,,,,,,,,,,,,,,,,,,,,,,,,622,be BEL,"FW,MF",eng Premier League,21-223,2005,0.3,0,0,0,,0.00,0.00,,,0,0,783,be BEL,"FW,MF",eng Premier League,21-223,2005,1,28,28,10.4,0.3,0,,0,1,28,0,1.00,1,0,+1,+3.21,+2.84,622,be BEL,"FW,MF",eng Premier League,21-223,2005,0.3,0,0,0,1,1,0,1,0,0,0
623,Álvaro Fidalgo,mx MEX,MF,Real Betis,es La Liga,29.0,1997,1,0,31,0.3,0,0,0,0,0,0,0,0,0.00,,,,,,,,,,,,,,,,,,,,,,,,,623,mx MEX,MF,es La Liga,29-158,1997,0.3,0,0,0,,0.00,0.00,,,0,0,785,mx MEX,MF,es La Liga,29-158,1997,1,31,31,8.6,0.3,0,,0,1,31,3,3.00,1,0,+1,+2.90,+3.18,623,mx MEX,MF,es La Liga,29-158,1997,0.3,0,0,0,0,0,0,0,0,1,0
624,Seydou Fini,it ITA,MF,Frosinone,it Serie A,20.0,2006,4,3,178,2.0,0,0,0,0,0,0,0,0,0.00,,,,,,,,,,,,,,,,,,,,,,,,,624,it ITA,MF,it Serie A,20-104,2006,2.0,0,2,1,50.0,1.01,0.51,0.00,0.00,0,0,786,it ITA,MF,it Serie A,20-104,2006,4,178,45,49.4,2.0,3,53,0,1,19,0,1.75,4,1,+3,+1.52,+1.52,624,it ITA,MF,it Serie A,20-104,2006,2.0,0,0,0,4,4,2,4,2,1,0
625,Max Finkgräfe,de GER,DF,RB Leipzig,de Bundesliga,22.0,2004,1,0,13,0.1,0,0,0,0,0,0,0,0,0.00,,,,,,,,,,,,,,,,,,,,,,,,,625,de GER,DF,de Bundesliga,22-171,2004,0.1,0,0,0,,0.00,0.00,,,0,0,787,de GER,DF,de Bundesliga,22-171,2004,1,13,13,4.8,0.1,0,,0,1,13,2,3.00,0,0,0,0.00,-2.10,625,de GER,DF,de Bundesliga,22-171,2004,0.1,0,0,0,1,0,0,0,0,0,0
626,Junior Firpo,do DOM,DF,Real Betis,es La Liga,30.0,1996,1,1,58,0.6,0,0,0,0,0,0,1,0,0.00,,,,,,,,,,,,,,,,,,,,,,,,,626,do DOM,DF,es La Liga,30-023,1996,0.6,0,0,0,,0.00,0.00,,,0,0,788,do DOM,DF,es La Liga,30-023,1996,1,58,58,16.1,0.6,1,58,0,0,,2,3.00,0,0,0,0.00,0.00,626,do DOM,DF,es La Liga,30-023,1996,0.6,1,0,0,1,1,0,2,0,0,0
627,Kian Fitz-Jim,nl NED,MF,Torino,it Serie A,23.0,2003,3,3,270,3.0,0,0,0,0,0,0,0,0,0.00,,,,,,,,,,,,,,,,,,,,,,,,,627,nl NED,MF,it Serie A,23-071,2003,3.0,0,2,0,0.0,0.67,0.00,0.00,,0,0,789,nl NED,MF,it Serie A,23-071,2003,3,270,90,100.0,3.0,3,90,3,0,,0,1.00,4,5,-1,-0.33,,627,nl NED,MF,it Serie A,23-071,2003,3.0,0,0,0,0,3,0,4,2,2,0
628,Mark Flekken,nl NED,GK,Leverkusen,de Bundesliga,33.0,1993,3,3,270,3.0,0,0,0,0,0,0,0,0,0.00,29,nl NED,GK,de Bundesliga,33-093,1993,3,3,270,3.0,5,1.67,11,6,54.5,1,1,1,1,33.3,0,0,0,0,628,nl NED,GK,de Bundesliga,33-093,1993,3.0,0,0,0,,0.00,0.00,,,0,0,790,nl NED,GK,de Bundesliga,33-093,1993,3,270,90,100.0,3.0,3,90,3,0,,0,1.33,8,5,+3,+1.00,,628,nl NED,GK,de Bundesliga,33-093,1993,3.0,0,0,0,0,0,0,0,0,0,0
629,Zian Flemming,nl NED,"FW,MF",Ipswich Town,eng Premier League,28.0,1998,2,0,53,0.6,1,0,1,1,0,0,0,0,1.70,,,,,,,,,,,,,,,,,,,,,,,,,629,nl NED,"FW,MF",eng Premier League,28-044,1998,0.6,1,4,3,75.0,6.79,5.09,0.25,0.33,0,0,791,nl NED,"FW,MF",eng Premier League,28-044,1998,2,53,27,14.7,0.6,0,,0,2,27,0,1.50,1,1,0,0.00,+0.88,629,nl NED,"FW,MF",eng Premier League,28-044,1998,0.6,0,0,0,2,0,1,0,0,0,0
630,Romano Floriani,it ITA,DF,Lazio,it Serie A,23.0,2003,4,3,324,3.6,0,0,0,0,0,0,1,0,0.00,,,,,,,,,,,,,,,,,,,,,,,,,630,it ITA,DF,it Serie A,23-230,2003,3.6,0,1,0,0.0,0.28,0.00,0.00,,0,0,792,it ITA,DF,it Serie A,23-230,2003,4,324,81,90.0,3.6,3,84,1,1,72,0,2.50,6,3,+3,+0.83,+0.83,630,it ITA,DF,it Serie A,23-230,2003,3.6,1,0,0,6,1,1,8,5,4,0
631,Phil Foden,eng ENG,MF,Manchester City,eng Premier League,26.0,2000,4,3,218,2.4,0,2,2,0,0,0,1,1,0.83,,,,,,,,,,,,,,,,,,,,,,,,,631,eng ENG,MF,eng Premier League,26-109,2000,2.4,0,6,1,16.7,2.48,0.41,0.00,0.00,0,0,793,eng ENG,MF,eng Premier League,26-109,2000,4,218,55,60.6,2.4,3,64,1,1,25,0,3.00,4,2,+2,+0.83,-1.71,631,eng ENG,MF,eng Premier League,26-109,2000,2.4,1,1,0,4,6,0,12,0,2,0
632,Manga Foe Ondoa,fr FRA,MF,Monza,it Serie A,20.0,2005,2,2,143,1.6,0,0,0,0,0,0,0,0,0.00,,,,,,,,,,,,,,,,,,,,,,,,,632,fr FRA,MF,it Serie A,20-276,2005,1.6,0,2,1,50.0,1.26,0.63,0.00,0.00,0,0,794,fr FRA,MF,it Serie A,20-276,2005,2,143,72,39.7,1.6,2,72,1,0,,2,0.00,2,7,-5,-3.15,-3.15,632,fr FRA,MF,it Serie A,20-276,2005,1.6,0,0,0,2,0,0,0,2,2,0
633,Malick Fofana,be BEL,"FW,MF",Sunderland,eng Premier League,21.0,2005,2,0,32,0.4,0,0,0,0,0,0,0,0,0.00,,,,,,,,,,,,,,,,,,,,,,,,,633,be BEL,"FW,MF",eng Premier League,21-167,2005,0.4,0,0,0,,0.00,0.00,,,0,0,795,be BEL,"FW,MF",eng Premier League,21-167,2005,2,32,16,8.9,0.4,0,,0,2,16,0,0.50,1,1,0,0.00,+0.55,633,be BEL,"FW,MF",eng Premier League,21-167,2005,0.4,0,0,0,2,0,0,4,0,0,0
634,Malick Fofana,be BEL,"FW,MF",Lyon,fr Ligue 1,21.0,2005,2,0,58,0.6,1,0,1,1,0,0,0,0,1.55,,,,,,,,,,,,,,,,,,,,,,,,,634,be BEL,"FW,MF",fr Ligue 1,21-167,2005,0.6,1,3,1,33.3,4.66,1.55,0.33,1.00,0,0,796,be BEL,"FW,MF",fr Ligue 1,21-167,2005,2,58,29,16.1,0.6,0,,0,2,29,0,2.00,3,1,+2,+3.10,+2.51,634,be BEL,"FW,MF",fr Ligue 1,21-167,2005,0.6,0,0,0,1,2,0,7,0,1,0
635,Rayan Fofana,fr FRA,MF,Le Havre,fr Ligue 1,20.0,2006,2,0,57,0.6,1,0,1,0,1,1,0,0,0.00,,,,,,,,,,,,,,,,,,,,,,,,,635,fr FRA,MF,fr Ligue 1,20-214,2006,0.6,1,3,1,33.3,4.74,1.58,0.33,1.00,1,1,797,fr FRA,MF,fr Ligue 1,20-214,2006,2,57,29,15.8,0.6,0,,0,2,29,0,0.50,1,0,+1,+1.58,+2.47,635,fr FRA,MF,fr Ligue 1,20-214,2006,0.6,0,0,0,1,1,0,3,0,0,0
636,Wesley Fofana,fr FRA,DF,Chelsea,eng Premier League,25.0,2000,3,3,242,2.7,0,0,0,0,0,0,1,0,0.00,,,,,,,,,,,,,,,,,,,,,,,,,636,fr FRA,DF,eng Premier League,25-271,2000,2.7,0,0,0,,0.00,0.00,,,0,0,800,fr FRA,DF,eng Premier League,25-271,2000,3,242,81,67.2,2.7,3,81,1,0,,0,1.33,6,6,0,0.00,-0.76,636,fr FRA,DF,eng Premier League,25-271,2000,2.7,1,0,0,4,4,0,1,5,4,0
637,Youssouf Fofana,fr FRA,MF,Sevilla,es La Liga,27.0,1999,2,1,107,1.2,0,0,0,0,0,0,0,0,0.00,,,,,,,,,,,,,,,,,,,,,,,,,637,fr FRA,MF,es La Liga,27-247,1999,1.2,0,4,1,25.0,3.36,0.84,0.00,0.00,0,0,801,fr FRA,MF,es La Liga,27-247,1999,2,107,54,23.8,1.2,1,70,0,1,37,0,2.00,1,1,0,0.00,-0.52,637,fr FRA,MF,es La Liga,27-247,1999,1.2,0,0,0,1,1,0,0,2,1,0
638,Michael Folorunsho,it ITA,MF,Monza,it Serie A,28.0,1998,3,2,217,2.4,0,0,0,0,0,0,1,0,0.00,,,,,,,,,,,,,,,,,,,,,,,,,638,it ITA,MF,it Serie A,28-219,1998,2.4,0,6,0,0.0,2.49,0.00,0.00,,0,0,802,it ITA,MF,it Serie A,28-219,1998,3,217,72,60.3,2.4,2,90,2,1,37,0,0.33,4,4,0,0.00,+3.15,638,it ITA,MF,it Serie A,28-219,1998,2.4,1,0,0,4,7,0,5,3,3,0
639,Pablo Fornals,es ESP,MF,Real Betis,es La Liga,30.0,1996,4,3,292,3.2,0,0,0,0,0,0,0,0,0.00,,,,,,,,,,,,,,,,,,,,,,,,,639,es ESP,MF,es La Liga,30-204,1996,3.2,0,6,0,0.0,1.85,0.00,0.00,,0,0,803,es ESP,MF,es La Liga,30-204,1996,4,292,73,81.1,3.2,3,86,2,1,34,0,2.25,2,2,0,0.00,0.00,639,es ESP,MF,es La Liga,30-204,1996,3.2,0,0,0,2,3,0,17,4,2,0
640,Omari Forson,eng ENG,MF,Monza,it Serie A,22.0,2004,4,1,97,1.1,0,0,0,0,0,0,0,0,0.00,,,,,,,,,,,,,,,,,,,,,,,,,640,eng ENG,MF,it Serie A,22-056,2004,1.1,0,2,0,0.0,1.86,0.00,0.00,,0,0,804,eng ENG,MF,it Serie A,22-056,2004,4,97,24,26.9,1.1,1,53,0,3,15,0,0.25,2,0,+2,+1.86,+4.25,640,eng ENG,MF,it Serie A,22-056,2004,1.1,0,0,0,0,2,1,11,0,0,0
641,Héctor Fort,es ESP,DF,Real Sociedad,es La Liga,20.0,2006,1,0,10,0.1,0,0,0,0,0,0,0,0,0.00,,,,,,,,,,,,,,,,,,,,,,,,,641,es ESP,DF,es La Liga,20-043,2006,0.1,0,0,0,,0.00,0.00,,,0,0,805,es ESP,DF,es La Liga,20-043,2006,1,10,10,1.9,0.1,0,,0,1,10,2,3.00,1,0,+1,+9.00,+10.02,641,es ESP,DF,es La Liga,20-043,2006,0.1,0,0,0,0,0,0,0,1,0,0
642,Niccolò Fortini,it ITA,"MF,DF",Torino,it Serie A,20.0,2006,3,2,148,1.6,0,0,0,0,0,0,0,0,0.00,,,,,,,,,,,,,,,,,,,,,,,,,642,it ITA,"MF,DF",it Serie A,20-213,2006,1.6,0,1,0,0.0,0.61,0.00,0.00,,0,0,806,it ITA,"MF,DF",it Serie A,20-213,2006,3,148,49,54.8,1.6,2,64,0,1,21,0,1.00,2,2,0,0.00,+0.74,642,it ITA,"MF,DF",it Serie A,20-213,2006,1.6,0,0,0,0,3,0,8,0,2,0
643,Juan Foyth,ar ARG,DF,Villarreal,es La Liga,28.0,1998,3,3,270,3.0,0,0,0,0,0,0,2,0,0.00,,,,,,,,,,,,,,,,,,,,,,,,,643,ar ARG,DF,es La Liga,28-245,1998,3.0,0,4,1,25.0,1.33,0.33,0.00,0.00,0,0,809,ar ARG,DF,es La Liga,28-245,1998,3,270,90,75.0,3.0,3,90,3,0,,0,0.67,4,5,-1,-0.33,+0.67,643,ar ARG,DF,es La Liga,28-245,1998,3.0,2,0,0,1,2,0,0,7,5,0
644,Bartol Franjić,hr CRO,DF,Venezia,it Serie A,26.0,2000,2,2,134,1.5,0,0,0,0,0,0,0,0,0.00,,,,,,,,,,,,,,,,,,,,,,,,,644,hr CRO,DF,it Serie A,26-243,2000,1.5,0,2,2,100.0,1.34,1.34,0.00,0.00,0,0,812,hr CRO,DF,it Serie A,26-243,2000,2,134,67,37.2,1.5,2,67,1,0,,0,0.00,0,2,-2,-1.34,+0.65,644,hr CRO,DF,it Serie A,26-243,2000,1.5,0,0,0,0,1,0,2,3,1,0
645,Przemysław Frankowski,pl POL,DF,Rennes,fr Ligue 1,31.0,1995,4,4,334,3.7,1,1,2,1,0,0,1,0,0.54,,,,,,,,,,,,,,,,,,,,,,,,,645,pl POL,DF,fr Ligue 1,31-155,1995,3.7,1,4,1,25.0,1.08,0.27,0.25,1.00,0,0,813,pl POL,DF,fr Ligue 1,31-155,1995,4,334,84,92.8,3.7,4,84,2,0,,0,2.50,8,5,+3,+0.81,+0.81,645,pl POL,DF,fr Ligue 1,31-155,1995,3.7,1,0,0,7,4,0,6,6,4,0
646,Davide Frattesi,it ITA,MF,Lazio,it Serie A,26.0,1999,4,3,296,3.3,3,0,3,3,0,0,0,0,0.91,,,,,,,,,,,,,,,,,,,,,,,,,646,it ITA,MF,it Serie A,26-327,1999,3.3,3,8,3,37.5,2.43,0.91,0.38,1.00,0,0,814,it ITA,MF,it Serie A,26-327,1999,4,296,74,82.2,3.3,3,86,2,1,37,0,2.50,5,3,+2,+0.61,-0.80,646,it ITA,MF,it Serie A,26-327,1999,3.3,0,0,0,5,7,0,0,4,2,0
647,Alex Freeman,us USA,DF,Villarreal,es La Liga,22.0,2004,3,1,122,1.4,0,0,0,0,0,0,0,0,0.00,,,,,,,,,,,,,,,,,,,,,,,,,647,us USA,DF,es La Liga,22-036,2004,1.4,0,2,1,50.0,1.48,0.74,0.00,0.00,0,0,815,us USA,DF,es La Liga,22-036,2004,3,122,41,33.9,1.4,1,90,1,2,16,1,0.33,2,3,-1,-0.74,-0.36,647,us USA,DF,es La Liga,22-036,2004,1.4,0,0,0,0,2,1,1,0,3,0
648,Morten Frendrup,dk DEN,MF,Genoa,it Serie A,25.0,2001,4,4,360,4.0,0,0,0,0,0,0,0,0,0.00,,,,,,,,,,,,,,,,,,,,,,,,,648,dk DEN,MF,it Serie A,25-160,2001,4.0,0,2,1,50.0,0.50,0.25,0.00,0.00,0,0,816,dk DEN,MF,it Serie A,25-160,2001,4,360,90,100.0,4.0,4,90,4,0,,0,0.25,2,8,-6,-1.50,,648,dk DEN,MF,it Serie A,25-160,2001,4.0,0,0,0,2,4,1,1,14,4,0
649,Marco Friedl,at AUT,DF,Werder Bremen,de Bundesliga,28.0,1998,3,3,270,3.0,0,0,0,0,0,0,0,0,0.00,,,,,,,,,,,,,,,,,,,,,,,,,649,at AUT,DF,de Bundesliga,28-182,1998,3.0,0,1,0,0.0,0.33,0.00,0.00,,0,0,817,at AUT,DF,de Bundesliga,28-182,1998,3,270,90,100.0,3.0,3,90,3,0,,0,1.33,5,6,-1,-0.33,,649,at AUT,DF,de Bundesliga,28-182,1998,3.0,0,0,0,5,1,1,1,2,1,0
650,Matija Frigan,hr CRO,FW,Parma,it Serie A,23.0,2003,1,0,45,0.5,0,0,0,0,0,0,0,0,0.00,,,,,,,,,,,,,,,,,,,,,,,,,650,hr CRO,FW,it Serie A,23-215,2003,0.5,0,0,0,,0.00,0.00,,,0,0,819,hr CRO,FW,it Serie A,23-215,2003,1,45,45,16.7,0.5,0,,0,1,45,2,1.00,1,0,+1,+2.00,+3.60,650,hr CRO,FW,it Serie A,23-215,2003,0.5,0,0,0,2,2,0,1,1,1,0
651,Jeremie Frimpong,nl NED,DF,Liverpool,eng Premier League,25.0,2000,3,2,179,2.0,0,0,0,0,0,0,1,0,0.00,,,,,,,,,,,,,,,,,,,,,,,,,651,nl NED,DF,eng Premier League,25-278,2000,2.0,0,1,0,0.0,0.50,0.00,0.00,,0,0,820,nl NED,DF,eng Premier League,25-278,2000,3,179,60,49.7,2.0,2,80,1,1,19,1,1.00,3,4,-1,-0.50,-1.99,651,nl NED,DF,eng Premier League,25-278,2000,2.0,1,0,0,2,1,1,11,1,2,0
652,Jorge de Frutos,es ESP,"MF,FW",Rayo Vallecano,es La Liga,29.0,1997,4,4,300,3.3,0,1,1,0,0,0,0,1,0.30,,,,,,,,,,,,,,,,,,,,,,,,,652,es ESP,"MF,FW",es La Liga,29-206,1997,3.3,0,1,1,100.0,0.30,0.30,0.00,0.00,0,0,821,es ESP,"MF,FW",es La Liga,29-206,1997,4,300,75,66.7,3.3,4,75,2,0,,0,1.00,9,10,-1,-0.30,+2.70,652,es ESP,"MF,FW",es La Liga,29-206,1997,3.3,0,1,0,4,5,1,8,0,7,0
653,Chris Führich,de GER,MF,Stuttgart,de Bundesliga,28.0,1998,2,2,133,1.5,0,0,0,0,0,0,0,0,0.00,,,,,,,,,,,,,,,,,,,,,,,,,653,de GER,MF,de Bundesliga,28-248,1998,1.5,0,0,0,,0.00,0.00,,,0,0,822,de GER,MF,de Bundesliga,28-248,1998,2,133,67,49.3,1.5,2,67,0,0,,0,1.50,3,1,+2,+1.35,+3.98,653,de GER,MF,de Bundesliga,28-248,1998,1.5,0,0,0,0,1,1,9,0,2,0
654,Niclas Füllkrug,de GER,FW,Werder Bremen,de Bundesliga,33.0,1993,3,3,213,2.4,2,0,2,2,0,0,0,0,0.85,,,,,,,,,,,,,,,,,,,,,,,,,654,de GER,FW,de Bundesliga,33-217,1993,2.4,2,5,4,80.0,2.11,1.69,0.40,0.50,0,0,823,de GER,FW,de Bundesliga,33-217,1993,3,213,71,78.9,2.4,3,71,0,0,,0,1.33,3,5,-2,-0.85,-2.42,654,de GER,FW,de Bundesliga,33-217,1993,2.4,0,0,0,10,3,3,0,0,2,0
655,Darnell Furlong,eng ENG,"DF,MF",Ipswich Town,eng Premier League,30.0,1995,1,0,18,0.2,0,0,0,0,0,0,0,0,0.00,,,,,,,,,,,,,,,,,,,,,,,,,655,eng ENG,"DF,MF",eng Premier League,30-318,1995,0.2,0,0,0,,0.00,0.00,,,0,0,825,eng ENG,"DF,MF",eng Premier League,30-318,1995,1,18,18,5.0,0.2,0,,0,1,18,2,0.00,1,1,0,0.00,+0.79,655,eng ENG,"DF,MF",eng Premier League,30-318,1995,0.2,0,0,0,0,0,0,0,1,0,0
656,Noel Futkeu,de GER,FW,Elversberg,de Bundesliga,23.0,2002,2,0,34,0.4,0,1,1,0,0,0,0,0,2.65,,,,,,,,,,,,,,,,,,,,,,,,,656,de GER,FW,de Bundesliga,23-282,2002,0.4,0,1,0,0.0,2.65,0.00,0.00,,0,0,826,de GER,FW,de Bundesliga,23-282,2002,2,34,17,12.6,0.4,0,,0,2,17,1,1.50,2,0,+2,+5.29,+5.68,656,de GER,FW,de Bundesliga,23-282,2002,0.4,0,0,0,0,1,0,0,0,0,0
657,Matteo Gabbia,it ITA,DF,Milan,it Serie A,26.0,1999,2,0,19,0.2,0,0,0,0,0,0,0,0,0.00,,,,,,,,,,,,,,,,,,,,,,,,,657,it ITA,DF,it Serie A,26-328,1999,0.2,0,0,0,,0.00,0.00,,,0,0,827,it ITA,DF,it Serie A,26-328,1999,2,19,10,5.3,0.2,0,,0,2,10,1,3.00,1,1,0,0.00,-0.79,657,it ITA,DF,it Serie A,26-328,1999,0.2,0,0,0,0,0,0,0,0,0,0
658,Tiago Gabriel,pt POR,DF,Lecce,it Serie A,21.0,2004,4,3,242,2.7,2,0,2,2,0,0,0,0,0.74,,,,,,,,,,,,,,,,,,,,,,,,,658,pt POR,DF,it Serie A,21-262,2004,2.7,2,2,2,100.0,0.74,0.74,1.00,1.00,0,0,828,pt POR,DF,it Serie A,21-262,2004,4,242,61,67.2,2.7,3,75,2,1,17,0,1.50,4,6,-2,-0.74,-0.74,658,pt POR,DF,it Serie A,21-262,2004,2.7,0,0,0,2,3,0,0,3,6,0
659,Kouakou Gadou,fr FRA,DF,Dortmund,de Bundesliga,19.0,2007,3,3,242,2.7,0,0,0,0,0,0,0,0,0.00,,,,,,,,,,,,,,,,,,,,,,,,,659,fr FRA,DF,de Bundesliga,19-240,2007,2.7,0,0,0,,0.00,0.00,,,0,0,829,fr FRA,DF,de Bundesliga,19-240,2007,3,242,81,89.6,2.7,3,81,2,0,,0,3.00,6,2,+4,+1.49,-4.94,659,fr FRA,DF,de Bundesliga,19-240,2007,2.7,0,0,0,1,0,0,0,1,3,0
660,Gianluca Gaetano,it ITA,MF,Atalanta,it Serie A,26.0,2000,3,3,269,3.0,0,1,1,0,0,0,0,1,0.33,,,,,,,,,,,,,,,,,,,,,,,,,660,it ITA,MF,it Serie A,26-132,2000,3.0,0,1,1,100.0,0.33,0.33,0.00,0.00,0,0,830,it ITA,MF,it Serie A,26-132,2000,3,269,90,74.7,3.0,3,90,2,0,,0,2.00,4,2,+2,+0.67,+2.65,660,it ITA,MF,it Serie A,26-132,2000,3.0,0,1,0,5,2,0,0,4,3,0
661,Roberto Gagliardini,it ITA,MF,Cagliari,it Serie A,32.0,1994,1,0,17,0.2,0,0,0,0,0,0,0,0,0.00,,,,,,,,,,,,,,,,,,,,,,,,,661,it ITA,MF,it Serie A,32-160,1994,0.2,0,0,0,,0.00,0.00,,,0,0,831,it ITA,MF,it Serie A,32-160,1994,1,17,17,4.7,0.2,0,,0,1,17,1,3.00,0,0,0,0.00,-0.52,661,it ITA,MF,it Serie A,32-160,1994,0.2,0,0,0,0,0,0,0,2,0,0
662,Cody Gakpo,nl NED,MF,Liverpool,eng Premier League,27.0,1999,4,3,281,3.1,1,3,4,1,0,0,0,0,1.28,,,,,,,,,,,,,,,,,,,,,,,,,662,nl NED,MF,eng Premier League,27-130,1999,3.1,1,8,1,12.5,2.56,0.32,0.13,1.00,0,0,832,nl NED,MF,eng Premier League,27-130,1999,4,281,70,78.1,3.1,3,83,2,1,31,0,1.50,5,4,+1,+0.32,-0.82,662,nl NED,MF,eng Premier League,27-130,1999,3.1,0,0,0,4,5,4,9,5,6,0
663,Javi Galán,es ESP,MF,Celta Vigo,es La Liga,31.0,1994,5,3,204,2.3,0,0,0,0,0,0,0,0,0.00,,,,,,,,,,,,,,,,,,,,,,,,,663,es ESP,MF,es La Liga,31-299,1994,2.3,0,0,0,,0.00,0.00,,,0,0,833,es ESP,MF,es La Liga,31-299,1994,5,204,41,37.8,2.3,3,63,0,2,7,1,0.80,2,3,-1,-0.44,+0.09,663,es ESP,MF,es La Liga,31-299,1994,2.3,0,0,0,2,4,1,12,1,4,0
664,Iñigo Ruiz de Galarreta,es ESP,MF,Athletic Club,es La Liga,33.0,1993,4,3,195,2.2,0,1,1,0,0,0,1,0,0.46,,,,,,,,,,,,,,,,,,,,,,,,,664,es ESP,MF,es La Liga,33-039,1993,2.2,0,2,0,0.0,0.92,0.00,0.00,,0,0,834,es ESP,MF,es La Liga,33-039,1993,4,195,49,43.3,2.2,3,62,0,1,8,1,1.75,4,1,+3,+1.38,+2.09,664,es ESP,MF,es La Liga,33-039,1993,2.2,1,0,0,6,3,0,3,3,1,0
665,Nicolas Galazzi,it ITA,MF,Monza,it Serie A,25.0,2000,1,0,21,0.2,0,0,0,0,0,0,0,0,0.00,,,,,,,,,,,,,,,,,,,,,,,,,665,it ITA,MF,it Serie A,25-270,2000,0.2,0,1,0,0.0,4.29,0.00,0.00,,0,0,835,it ITA,MF,it Serie A,25-270,2000,1,21,21,5.8,0.2,0,,0,1,21,0,0.00,0,0,0,0.00,+1.33,665,it ITA,MF,it Serie A,25-270,2000,0.2,0,0,0,0,0,0,0,0,0,0
666,Einar Galilea,es ESP,DF,Málaga,es La Liga,32.0,1994,5,5,377,4.2,0,0,0,0,0,0,1,0,0.00,,,,,,,,,,,,,,,,,,,,,,,,,666,es ESP,DF,es La Liga,32-115,1994,4.2,0,0,0,,0.00,0.00,,,0,0,837,es ESP,DF,es La Liga,32-115,1994,5,377,75,83.8,4.2,5,75,2,0,,0,0.60,1,6,-5,-1.19,+0.04,666,es ESP,DF,es La Liga,32-115,1994,4.2,1,0,0,3,2,0,0,5,2,0
667,Conor Gallagher,eng ENG,MF,Tottenham,eng Premier League,26.0,2000,2,2,128,1.4,0,0,0,0,0,0,1,0,0.00,,,,,,,,,,,,,,,,,,,,,,,,,667,eng ENG,MF,eng Premier League,26-220,2000,1.4,0,1,0,0.0,0.70,0.00,0.00,,0,0,838,eng ENG,MF,eng Premier League,26-220,2000,2,128,64,35.6,1.4,2,64,0,0,,2,0.50,0,2,-2,-1.41,-0.24,667,eng ENG,MF,eng Premier League,26-220,2000,1.4,1,0,0,1,6,0,2,1,3,0
668,Antonino Gallo,it ITA,DF,Lecce,it Serie A,26.0,2000,3,3,225,2.5,0,0,0,0,0,0,0,0,0.00,,,,,,,,,,,,,,,,,,,,,,,,,668,it ITA,DF,it Serie A,26-252,2000,2.5,0,1,0,0.0,0.40,0.00,0.00,,0,0,839,it ITA,DF,it Serie A,26-252,2000,3,225,75,62.5,2.5,3,75,2,0,,1,2.00,4,3,+1,+0.40,+2.40,668,it ITA,DF,it Serie A,26-252,2000,2.5,0,0,0,0,0,0,2,1,3,0
669,Gauthier Gallon,fr FRA,GK,Le Havre,fr Ligue 1,33.0,1993,2,1,91,1.0,0,0,0,0,0,0,0,0,0.00,30,fr FRA,GK,fr Ligue 1,33-144,1993,2,1,91,1.0,0,0.00,1,1,100.0,0,1,0,1,100.0,0,0,0,0,669,fr FRA,GK,fr Ligue 1,33-144,1993,1.0,0,0,0,,0.00,0.00,,,0,0,840,fr FRA,GK,fr Ligue 1,33-144,1993,2,91,46,25.3,1.0,1,90,1,1,1,1,0.50,0,0,0,0.00,+0.67,669,fr FRA,GK,fr Ligue 1,33-144,1993,1.0,0,0,0,0,0,0,0,0,0,0
670,Omri Gandelman,il ISR,MF,Lecce,it Serie A,26.0,2000,1,0,1,0.0,0,0,0,0,0,0,0,0,0.00,,,,,,,,,,,,,,,,,,,,,,,,,670,il ISR,MF,it Serie A,26-121,2000,0.0,0,0,0,,0.00,0.00,,,0,0,842,il ISR,MF,it Serie A,26-121,2000,1,1,1,0.3,0.0,0,,0,1,1,2,3.00,0,0,0,0.00,+0.50,670,il ISR,MF,it Serie A,26-121,2000,0.0,0,0,0,0,0,0,0,0,0,0
671,Ismaëlo Ganiou,fr FRA,DF,Lens,fr Ligue 1,21.0,2005,3,3,258,2.9,1,0,1,1,0,0,0,0,0.35,,,,,,,,,,,,,,,,,,,,,,,,,671,fr FRA,DF,fr Ligue 1,21-184,2005,2.9,1,3,2,66.7,1.05,0.70,0.33,0.50,0,0,843,fr FRA,DF,fr Ligue 1,21-184,2005,3,258,86,71.7,2.9,3,86,2,0,,0,1.00,5,5,0,0.00,-0.88,671,fr FRA,DF,fr Ligue 1,21-184,2005,2.9,0,0,0,1,2,0,2,5,5,0
672,Ben Gannon-Doak,sct SCO,MF,Bournemouth,eng Premier League,20.0,2005,3,0,13,0.1,0,0,0,0,0,0,0,0,0.00,,,,,,,,,,,,,,,,,,,,,,,,,672,sct SCO,MF,eng Premier League,20-307,2005,0.1,0,3,0,0.0,20.77,0.00,0.00,,0,0,844,sct SCO,MF,eng Premier League,20-307,2005,3,13,4,3.6,0.1,0,,0,3,4,1,0.67,0,1,-1,-6.92,-6.92,672,sct SCO,MF,eng Premier League,20-307,2005,0.1,0,0,0,0,0,0,3,0,1,0
673,Aleix García,es ESP,MF,Leverkusen,de Bundesliga,29.0,1997,3,3,270,3.0,0,0,0,0,0,0,0,0,0.00,,,,,,,,,,,,,,,,,,,,,,,,,673,es ESP,MF,de Bundesliga,29-078,1997,3.0,0,4,2,50.0,1.33,0.67,0.00,0.00,0,0,845,es ESP,MF,de Bundesliga,29-078,1997,3,270,90,100.0,3.0,3,90,3,0,,0,1.33,8,5,+3,+1.00,,673,es ESP,MF,de Bundesliga,29-078,1997,3.0,0,0,0,2,1,0,25,3,1,0
674,Álvaro García,es ESP,"MF,FW",Rayo Vallecano,es La Liga,33.0,1992,5,4,358,4.0,1,1,2,1,0,0,1,0,0.50,,,,,,,,,,,,,,,,,,,,,,,,,674,es ESP,"MF,FW",es La Liga,33-322,1992,4.0,1,5,3,60.0,1.26,0.75,0.20,0.33,0,0,846,es ESP,"MF,FW",es La Liga,33-322,1992,5,358,72,79.6,4.0,4,81,2,1,36,0,0.80,7,13,-6,-1.51,-1.51,674,es ESP,"MF,FW",es La Liga,33-322,1992,4.0,1,0,0,3,0,2,14,4,3,0
675,Andrés García,es ESP,"MF,FW",Getafe,es La Liga,23.0,2003,4,3,311,3.5,0,0,0,0,0,0,0,0,0.00,,,,,,,,,,,,,,,,,,,,,,,,,675,es ESP,"MF,FW",es La Liga,23-219,2003,3.5,0,3,0,0.0,0.87,0.00,0.00,,0,0,847,es ESP,"MF,FW",es La Liga,23-219,2003,4,311,78,69.1,3.5,3,76,0,1,83,0,1.00,2,3,-1,-0.29,+1.01,675,es ESP,"MF,FW",es La Liga,23-219,2003,3.5,0,0,0,0,1,0,13,2,7,0
676,Eric García,es ESP,DF,Barcelona,es La Liga,25.0,2001,4,4,287,3.2,0,0,0,0,0,0,0,0,0.00,,,,,,,,,,,,,,,,,,,,,,,,,676,es ESP,DF,es La Liga,25-248,2001,3.2,0,3,0,0.0,0.94,0.00,0.00,,0,0,848,es ESP,DF,es La Liga,25-248,2001,4,287,72,63.8,3.2,4,72,2,0,,1,3.00,12,2,+10,+3.14,-0.73,676,es ESP,DF,es La Liga,25-248,2001,3.2,0,0,0,2,0,0,1,3,9,0
677,Fran Garcia,es ESP,DF,Real Betis,es La Liga,27.0,1999,4,3,302,3.4,0,1,1,0,0,0,1,0,0.30,,,,,,,,,,,,,,,,,,,,,,,,,677,es ESP,DF,es La Liga,27-031,1999,3.4,0,0,0,,0.00,0.00,,,0,0,849,es ESP,DF,es La Liga,27-031,1999,4,302,76,83.9,3.4,3,90,3,1,32,0,2.25,5,5,0,0.00,0.00,677,es ESP,DF,es La Liga,27-031,1999,3.4,1,0,0,2,4,1,13,3,3,0
678,Gonzalo García,es ESP,FW,Fulham,eng Premier League,22.0,2004,4,4,346,3.8,1,0,1,1,0,0,0,0,0.26,,,,,,,,,,,,,,,,,,,,,,,,,678,es ESP,FW,eng Premier League,22-174,2004,3.8,1,12,2,16.7,3.12,0.52,0.08,0.50,0,0,850,es ESP,FW,eng Premier League,22-174,2004,4,346,87,96.1,3.8,4,87,3,0,,0,0.25,4,7,-3,-0.78,-0.78,678,es ESP,FW,eng Premier League,22-174,2004,3.8,0,0,0,6,3,1,3,1,1,0
679,Hugo García,es ESP,MF,Celta Vigo,es La Liga,19.0,2006,1,0,17,0.2,0,0,0,0,0,0,0,0,0.00,,,,,,,,,,,,,,,,,,,,,,,,,679,es ESP,MF,es La Liga,19-318,2006,0.2,0,1,0,0.0,5.29,0.00,0.00,,0,0,851,es ESP,MF,es La Liga,19-318,2006,1,17,17,3.1,0.2,0,,0,1,17,5,1.00,0,1,-1,-5.29,-4.95,679,es ESP,MF,es La Liga,19-318,2006,0.2,0,0,0,0,1,0,0,1,1,0
680,Joan García,es ESP,GK,Barcelona,es La Liga,25.0,2001,5,5,450,5.0,0,0,0,0,0,0,0,0,0.00,31,es ESP,GK,es La Liga,25-133,2001,5,5,450,5.0,4,0.80,15,11,73.3,5,0,0,3,60.0,0,0,0,0,680,es ESP,GK,es La Liga,25-133,2001,5.0,0,0,0,,0.00,0.00,,,0,0,852,es ESP,GK,es La Liga,25-133,2001,5,450,90,100.0,5.0,5,90,5,0,,0,3.00,21,4,+17,+3.40,,680,es ESP,GK,es La Liga,25-133,2001,5.0,0,0,0,0,1,0,0,0,0,0
681,Pablo Garcia,es ESP,MF,Racing Sant,es La Liga,20.0,2006,2,2,153,1.7,1,0,1,1,0,0,0,0,0.59,,,,,,,,,,,,,,,,,,,,,,,,,681,es ESP,MF,es La Liga,20-093,2006,1.7,1,6,3,50.0,3.53,1.76,0.17,0.33,0,0,853,es ESP,MF,es La Liga,20-093,2006,2,153,77,34.0,1.7,2,77,0,0,,0,1.50,4,4,0,0.00,0.00,681,es ESP,MF,es La Liga,20-093,2006,1.7,0,0,0,0,3,0,0,0,1,0
682,Pablo Garcia,es ESP,FW,Real Betis,es La Liga,20.0,2006,3,0,54,0.6,1,0,1,1,0,0,1,0,1.67,,,,,,,,,,,,,,,,,,,,,,,,,682,es ESP,FW,es La Liga,20-093,2006,0.6,1,3,1,33.3,5.00,1.67,0.33,1.00,0,0,854,es ESP,FW,es La Liga,20-093,2006,3,54,18,15.0,0.6,0,,0,3,18,0,2.00,1,2,-1,-1.67,-1.96,682,es ESP,FW,es La Liga,20-093,2006,0.6,1,0,0,3,4,0,0,0,0,0
683,Rubén García,es ESP,MF,Osasuna,es La Liga,33.0,1993,5,4,267,3.0,0,0,0,0,0,0,0,0,0.00,,,,,,,,,,,,,,,,,,,,,,,,,683,es ESP,MF,es La Liga,33-062,1993,3.0,0,6,3,50.0,2.02,1.01,0.00,0.00,0,0,855,es ESP,MF,es La Liga,33-062,1993,5,267,53,59.3,3.0,4,59,0,1,33,0,1.40,3,5,-2,-0.67,-0.18,683,es ESP,MF,es La Liga,33-062,1993,3.0,0,0,0,2,3,0,18,1,7,0
684,Ulisses Garcia,ch SUI,"DF,MF",Marseille,fr Ligue 1,30.0,1996,1,0,1,0.0,0,0,0,0,0,0,0,0,0.00,,,,,,,,,,,,,,,,,,,,,,,,,684,ch SUI,"DF,MF",fr Ligue 1,30-246,1996,0.0,0,0,0,,0.00,0.00,,,0,0,856,ch SUI,"DF,MF",fr Ligue 1,30-246,1996,1,1,1,0.3,0.0,0,,0,1,1,3,0.00,0,0,0,0.00,0.00,684,ch SUI,"DF,MF",fr Ligue 1,30-246,1996,0.0,0,0,0,0,0,0,1,0,0,0
685,Víctor García,es ESP,MF,Levante,es La Liga,28.0,1997,4,2,197,2.2,0,0,0,0,0,0,0,0,0.00,,,,,,,,,,,,,,,,,,,,,,,,,685,es ESP,MF,es La Liga,28-363,1997,2.2,0,1,0,0.0,0.46,0.00,0.00,,0,0,857,es ESP,MF,es La Liga,28-363,1997,4,197,49,43.8,2.2,2,83,1,2,16,1,1.00,3,6,-3,-1.37,-1.73,685,es ESP,MF,es La Liga,28-363,1997,2.2,0,0,0,3,4,0,10,2,2,0
686,Alejandro Garnacho,ar ARG,MF,Aston Villa,eng Premier League,22.0,2004,3,0,34,0.4,0,0,0,0,0,0,0,0,0.00,,,,,,,,,,,,,,,,,,,,,,,,,686,ar ARG,MF,eng Premier League,22-075,2004,0.4,0,0,0,,0.00,0.00,,,0,0,858,ar ARG,MF,eng Premier League,22-075,2004,3,34,11,9.4,0.4,0,,0,3,11,1,0.33,0,0,0,0.00,+1.66,686,ar ARG,MF,eng Premier League,22-075,2004,0.4,0,0,0,0,0,1,0,0,0,0
687,James Garner,eng ENG,MF,Everton,eng Premier League,25.0,2001,4,3,239,2.7,0,0,0,0,0,0,2,0,0.00,,,,,,,,,,,,,,,,,,,,,,,,,687,eng ENG,MF,eng Premier League,25-185,2001,2.7,0,1,1,100.0,0.38,0.38,0.00,0.00,0,0,859,eng ENG,MF,eng Premier League,25-185,2001,4,239,60,66.4,2.7,3,76,1,1,12,0,1.50,0,2,-2,-0.75,-3.73,687,eng ENG,MF,eng Premier League,25-185,2001,2.7,2,0,0,4,5,0,8,2,8,0
688,Rafael Garrido,,DF,Málaga,es La Liga,,,5,5,426,4.7,0,0,0,0,0,0,1,0,0.00,,,,,,,,,,,,,,,,,,,,,,,,,688,,DF,es La Liga,,,4.7,0,1,0,0.0,0.21,0.00,0.00,,0,0,861,,DF,es La Liga,,,5,426,85,94.7,4.7,5,85,4,0,,0,0.60,2,8,-6,-1.27,-1.27,688,,DF,es La Liga,,,4.7,1,0,0,4,7,2,5,5,3,0
689,Federico Gatti,it ITA,DF,Juventus,it Serie A,28.0,1998,1,0,3,0.0,1,0,1,1,0,0,1,0,30.00,,,,,,,,,,,,,,,,,,,,,,,,,689,it ITA,DF,it Serie A,28-082,1998,0.0,1,1,1,100.0,30.00,30.00,1.00,1.00,0,0,862,it ITA,DF,it Serie A,28-082,1998,1,3,3,0.8,0.0,0,,0,1,3,2,1.00,1,0,+1,+30.00,+29.75,689,it ITA,DF,it Serie A,28-082,1998,0.0,1,0,0,0,0,0,0,0,0,0
690,Gavi,es ESP,MF,Barcelona,es La Liga,22.0,2004,1,1,44,0.5,0,0,0,0,0,0,0,0,0.00,,,,,,,,,,,,,,,,,,,,,,,,,690,es ESP,MF,es La Liga,22-040,2004,0.5,0,0,0,,0.00,0.00,,,0,0,863,es ESP,MF,es La Liga,22-040,2004,1,44,44,9.8,0.5,1,44,0,0,,2,3.00,1,0,+1,+2.05,-1.50,690,es ESP,MF,es La Liga,22-040,2004,0.5,0,0,0,2,2,0,0,1,0,0
691,Yann Gboho,fr FRA,MF,Toulouse,fr Ligue 1,25.0,2001,2,2,169,1.9,0,1,1,0,0,0,0,0,0.53,,,,,,,,,,,,,,,,,,,,,,,,,691,fr FRA,MF,fr Ligue 1,25-243,2001,1.9,0,2,0,0.0,1.07,0.00,0.00,,0,0,864,fr FRA,MF,fr Ligue 1,25-243,2001,2,169,85,46.9,1.9,2,85,1,0,,0,0.50,2,3,-1,-0.53,+0.41,691,fr FRA,MF,fr Ligue 1,25-243,2001,1.9,0,0,0,3,6,1,2,2,0,0
692,David de Gea,es ESP,GK,Fiorentina,it Serie A,35.0,1990,4,4,360,4.0,0,0,0,0,0,0,0,0,0.00,32,es ESP,GK,it Serie A,35-311,1990,4,4,360,4.0,11,2.75,21,10,47.6,1,0,3,0,0.0,0,0,0,0,692,es ESP,GK,it Serie A,35-311,1990,4.0,0,0,0,,0.00,0.00,,,0,0,865,es ESP,GK,it Serie A,35-311,1990,4,360,90,100.0,4.0,4,90,4,0,,0,0.75,5,11,-6,-1.50,,692,es ESP,GK,it Serie A,35-311,1990,4.0,0,0,0,0,2,0,0,0,0,0
693,Valentin Gendrey,fr FRA,DF,Hoffenheim,de Bundesliga,26.0,2000,1,0,22,0.2,0,0,0,0,0,0,0,0,0.00,,,,,,,,,,,,,,,,,,,,,,,,,693,fr FRA,DF,de Bundesliga,26-085,2000,0.2,0,0,0,,0.00,0.00,,,0,0,866,fr FRA,DF,de Bundesliga,26-085,2000,1,22,22,8.1,0.2,0,,0,1,22,2,3.00,0,0,0,0.00,+0.36,693,fr FRA,DF,de Bundesliga,26-085,2000,0.2,0,0,0,0,0,0,1,1,1,0
694,Tyrique George,eng ENG,MF,Everton,eng Premier League,20.0,2006,4,4,298,3.3,1,0,1,1,0,0,0,0,0.30,,,,,,,,,,,,,,,,,,,,,,,,,694,eng ENG,MF,eng Premier League,20-222,2006,3.3,1,9,2,22.2,2.72,0.60,0.11,0.50,0,0,867,eng ENG,MF,eng Premier League,20-222,2006,4,298,75,82.8,3.3,4,75,1,0,,0,1.50,4,3,+1,+0.30,-1.15,694,eng ENG,MF,eng Premier League,20-222,2006,3.3,0,0,0,1,4,2,9,3,1,0
695,Alec Georgen,fr FRA,DF,Lorient,fr Ligue 1,27.0,1998,1,0,19,0.2,0,0,0,0,0,0,0,0,0.00,,,,,,,,,,,,,,,,,,,,,,,,,695,fr FRA,DF,fr Ligue 1,27-362,1998,0.2,0,0,0,,0.00,0.00,,,0,0,868,fr FRA,DF,fr Ligue 1,27-362,1998,1,19,19,5.3,0.2,0,,0,1,19,3,1.00,0,0,0,0.00,0.00,695,fr FRA,DF,fr Ligue 1,27-362,1998,0.2,0,0,0,0,0,0,1,1,0,0
696,Beñat Gerenabarrena,es ESP,MF,Athletic Club,es La Liga,23.0,2003,5,4,373,4.1,0,0,0,0,0,0,2,0,0.00,,,,,,,,,,,,,,,,,,,,,,,,,696,es ESP,MF,es La Liga,23-169,2003,4.1,0,1,1,100.0,0.24,0.24,0.00,0.00,0,0,869,es ESP,MF,es La Liga,23-169,2003,5,373,75,82.9,4.1,4,88,3,1,21,0,1.40,7,5,+2,+0.48,+1.65,696,es ESP,MF,es La Liga,23-169,2003,4.1,2,0,0,11,6,0,7,12,8,0
697,Willem Geubbels,fr FRA,FW,Lecce,it Serie A,25.0,2001,2,2,126,1.4,0,0,0,0,0,0,0,0,0.00,,,,,,,,,,,,,,,,,,,,,,,,,697,fr FRA,FW,it Serie A,25-029,2001,1.4,0,2,1,50.0,1.43,0.71,0.00,0.00,0,0,871,fr FRA,FW,it Serie A,25-029,2001,2,126,63,35.0,1.4,2,63,0,0,,0,1.50,1,3,-2,-1.43,-1.43,697,fr FRA,FW,it Serie A,25-029,2001,1.4,0,0,0,4,1,1,0,0,1,0
698,Farés Ghedjemis,dz ALG,MF,Frosinone,it Serie A,24.0,2002,2,1,105,1.2,0,0,0,0,0,0,0,0,0.00,,,,,,,,,,,,,,,,,,,,,,,,,698,dz ALG,MF,it Serie A,24-008,2002,1.2,0,4,2,50.0,3.43,1.71,0.00,0.00,0,0,872,dz ALG,MF,it Serie A,24-008,2002,2,105,53,29.2,1.2,1,71,0,1,34,0,2.00,2,3,-1,-0.86,-2.27,698,dz ALG,MF,it Serie A,24-008,2002,1.2,0,0,0,1,3,1,5,0,2,0
699,Daniele Ghilardi,it ITA,DF,Roma,it Serie A,23.0,2003,2,1,119,1.3,0,0,0,0,0,0,0,0,0.00,,,,,,,,,,,,,,,,,,,,,,,,,699,it ITA,DF,it Serie A,23-251,2003,1.3,0,0,0,,0.00,0.00,,,0,0,874,it ITA,DF,it Serie A,23-251,2003,2,119,60,44.1,1.3,1,90,1,1,29,1,3.00,6,0,+6,+4.54,+2.75,699,it ITA,DF,it Serie A,23-251,2003,1.3,0,0,0,1,2,0,1,1,4,0
700,Andrea Ghion,it ITA,MF,Sassuolo,it Serie A,26.0,2000,1,0,11,0.1,0,0,0,0,0,0,0,0,0.00,,,,,,,,,,,,,,,,,,,,,,,,,700,it ITA,MF,it Serie A,26-203,2000,0.1,0,0,0,,0.00,0.00,,,0,0,875,it ITA,MF,it Serie A,26-203,2000,1,11,11,3.1,0.1,0,,0,1,11,3,1.00,0,1,-1,-8.18,-8.70,700,it ITA,MF,it Serie A,26-203,2000,0.1,0,0,0,0,0,0,0,0,0,0
701,Morgan Gibbs-White,eng ENG,MF,Nottingham,eng Premier League,26.0,2000,4,4,360,4.0,1,2,3,0,1,1,0,0,0.50,,,,,,,,,,,,,,,,,,,,,,,,,701,eng ENG,MF,eng Premier League,26-230,2000,4.0,1,9,3,33.3,2.25,0.75,0.11,0.33,1,1,876,eng ENG,MF,eng Premier League,26-230,2000,4,360,90,100.0,4.0,4,90,4,0,,0,1.25,4,4,0,0.00,,701,eng ENG,MF,eng Premier League,26-230,2000,4.0,0,0,0,4,5,2,17,1,1,0
702,Teun Gijselhart,nl NED,MF,Dep. A Coruña,es La Liga,21.0,2005,1,0,27,0.3,0,0,0,0,0,0,0,0,0.00,,,,,,,,,,,,,,,,,,,,,,,,,702,nl NED,MF,es La Liga,21-161,2005,0.3,0,0,0,,0.00,0.00,,,0,0,877,nl NED,MF,es La Liga,21-161,2005,1,27,27,6.0,0.3,0,,0,1,27,3,3.00,0,0,0,0.00,-0.64,702,nl NED,MF,es La Liga,21-161,2005,0.3,0,0,0,1,0,0,0,0,1,0
703,Mario Gila,es ESP,DF,Milan,it Serie A,26.0,2000,4,4,338,3.8,0,0,0,0,0,0,1,0,0.00,,,,,,,,,,,,,,,,,,,,,,,,,703,es ESP,DF,it Serie A,26-016,2000,3.8,0,1,1,100.0,0.27,0.27,0.00,0.00,0,0,879,es ESP,DF,it Serie A,26-016,2000,4,338,85,93.9,3.8,4,85,1,0,,0,2.00,6,2,+4,+1.07,+5.16,703,es ESP,DF,it Serie A,26-016,2000,3.8,1,0,0,5,3,0,2,3,4,0
704,Ryan Giles,eng ENG,DF,Hull City,eng Premier League,26.0,2000,4,4,354,3.9,0,1,1,0,0,0,0,0,0.25,,,,,,,,,,,,,,,,,,,,,,,,,704,eng ENG,DF,eng Premier League,26-231,2000,3.9,0,1,0,0.0,0.25,0.00,0.00,,0,0,880,eng ENG,DF,eng Premier League,26-231,2000,4,354,89,98.3,3.9,4,89,3,0,,0,2.00,5,2,+3,+0.76,+0.76,704,eng ENG,DF,eng Premier League,26-231,2000,3.9,0,0,0,0,1,0,28,3,4,0
705,Billy Gilmour,sct SCO,MF,Napoli,it Serie A,25.0,2001,2,1,102,1.1,0,0,0,0,0,0,0,0,0.00,,,,,,,,,,,,,,,,,,,,,,,,,705,sct SCO,MF,it Serie A,25-095,2001,1.1,0,1,0,0.0,0.88,0.00,0.00,,0,0,882,sct SCO,MF,it Serie A,25-095,2001,2,102,51,28.3,1.1,1,90,1,1,12,2,1.50,1,2,-1,-0.88,-1.58,705,sct SCO,MF,it Serie A,25-095,2001,1.1,0,0,0,0,2,0,0,0,0,0
706,Gvidas Gineitis,lt LTU,MF,Torino,it Serie A,22.0,2004,3,3,225,2.5,0,1,1,0,0,0,1,0,0.40,,,,,,,,,,,,,,,,,,,,,,,,,706,lt LTU,MF,it Serie A,22-152,2004,2.5,0,1,0,0.0,0.40,0.00,0.00,,0,0,883,lt LTU,MF,it Serie A,22-152,2004,3,225,75,83.3,2.5,3,75,1,0,,0,1.00,2,4,-2,-0.80,-2.80,706,lt LTU,MF,it Serie A,22-152,2004,2.5,1,0,0,2,6,0,6,0,5,0
707,Matthias Ginter,de GER,DF,Freiburg,de Bundesliga,32.0,1994,3,3,270,3.0,0,3,3,0,0,0,0,0,1.00,,,,,,,,,,,,,,,,,,,,,,,,,707,de GER,DF,de Bundesliga,32-238,1994,3.0,0,5,0,0.0,1.67,0.00,0.00,,0,0,884,de GER,DF,de Bundesliga,32-238,1994,3,270,90,100.0,3.0,3,90,3,0,,0,3.00,10,1,+9,+3.00,,707,de GER,DF,de Bundesliga,32-238,1994,3.0,0,0,0,2,7,0,1,4,4,0
708,Olivier Giroud,fr FRA,FW,Lille,fr Ligue 1,39.0,1986,4,3,229,2.5,1,2,3,1,0,0,1,0,1.18,,,,,,,,,,,,,,,,,,,,,,,,,708,fr FRA,FW,fr Ligue 1,39-349,1986,2.5,1,3,2,66.7,1.18,0.79,0.33,0.50,0,0,886,fr FRA,FW,fr Ligue 1,39-349,1986,4,229,57,63.6,2.5,3,70,1,1,20,0,2.50,5,2,+3,+1.18,-0.20,708,fr FRA,FW,fr Ligue 1,39-349,1986,2.5,1,0,0,1,2,4,0,0,0,0
709,Gnangoro,es ESP,MF,Rayo Vallecano,es La Liga,22.0,2004,3,2,156,1.7,0,0,0,0,0,0,0,0,0.00,,,,,,,,,,,,,,,,,,,,,,,,,709,es ESP,MF,es La Liga,22-093,2004,1.7,0,1,1,100.0,0.58,0.58,0.00,0.00,0,0,889,es ESP,MF,es La Liga,22-093,2004,3,156,52,34.7,1.7,2,61,0,1,34,0,1.00,2,6,-4,-2.31,-1.70,709,es ESP,MF,es La Liga,22-093,2004,1.7,0,0,0,3,2,0,0,5,2,0
710,Wilfried Gnonto,it ITA,"FW,MF",Fiorentina,it Serie A,22.0,2003,2,0,76,0.8,0,0,0,0,0,0,0,0,0.00,,,,,,,,,,,,,,,,,,,,,,,,,710,it ITA,"FW,MF",it Serie A,22-313,2003,0.8,0,3,1,33.3,3.55,1.18,0.00,0.00,0,0,890,it ITA,"FW,MF",it Serie A,22-313,2003,2,76,38,21.1,0.8,0,,0,2,38,0,1.50,3,3,0,0.00,+1.90,710,it ITA,"FW,MF",it Serie A,22-313,2003,0.8,0,0,0,1,0,0,4,0,0,0
711,Mika Godts,be BEL,"FW,MF",Paris SG,fr Ligue 1,21.0,2005,4,0,110,1.2,0,1,1,0,0,0,0,0,0.82,,,,,,,,,,,,,,,,,,,,,,,,,711,be BEL,"FW,MF",fr Ligue 1,21-099,2005,1.2,0,4,0,0.0,3.27,0.00,0.00,,0,0,892,be BEL,"FW,MF",fr Ligue 1,21-099,2005,4,110,28,30.6,1.2,0,,0,4,28,0,1.25,4,2,+2,+1.64,+2.36,711,be BEL,"FW,MF",fr Ligue 1,21-099,2005,1.2,0,0,0,2,3,1,5,0,2,0
712,Aleksandr Golovin,ru RUS,MF,Monaco,fr Ligue 1,30.0,1996,4,4,346,3.8,0,2,2,0,0,0,2,0,0.52,,,,,,,,,,,,,,,,,,,,,,,,,712,ru RUS,MF,fr Ligue 1,30-107,1996,3.8,0,4,2,50.0,1.04,0.52,0.00,0.00,0,0,897,ru RUS,MF,fr Ligue 1,30-107,1996,4,346,87,96.1,3.8,4,87,2,0,,0,2.50,6,2,+4,+1.04,+1.04,712,ru RUS,MF,fr Ligue 1,30-107,1996,3.8,2,0,0,5,2,0,12,1,3,0
713,Angel Gomes,eng ENG,MF,Marseille,fr Ligue 1,26.0,2000,4,4,309,3.4,0,1,1,0,0,0,0,0,0.29,,,,,,,,,,,,,,,,,,,,,,,,,713,eng ENG,MF,fr Ligue 1,26-014,2000,3.4,0,8,2,25.0,2.33,0.58,0.00,0.00,0,0,899,eng ENG,MF,fr Ligue 1,26-014,2000,4,309,77,85.8,3.4,4,77,0,0,,0,0.75,5,5,0,0.00,0.00,713,eng ENG,MF,fr Ligue 1,26-014,2000,3.4,0,0,0,4,4,0,8,3,2,0
714,João Gomes,br BRA,MF,Aston Villa,eng Premier League,25.0,2001,1,1,39,0.4,0,0,0,0,0,0,1,1,0.00,,,,,,,,,,,,,,,,,,,,,,,,,714,br BRA,MF,eng Premier League,25-214,2001,0.4,0,0,0,,0.00,0.00,,,0,0,900,br BRA,MF,eng Premier League,25-214,2001,1,39,39,10.8,0.4,1,39,0,0,,0,0.00,0,4,-4,-9.23,-8.67,714,br BRA,MF,eng Premier League,25-214,2001,0.4,1,1,0,1,1,0,0,0,2,0
715,Diego Gómez,py PAR,MF,Brighton,eng Premier League,23.0,2003,4,4,348,3.9,0,1,1,0,0,0,0,0,0.26,,,,,,,,,,,,,,,,,,,,,,,,,715,py PAR,MF,eng Premier League,23-171,2003,3.9,0,14,4,28.6,3.62,1.03,0.00,0.00,0,0,901,py PAR,MF,eng Premier League,23-171,2003,4,348,87,96.7,3.9,4,87,2,0,,0,1.75,12,5,+7,+1.81,-5.69,715,py PAR,MF,eng Premier League,23-171,2003,3.9,0,0,0,4,0,2,9,3,6,0
716,Moi Gómez,es ESP,MF,Osasuna,es La Liga,32.0,1994,4,3,238,2.6,0,1,1,0,0,0,0,0,0.38,,,,,,,,,,,,,,,,,,,,,,,,,716,es ESP,MF,es La Liga,32-083,1994,2.6,0,0,0,,0.00,0.00,,,0,0,903,es ESP,MF,es La Liga,32-083,1994,4,238,60,52.9,2.6,3,74,0,1,17,0,1.75,2,3,-1,-0.38,+0.47,716,es ESP,MF,es La Liga,32-083,1994,2.6,0,0,0,1,7,0,3,3,1,0
717,Sergio Gómez,es ESP,DF,Real Sociedad,es La Liga,26.0,2000,6,6,521,5.8,0,0,0,0,0,0,1,0,0.00,,,,,,,,,,,,,,,,,,,,,,,,,717,es ESP,DF,es La Liga,26-010,2000,5.8,0,4,1,25.0,0.69,0.17,0.00,0.00,0,0,905,es ESP,DF,es La Liga,26-010,2000,6,521,87,96.5,5.8,6,87,5,0,,0,1.17,6,11,-5,-0.86,-0.86,717,es ESP,DF,es La Liga,26-010,2000,5.8,1,0,0,3,1,1,35,5,9,0
718,Unai Gómez,es ESP,MF,Udinese,it Serie A,23.0,2003,3,2,110,1.2,0,0,0,0,0,0,1,0,0.00,,,,,,,,,,,,,,,,,,,,,,,,,718,es ESP,MF,it Serie A,23-112,2003,1.2,0,3,1,33.3,2.45,0.82,0.00,0.00,0,0,906,es ESP,MF,it Serie A,23-112,2003,3,110,37,40.7,1.2,2,52,0,1,6,0,1.33,3,1,+2,+1.64,+2.76,718,es ESP,MF,it Serie A,23-112,2003,1.2,1,0,0,2,3,0,4,0,1,0
719,Valentín Gómez,ar ARG,DF,Real Betis,es La Liga,23.0,2003,1,1,90,1.0,0,0,0,0,0,0,0,0,0.00,,,,,,,,,,,,,,,,,,,,,,,,,719,ar ARG,DF,es La Liga,23-080,2003,1.0,0,0,0,,0.00,0.00,,,0,0,907,ar ARG,DF,es La Liga,23-080,2003,1,90,90,25.0,1.0,1,90,1,0,,3,3.00,1,0,+1,+1.00,+1.33,719,ar ARG,DF,es La Liga,23-080,2003,1.0,0,0,0,1,0,0,0,2,3,0
720,Iron Gomis,fr FRA,MF,Troyes,fr Ligue 1,26.0,1999,4,2,182,2.0,0,0,0,0,0,0,0,0,0.00,,,,,,,,,,,,,,,,,,,,,,,,,720,fr FRA,MF,fr Ligue 1,26-310,1999,2.0,0,3,0,0.0,1.48,0.00,0.00,,0,0,908,fr FRA,MF,fr Ligue 1,26-310,1999,4,182,46,50.6,2.0,2,80,0,2,12,0,1.00,3,5,-2,-0.99,+0.53,720,fr FRA,MF,fr Ligue 1,26-310,1999,2.0,0,0,0,4,3,0,1,1,3,0
721,Tidiam Gomis,fr FRA,FW,RB Leipzig,de Bundesliga,20.0,2006,3,2,164,1.8,1,2,3,1,0,0,0,0,1.65,,,,,,,,,,,,,,,,,,,,,,,,,721,fr FRA,FW,de Bundesliga,20-037,2006,1.8,1,7,2,28.6,3.84,1.10,0.14,0.50,0,0,909,fr FRA,FW,de Bundesliga,20-037,2006,3,164,55,60.7,1.8,2,68,0,1,28,0,2.00,7,2,+5,+2.74,+1.89,721,fr FRA,FW,de Bundesliga,20-037,2006,1.8,0,0,0,0,3,0,3,0,2,0
722,Pedro Gonçalves,pt POR,"FW,MF",Fiorentina,it Serie A,28.0,1998,2,0,23,0.3,0,0,0,0,0,0,0,0,0.00,,,,,,,,,,,,,,,,,,,,,,,,,722,pt POR,"FW,MF",it Serie A,28-078,1998,0.3,0,0,0,,0.00,0.00,,,0,0,910,pt POR,"FW,MF",it Serie A,28-078,1998,2,23,12,6.4,0.3,0,,0,2,12,0,1.50,1,2,-1,-3.91,-2.58,722,pt POR,"FW,MF",it Serie A,28-078,1998,0.3,0,0,0,0,0,0,0,1,0,0
723,Facundo González,uy URU,DF,Racing Sant,es La Liga,23.0,2003,4,2,161,1.8,0,0,0,0,0,0,1,0,0.00,,,,,,,,,,,,,,,,,,,,,,,,,723,uy URU,DF,es La Liga,23-100,2003,1.8,0,0,0,,0.00,0.00,,,0,0,911,uy URU,DF,es La Liga,23-100,2003,4,161,40,35.8,1.8,2,72,1,2,9,1,1.00,5,5,0,0.00,0.00,723,uy URU,DF,es La Liga,23-100,2003,1.8,1,0,0,6,3,0,0,3,1,0
724,Hugo González,es ESP,FW,Celta Vigo,es La Liga,23.0,2003,3,3,188,2.1,0,2,2,0,0,0,0,0,0.96,,,,,,,,,,,,,,,,,,,,,,,,,724,es ESP,FW,es La Liga,23-219,2003,2.1,0,7,3,42.9,3.35,1.44,0.00,0.00,0,0,912,es ESP,FW,es La Liga,23-219,2003,3,188,63,34.8,2.1,3,63,0,0,,3,0.67,2,3,-1,-0.48,+0.03,724,es ESP,FW,es La Liga,23-219,2003,2.1,0,0,0,3,4,0,9,0,0,0
725,Nicolás González,ar ARG,MF,Juventus,it Serie A,28.0,1998,3,2,156,1.7,1,0,1,1,0,0,0,0,0.58,,,,,,,,,,,,,,,,,,,,,,,,,725,ar ARG,MF,it Serie A,28-161,1998,1.7,1,8,3,37.5,4.62,1.73,0.13,0.33,0,0,914,ar ARG,MF,it Serie A,28-161,1998,3,156,52,43.3,1.7,2,61,0,1,34,1,1.33,2,0,+2,+1.15,+1.15,725,ar ARG,MF,it Serie A,28-161,1998,1.7,0,0,0,0,5,0,1,4,2,0
726,Nicolás González,es ESP,MF,Newcastle,eng Premier League,24.0,2002,2,2,146,1.6,0,0,0,0,0,0,1,0,0.00,,,,,,,,,,,,,,,,,,,,,,,,,726,es ESP,MF,eng Premier League,24-254,2002,1.6,0,0,0,,0.00,0.00,,,0,0,915,es ESP,MF,eng Premier League,24-254,2002,2,146,73,54.1,1.6,2,73,0,0,,0,2.00,2,2,0,0.00,-1.45,726,es ESP,MF,eng Premier League,24-254,2002,1.6,1,0,0,8,3,0,1,1,0,0
727,Urko González,es ESP,MF,Espanyol,es La Liga,25.0,2001,5,4,312,3.5,0,0,0,0,0,0,2,0,0.00,,,,,,,,,,,,,,,,,,,,,,,,,727,es ESP,MF,es La Liga,25-178,2001,3.5,0,0,0,,0.00,0.00,,,0,0,917,es ESP,MF,es La Liga,25-178,2001,5,312,62,69.3,3.5,4,70,1,1,32,0,1.40,7,3,+4,+1.15,+1.81,727,es ESP,MF,es La Liga,25-178,2001,3.5,2,0,0,4,4,0,0,3,3,0
728,Anthony Gordon,eng ENG,"FW,MF",Barcelona,es La Liga,25.0,2001,5,4,308,3.4,0,4,4,0,0,0,0,0,1.17,,,,,,,,,,,,,,,,,,,,,,,,,728,eng ENG,"FW,MF",es La Liga,25-202,2001,3.4,0,9,4,44.4,2.63,1.17,0.00,0.00,0,0,918,eng ENG,"FW,MF",es La Liga,25-202,2001,5,308,62,68.4,3.4,4,71,0,1,26,0,3.00,14,2,+12,+3.51,+0.34,728,eng ENG,"FW,MF",es La Liga,25-202,2001,3.4,0,0,0,1,3,2,3,0,2,0
729,Jon Gorrotxategi,es ESP,MF,Real Sociedad,es La Liga,24.0,2002,4,0,65,0.7,0,0,0,0,0,0,0,0,0.00,,,,,,,,,,,,,,,,,,,,,,,,,729,es ESP,MF,es La Liga,24-224,2002,0.7,0,0,0,,0.00,0.00,,,0,0,920,es ESP,MF,es La Liga,24-224,2002,4,65,16,12.0,0.7,0,,0,4,16,0,1.75,1,4,-3,-4.15,-3.77,729,es ESP,MF,es La Liga,24-224,2002,0.7,0,0,0,0,0,0,1,0,0,0
730,Olaf Gorter,nl NED,MF,Lecce,it Serie A,21.0,2005,2,2,105,1.2,1,0,1,1,0,0,0,0,0.86,,,,,,,,,,,,,,,,,,,,,,,,,730,nl NED,MF,it Serie A,21-226,2005,1.2,1,1,1,100.0,0.86,0.86,1.00,1.00,0,0,921,nl NED,MF,it Serie A,21-226,2005,2,105,53,29.2,1.2,2,53,0,0,,2,1.50,1,3,-2,-1.71,-1.71,730,nl NED,MF,it Serie A,21-226,2005,1.2,0,0,0,1,1,1,2,0,0,0
731,Robin Gosens,de GER,"MF,DF",Schalke 04,de Bundesliga,32.0,1994,3,2,172,1.9,1,0,1,1,0,0,0,0,0.52,,,,,,,,,,,,,,,,,,,,,,,,,731,de GER,"MF,DF",de Bundesliga,32-071,1994,1.9,1,4,1,25.0,2.09,0.52,0.25,1.00,0,0,922,de GER,"MF,DF",de Bundesliga,32-071,1994,3,172,57,63.7,1.9,2,72,0,1,29,0,1.33,2,2,0,0.00,+0.92,731,de GER,"MF,DF",de Bundesliga,32-071,1994,1.9,0,0,0,2,2,0,3,2,7,0
732,Keisuke Gotō,jp JPN,FW,Freiburg,de Bundesliga,21.0,2005,3,0,33,0.4,0,0,0,0,0,0,1,0,0.00,,,,,,,,,,,,,,,,,,,,,,,,,732,jp JPN,FW,de Bundesliga,21-103,2005,0.4,0,0,0,,0.00,0.00,,,0,0,924,jp JPN,FW,de Bundesliga,21-103,2005,3,33,11,12.2,0.4,0,,0,3,11,0,3.00,2,0,+2,+5.45,+2.80,732,jp JPN,FW,de Bundesliga,21-103,2005,0.4,1,0,0,2,2,0,0,0,0,0
733,Mario Götze,de GER,MF,Frankfurt,de Bundesliga,34.0,1992,2,1,100,1.1,0,1,1,0,0,0,1,0,0.90,,,,,,,,,,,,,,,,,,,,,,,,,733,de GER,MF,de Bundesliga,34-103,1992,1.1,0,0,0,,0.00,0.00,,,0,0,926,de GER,MF,de Bundesliga,34-103,1992,2,100,50,37.0,1.1,1,68,0,1,32,1,1.50,2,4,-2,-1.80,-2.33,733,de GER,MF,de Bundesliga,34-103,1992,1.1,1,0,0,5,1,0,1,0,1,0
734,Amine Gouiri,dz ALG,FW,Marseille,fr Ligue 1,26.0,2000,4,4,357,4.0,4,0,4,3,1,1,0,0,0.76,,,,,,,,,,,,,,,,,,,,,,,,,734,dz ALG,FW,fr Ligue 1,26-210,2000,4.0,4,13,6,46.2,3.28,1.51,0.31,0.67,1,1,927,dz ALG,FW,fr Ligue 1,26-210,2000,4,357,89,99.2,4.0,4,89,3,0,,0,0.75,6,6,0,0.00,0.00,734,dz ALG,FW,fr Ligue 1,26-210,2000,4.0,0,0,0,1,3,0,1,0,1,0
735,Lucas Gourna-Douath,fr FRA,MF,Hull City,eng Premier League,23.0,2003,2,1,126,1.4,0,0,0,0,0,0,1,0,0.00,,,,,,,,,,,,,,,,,,,,,,,,,735,fr FRA,MF,eng Premier League,23-040,2003,1.4,0,0,0,,0.00,0.00,,,0,0,928,fr FRA,MF,eng Premier League,23-040,2003,2,126,63,35.0,1.4,1,81,0,1,45,2,2.00,1,0,+1,+0.71,-0.05,735,fr FRA,MF,eng Premier League,23-040,2003,1.4,1,0,0,1,1,0,0,2,1,0
736,Jeffrey Gouweleeuw,nl NED,DF,Augsburg,de Bundesliga,35.0,1991,2,0,8,0.1,0,0,0,0,0,0,0,0,0.00,,,,,,,,,,,,,,,,,,,,,,,,,736,nl NED,DF,de Bundesliga,35-066,1991,0.1,0,0,0,,0.00,0.00,,,0,0,929,nl NED,DF,de Bundesliga,35-066,1991,2,8,4,3.0,0.1,0,,0,2,4,1,3.00,2,0,+2,+22.50,+21.13,736,nl NED,DF,de Bundesliga,35-066,1991,0.1,0,0,0,0,0,0,0,0,0,0
737,Zavier Gozo,us USA,MF,Crystal Palace,eng Premier League,19.0,2007,2,0,30,0.3,0,0,0,0,0,0,0,0,0.00,,,,,,,,,,,,,,,,,,,,,,,,,737,us USA,MF,eng Premier League,19-176,2007,0.3,0,0,0,,0.00,0.00,,,0,0,930,us USA,MF,eng Premier League,19-176,2007,2,30,15,8.3,0.3,0,,0,2,15,1,0.00,0,2,-2,-6.00,-5.18,737,us USA,MF,eng Premier League,19-176,2007,0.3,0,0,0,1,0,1,1,0,1,0
738,Jonathan Gradit,fr FRA,DF,Lens,fr Ligue 1,33.0,1992,1,1,54,0.6,0,0,0,0,0,0,0,0,0.00,,,,,,,,,,,,,,,,,,,,,,,,,738,fr FRA,DF,fr Ligue 1,33-294,1992,0.6,0,1,0,0.0,1.67,0.00,0.00,,0,0,933,fr FRA,DF,fr Ligue 1,33-294,1992,1,54,54,15.0,0.6,1,54,0,0,,1,1.00,2,2,0,0.00,-0.29,738,fr FRA,DF,fr Ligue 1,33-294,1992,0.6,0,0,0,1,0,0,0,1,0,0
739,Ryan Gravenberch,nl NED,MF,Liverpool,eng Premier League,24.0,2002,4,2,183,2.0,0,1,1,0,0,0,0,0,0.49,,,,,,,,,,,,,,,,,,,,,,,,,739,nl NED,MF,eng Premier League,24-121,2002,2.0,0,3,0,0.0,1.48,0.00,0.00,,0,0,937,nl NED,MF,eng Premier League,24-121,2002,4,183,46,50.8,2.0,2,68,0,2,24,0,1.50,2,2,0,0.00,-1.02,739,nl NED,MF,eng Premier League,24-121,2002,2.0,0,0,0,3,4,0,0,3,3,0
740,Archie Gray,eng ENG,DF,Tottenham,eng Premier League,20.0,2006,3,3,236,2.6,0,0,0,0,0,0,0,0,0.00,,,,,,,,,,,,,,,,,,,,,,,,,740,eng ENG,DF,eng Premier League,20-186,2006,2.6,0,2,0,0.0,0.76,0.00,0.00,,0,0,938,eng ENG,DF,eng Premier League,20-186,2006,3,236,79,65.6,2.6,3,79,0,0,,1,0.33,0,4,-4,-1.53,-0.80,740,eng ENG,DF,eng Premier League,20-186,2006,2.6,0,0,0,2,4,0,2,4,1,0
741,Jack Grealish,eng ENG,"FW,MF",Manchester City,eng Premier League,31.0,1995,1,0,9,0.1,0,0,0,0,0,0,0,0,0.00,,,,,,,,,,,,,,,,,,,,,,,,,741,eng ENG,"FW,MF",eng Premier League,31-004,1995,0.1,0,0,0,,0.00,0.00,,,0,0,939,eng ENG,"FW,MF",eng Premier League,31-004,1995,1,9,9,2.5,0.1,0,,0,1,9,0,3.00,2,0,+2,+20.00,+18.97,741,eng ENG,"FW,MF",eng Premier League,31-004,1995,0.1,0,0,0,1,0,0,0,0,0,0
742,Jack Grealish,eng ENG,"FW,MF",Everton,eng Premier League,31.0,1995,2,0,51,0.6,0,0,0,0,0,0,0,0,0.00,,,,,,,,,,,,,,,,,,,,,,,,,742,eng ENG,"FW,MF",eng Premier League,31-004,1995,0.6,0,1,0,0.0,1.76,0.00,0.00,,0,0,940,eng ENG,"FW,MF",eng Premier League,31-004,1995,2,51,26,14.2,0.6,0,,0,2,26,0,1.00,2,1,+1,+1.76,+1.47,742,eng ENG,"FW,MF",eng Premier League,31-004,1995,0.6,0,0,0,1,3,0,0,0,1,0
743,Jacob Greaves,eng ENG,DF,Ipswich Town,eng Premier League,26.0,2000,4,4,357,4.0,0,0,0,0,0,0,1,0,0.00,,,,,,,,,,,,,,,,,,,,,,,,,743,eng ENG,DF,eng Premier League,26-002,2000,4.0,0,0,0,,0.00,0.00,,,0,0,941,eng ENG,DF,eng Premier League,26-002,2000,4,357,89,99.2,4.0,4,89,3,0,,0,1.50,6,10,-4,-1.01,-31.01,743,eng ENG,DF,eng Premier League,26-002,2000,4.0,1,0,0,2,5,1,0,2,3,1
744,Michael Gregoritsch,at AUT,FW,Augsburg,de Bundesliga,32.0,1994,3,3,237,2.6,3,0,3,3,0,0,0,0,1.14,,,,,,,,,,,,,,,,,,,,,,,,,744,at AUT,FW,de Bundesliga,32-149,1994,2.6,3,8,7,87.5,3.04,2.66,0.38,0.43,0,0,942,at AUT,FW,de Bundesliga,32-149,1994,3,237,79,87.8,2.6,3,79,0,0,,0,2.33,7,2,+5,+1.90,-0.83,744,at AUT,FW,de Bundesliga,32-149,1994,2.6,0,0,0,1,2,1,0,1,1,0
745,Dominik Greif,sk SVK,GK,Lyon,fr Ligue 1,29.0,1997,3,3,270,3.0,0,0,0,0,0,0,0,0,0.00,33,sk SVK,GK,fr Ligue 1,29-161,1997,3,3,270,3.0,2,0.67,11,9,81.8,1,2,0,1,33.3,0,0,0,0,745,sk SVK,GK,fr Ligue 1,29-161,1997,3.0,0,0,0,,0.00,0.00,,,0,0,943,sk SVK,GK,fr Ligue 1,29-161,1997,3,270,90,75.0,3.0,3,90,3,0,,1,1.67,4,2,+2,+0.67,-1.33,745,sk SVK,GK,fr Ligue 1,29-161,1997,3.0,0,0,0,0,1,0,0,0,0,0
746,Vincenzo Grifo,it ITA,"FW,MF",Freiburg,de Bundesliga,33.0,1993,2,0,41,0.5,0,0,0,0,0,0,0,0,0.00,,,,,,,,,,,,,,,,,,,,,,,,,746,it ITA,"FW,MF",de Bundesliga,33-160,1993,0.5,0,1,0,0.0,2.20,0.00,0.00,,0,0,944,it ITA,"FW,MF",de Bundesliga,33-160,1993,2,41,21,15.2,0.5,0,,0,2,21,1,3.00,3,0,+3,+6.59,+4.23,746,it ITA,"FW,MF",de Bundesliga,33-160,1993,0.5,0,0,0,0,0,1,1,0,0,0
747,Florian Grillitsch,at AUT,"DF,MF",Frosinone,it Serie A,31.0,1995,1,0,9,0.1,0,0,0,0,0,0,0,0,0.00,,,,,,,,,,,,,,,,,,,,,,,,,747,at AUT,"DF,MF",it Serie A,31-038,1995,0.1,0,0,0,,0.00,0.00,,,0,0,945,at AUT,"DF,MF",it Serie A,31-038,1995,1,9,9,2.5,0.1,0,,0,1,9,2,3.00,0,0,0,0.00,-0.77,747,at AUT,"DF,MF",it Serie A,31-038,1995,0.1,0,0,0,2,0,0,0,0,0,0
748,Álex Grimaldo,es ESP,"DF,MF",Atlético Madrid,es La Liga,30.0,1995,4,4,360,4.0,1,1,2,0,1,1,0,0,0.25,,,,,,,,,,,,,,,,,,,,,,,,,748,es ESP,"DF,MF",es La Liga,30-359,1995,4.0,1,6,4,66.7,1.50,1.00,0.17,0.25,1,1,946,es ESP,"DF,MF",es La Liga,30-359,1995,4,360,90,80.0,4.0,4,90,4,0,,1,1.75,8,6,+2,+0.50,-1.50,748,es ESP,"DF,MF",es La Liga,30-359,1995,4.0,0,0,0,3,0,0,22,2,7,0
749,Matt Grimes,eng ENG,MF,Coventry City,eng Premier League,31.0,1995,4,4,353,3.9,0,0,0,0,0,0,0,0,0.00,,,,,,,,,,,,,,,,,,,,,,,,,749,eng ENG,MF,eng Premier League,31-061,1995,3.9,0,3,0,0.0,0.76,0.00,0.00,,0,0,947,eng ENG,MF,eng Premier League,31-061,1995,4,353,88,98.1,3.9,4,88,3,0,,0,0.00,0,9,-9,-2.29,+10.56,749,eng ENG,MF,eng Premier League,31-061,1995,3.9,0,0,0,2,4,0,14,1,2,0
750,Pascal Groß,de GER,MF,Brighton,eng Premier League,35.0,1991,4,4,360,4.0,2,2,4,1,1,1,2,0,0.75,,,,,,,,,,,,,,,,,,,,,,,,,750,de GER,MF,eng Premier League,35-091,1991,4.0,2,8,2,25.0,2.00,0.50,0.25,1.00,1,1,948,de GER,MF,eng Premier League,35-091,1991,4,360,90,100.0,4.0,4,90,4,0,,0,1.75,13,5,+8,+2.00,,750,de GER,MF,eng Premier League,35-091,1991,4.0,2,0,0,7,0,0,33,2,4,0
751,Fabio Gruber,pe PER,DF,Mainz 05,de Bundesliga,24.0,2002,3,3,270,3.0,0,0,0,0,0,0,0,0,0.00,,,,,,,,,,,,,,,,,,,,,,,,,751,pe PER,DF,de Bundesliga,24-011,2002,3.0,0,2,0,0.0,0.67,0.00,0.00,,0,0,949,pe PER,DF,de Bundesliga,24-011,2002,3,270,90,100.0,3.0,3,90,3,0,,0,1.33,6,3,+3,+1.00,,751,pe PER,DF,de Bundesliga,24-011,2002,3.0,0,0,0,6,0,0,0,5,6,0
752,Brajan Gruda,de GER,FW,RB Leipzig,de Bundesliga,22.0,2004,2,2,162,1.8,0,0,0,0,0,0,0,0,0.00,,,,,,,,,,,,,,,,,,,,,,,,,752,de GER,FW,de Bundesliga,22-106,2004,1.8,0,4,2,50.0,2.22,1.11,0.00,0.00,0,0,950,de GER,FW,de Bundesliga,22-106,2004,2,162,81,60.0,1.8,2,81,1,0,,0,3.00,8,0,+8,+4.44,+6.11,752,de GER,FW,de Bundesliga,22-106,2004,1.8,0,0,0,2,4,0,3,0,0,0
753,Marco Grüll,at AUT,"MF,FW",Werder Bremen,de Bundesliga,28.0,1998,3,3,264,2.9,1,2,3,1,0,0,0,0,1.02,,,,,,,,,,,,,,,,,,,,,,,,,753,at AUT,"MF,FW",de Bundesliga,28-070,1998,2.9,1,8,2,25.0,2.73,0.68,0.13,0.50,0,0,951,at AUT,"MF,FW",de Bundesliga,28-070,1998,3,264,88,97.8,2.9,3,88,2,0,,0,1.33,5,6,-1,-0.34,-0.34,753,at AUT,"MF,FW",de Bundesliga,28-070,1998,2.9,0,0,0,4,7,0,15,5,8,0
754,Albert Grønbaek,dk DEN,MF,Hamburger SV,de Bundesliga,25.0,2001,3,3,270,3.0,0,0,0,0,0,0,0,0,0.00,,,,,,,,,,,,,,,,,,,,,,,,,754,dk DEN,MF,de Bundesliga,25-114,2001,3.0,0,3,2,66.7,1.00,0.67,0.00,0.00,0,0,952,dk DEN,MF,de Bundesliga,25-114,2001,3,270,90,100.0,3.0,3,90,3,0,,0,0.00,0,12,-12,-4.00,,754,dk DEN,MF,de Bundesliga,25-114,2001,3.0,0,0,0,1,8,0,13,1,6,0
755,Nemanja Gudelj,rs SRB,DF,Getafe,es La Liga,34.0,1991,3,2,195,2.2,0,0,0,0,0,0,0,0,0.00,,,,,,,,,,,,,,,,,,,,,,,,,755,rs SRB,DF,es La Liga,34-302,1991,2.2,0,3,0,0.0,1.38,0.00,0.00,,0,0,953,rs SRB,DF,es La Liga,34-302,1991,3,195,65,43.3,2.2,2,90,2,1,15,0,0.67,2,2,0,0.00,+1.06,755,rs SRB,DF,es La Liga,34-302,1991,2.2,0,0,0,2,0,0,0,1,1,0
756,Gabriel Gudmundsson,se SWE,MF,Leeds United,eng Premier League,27.0,1999,1,1,90,1.0,0,0,0,0,0,0,0,0,0.00,,,,,,,,,,,,,,,,,,,,,,,,,756,se SWE,MF,eng Premier League,27-138,1999,1.0,0,0,0,,0.00,0.00,,,0,0,954,se SWE,MF,eng Premier League,27-138,1999,1,90,90,33.3,1.0,1,90,1,0,,1,1.00,1,1,0,0.00,-0.50,756,se SWE,MF,eng Premier League,27-138,1999,1.0,0,0,0,1,2,0,2,0,1,0
757,Gonçalo Guedes,pt POR,MF,Real Sociedad,es La Liga,29.0,1996,5,2,178,2.0,0,0,0,0,0,0,0,0,0.00,,,,,,,,,,,,,,,,,,,,,,,,,757,pt POR,MF,es La Liga,29-289,1996,2.0,0,8,3,37.5,4.04,1.52,0.00,0.00,0,0,955,pt POR,MF,es La Liga,29-289,1996,5,178,36,33.0,2.0,2,64,0,3,17,0,1.40,2,1,+1,+0.51,+2.00,757,pt POR,MF,es La Liga,29-289,1996,2.0,0,0,0,1,2,2,4,0,2,0
758,Marc Guéhi,eng ENG,"DF,MF",Manchester City,eng Premier League,26.0,2000,4,4,360,4.0,1,0,1,1,0,0,0,0,0.25,,,,,,,,,,,,,,,,,,,,,,,,,758,eng ENG,"DF,MF",eng Premier League,26-063,2000,4.0,1,2,1,50.0,0.50,0.25,0.50,1.00,0,0,956,eng ENG,"DF,MF",eng Premier League,26-063,2000,4,360,90,100.0,4.0,4,90,4,0,,0,3.00,8,2,+6,+1.50,,758,eng ENG,"DF,MF",eng Premier League,26-063,2000,4.0,0,0,0,2,4,0,0,4,4,0
759,Javier Guerra,es ESP,MF,Valencia,es La Liga,23.0,2003,5,5,382,4.2,0,0,0,0,0,0,0,0,0.00,,,,,,,,,,,,,,,,,,,,,,,,,759,es ESP,MF,es La Liga,23-124,2003,4.2,0,3,0,0.0,0.71,0.00,0.00,,0,0,957,es ESP,MF,es La Liga,23-124,2003,5,382,76,84.9,4.2,5,76,2,0,,0,0.20,1,8,-7,-1.65,+1.00,759,es ESP,MF,es La Liga,23-124,2003,4.2,0,0,0,0,4,0,10,1,2,0
760,Evann Guessand,ci CIV,"FW,MF",Crystal Palace,eng Premier League,25.0,2001,2,0,56,0.6,0,0,0,0,0,0,0,0,0.00,,,,,,,,,,,,,,,,,,,,,,,,,760,ci CIV,"FW,MF",eng Premier League,25-075,2001,0.6,0,1,1,100.0,1.61,1.61,0.00,0.00,0,0,958,ci CIV,"FW,MF",eng Premier League,25-075,2001,2,56,28,15.6,0.6,0,,0,2,28,0,0.00,0,1,-1,-1.61,-0.42,760,ci CIV,"FW,MF",eng Premier League,25-075,2001,0.6,0,0,0,2,0,0,1,0,0,0
761,Ander Guevara,es ESP,MF,Alavés,es La Liga,29.0,1997,1,0,1,0.0,0,0,0,0,0,0,0,0,0.00,,,,,,,,,,,,,,,,,,,,,,,,,761,es ESP,MF,es La Liga,29-069,1997,0.0,0,0,0,,0.00,0.00,,,0,0,959,es ESP,MF,es La Liga,29-069,1997,1,1,1,0.2,0.0,0,,0,1,1,4,3.00,0,0,0,0.00,-1.20,761,es ESP,MF,es La Liga,29-069,1997,0.0,0,0,0,0,0,0,0,0,0,0
762,Dame Guèye,sn SEN,FW,Le Mans,fr Ligue 1,31.0,1995,4,4,262,2.9,1,0,1,1,0,0,0,0,0.34,,,,,,,,,,,,,,,,,,,,,,,,,762,sn SEN,FW,fr Ligue 1,31-033,1995,2.9,1,6,2,33.3,2.06,0.69,0.17,0.50,0,0,960,sn SEN,FW,fr Ligue 1,31-033,1995,4,262,66,72.8,2.9,4,66,0,0,,0,0.75,7,7,0,0.00,+0.92,762,sn SEN,FW,fr Ligue 1,31-033,1995,2.9,0,0,0,3,1,3,2,2,1,0
763,Idrissa Guèye,sn SEN,FW,Udinese,it Serie A,19.0,2006,2,1,94,1.0,0,0,0,0,0,0,0,0,0.00,,,,,,,,,,,,,,,,,,,,,,,,,763,sn SEN,FW,it Serie A,19-363,2006,1.0,0,4,0,0.0,3.83,0.00,0.00,,0,0,961,sn SEN,FW,it Serie A,19-363,2006,2,94,47,34.8,1.0,1,71,0,1,23,1,2.00,1,1,0,0.00,0.00,763,sn SEN,FW,it Serie A,19-363,2006,1.0,0,0,0,1,2,0,0,0,0,0
764,Maguette Gueye,sn SEN,MF,Racing Sant,es La Liga,23.0,2002,4,0,62,0.7,0,0,0,0,0,0,0,0,0.00,,,,,,,,,,,,,,,,,,,,,,,,,764,sn SEN,MF,es La Liga,23-258,2002,0.7,0,1,0,0.0,1.45,0.00,0.00,,0,0,962,sn SEN,MF,es La Liga,23-258,2002,4,62,16,13.8,0.7,0,,0,4,16,1,1.75,0,1,-1,-1.45,-1.68,764,sn SEN,MF,es La Liga,23-258,2002,0.7,0,0,0,6,1,0,0,1,0,0
765,Pape Gueye,sn SEN,MF,Villarreal,es La Liga,27.0,1999,4,4,331,3.7,1,0,1,1,0,0,1,0,0.27,,,,,,,,,,,,,,,,,,,,,,,,,765,sn SEN,MF,es La Liga,27-233,1999,3.7,1,4,2,50.0,1.09,0.54,0.25,0.50,0,0,963,sn SEN,MF,es La Liga,27-233,1999,4,331,83,91.9,3.7,4,83,3,0,,0,0.50,5,6,-1,-0.27,+2.83,765,sn SEN,MF,es La Liga,27-233,1999,3.7,1,0,0,4,9,1,2,4,2,0
766,Nicolás Guilén Peguero,es ESP,MF,Sevilla,es La Liga,18.0,2008,2,1,90,1.0,0,0,0,0,0,0,1,0,0.00,,,,,,,,,,,,,,,,,,,,,,,,,766,es ESP,MF,es La Liga,18-227,2008,1.0,0,1,0,0.0,1.00,0.00,0.00,,0,0,964,es ESP,MF,es La Liga,18-227,2008,2,90,45,20.0,1.0,1,45,0,1,45,1,3.00,2,2,0,0.00,-0.50,766,es ESP,MF,es La Liga,18-227,2008,1.0,1,0,0,5,3,0,1,1,2,0
767,Bruno Guimarães,br BRA,MF,Arsenal,eng Premier League,28.0,1997,2,0,65,0.7,1,0,1,1,0,0,0,0,1.38,,,,,,,,,,,,,,,,,,,,,,,,,767,br BRA,MF,eng Premier League,28-302,1997,0.7,1,2,1,50.0,2.77,1.38,0.50,1.00,0,0,965,br BRA,MF,eng Premier League,28-302,1997,2,65,33,18.1,0.7,0,,0,2,33,1,3.00,2,0,+2,+2.77,+1.24,767,br BRA,MF,eng Premier League,28-302,1997,0.7,0,0,0,0,2,0,0,1,1,0
768,Serhou Guirassy,gn GUI,FW,Dortmund,de Bundesliga,30.0,1996,3,3,266,3.0,2,2,4,2,0,0,0,0,1.35,,,,,,,,,,,,,,,,,,,,,,,,,768,gn GUI,FW,de Bundesliga,30-186,1996,3.0,2,10,7,70.0,3.38,2.37,0.20,0.29,0,0,966,gn GUI,FW,de Bundesliga,30-186,1996,3,266,89,98.5,3.0,3,89,2,0,,0,3.00,8,2,+6,+2.03,+2.03,768,gn GUI,FW,de Bundesliga,30-186,1996,3.0,0,0,0,6,6,4,0,0,0,0
769,Marc Guiu,es ESP,FW,RB Leipzig,de Bundesliga,20.0,2006,1,0,16,0.2,0,0,0,0,0,0,0,0,0.00,,,,,,,,,,,,,,,,,,,,,,,,,769,es ESP,FW,de Bundesliga,20-253,2006,0.2,0,0,0,,0.00,0.00,,,0,0,967,es ESP,FW,de Bundesliga,20-253,2006,1,16,16,5.9,0.2,0,,0,1,16,1,0.00,1,1,0,0.00,-2.13,769,es ESP,FW,de Bundesliga,20-253,2006,0.2,0,0,0,2,0,0,0,0,0,0
770,Arda Güler,tr TUR,MF,Real Madrid,es La Liga,21.0,2005,5,3,226,2.5,1,2,3,1,0,0,1,0,1.19,,,,,,,,,,,,,,,,,,,,,,,,,770,tr TUR,MF,es La Liga,21-201,2005,2.5,1,7,3,42.9,2.79,1.19,0.14,0.33,0,0,969,tr TUR,MF,es La Liga,21-201,2005,5,226,45,50.2,2.5,3,68,0,2,12,0,2.40,6,2,+4,+1.59,-0.82,770,tr TUR,MF,es La Liga,21-201,2005,2.5,1,0,0,3,4,0,21,0,3,0
771,Giorgi Guliashvili,ge GEO,FW,Racing Sant,es La Liga,25.0,2001,2,0,38,0.4,0,0,0,0,0,0,0,0,0.00,,,,,,,,,,,,,,,,,,,,,,,,,771,ge GEO,FW,es La Liga,25-009,2001,0.4,0,0,0,,0.00,0.00,,,0,0,970,ge GEO,FW,es La Liga,25-009,2001,2,38,19,8.4,0.4,0,,0,2,19,1,3.00,0,2,-2,-4.74,-5.17,771,ge GEO,FW,es La Liga,25-009,2001,0.4,0,0,0,1,1,0,0,0,0,0
772,Lasse Günther,de GER,DF,Elversberg,de Bundesliga,23.0,2003,3,3,254,2.8,0,0,0,0,0,0,0,0,0.00,,,,,,,,,,,,,,,,,,,,,,,,,772,de GER,DF,de Bundesliga,23-177,2003,2.8,0,1,1,100.0,0.35,0.35,0.00,0.00,0,0,972,de GER,DF,de Bundesliga,23-177,2003,3,254,85,94.1,2.8,3,85,2,0,,0,2.00,6,7,-1,-0.35,-11.60,772,de GER,DF,de Bundesliga,23-177,2003,2.8,0,0,0,4,3,0,0,2,2,0
773,Jon Guridi,es ESP,MF,Sevilla,es La Liga,31.0,1995,5,4,258,2.9,1,0,1,0,1,1,2,0,0.00,,,,,,,,,,,,,,,,,,,,,,,,,773,es ESP,MF,es La Liga,31-198,1995,2.9,1,3,3,100.0,1.05,1.05,0.33,0.33,1,1,973,es ESP,MF,es La Liga,31-198,1995,5,258,52,57.3,2.9,4,63,0,1,8,0,2.00,2,4,-2,-0.70,-2.57,773,es ESP,MF,es La Liga,31-198,1995,2.9,2,0,0,5,1,0,5,1,3,0
774,Gorka Guruzeta,es ESP,FW,Athletic Club,es La Liga,30.0,1996,4,2,178,2.0,0,0,0,0,0,0,2,0,0.00,,,,,,,,,,,,,,,,,,,,,,,,,774,es ESP,FW,es La Liga,30-002,1996,2.0,0,2,0,0.0,1.01,0.00,0.00,,0,0,974,es ESP,FW,es La Liga,30-002,1996,4,178,45,39.6,2.0,2,69,0,2,21,0,1.50,1,4,-3,-1.52,-2.84,774,es ESP,FW,es La Liga,30-002,1996,2.0,2,0,0,5,3,0,1,1,2,0
775,Malo Gusto,fr FRA,"MF,DF",Chelsea,eng Premier League,23.0,2003,4,3,273,3.0,0,0,0,0,0,0,0,0,0.00,,,,,,,,,,,,,,,,,,,,,,,,,775,fr FRA,"MF,DF",eng Premier League,23-118,2003,3.0,0,2,0,0.0,0.66,0.00,0.00,,0,0,975,fr FRA,"MF,DF",eng Premier League,23-118,2003,4,273,68,75.8,3.0,3,81,1,1,31,0,1.75,9,7,+2,+0.66,+1.69,775,fr FRA,"MF,DF",eng Premier League,23-118,2003,3.0,0,0,0,1,0,0,12,4,3,0
776,Miguel Gutiérrez,es ESP,DF,Leverkusen,de Bundesliga,25.0,2001,3,3,262,2.9,0,2,2,0,0,0,1,0,0.69,,,,,,,,,,,,,,,,,,,,,,,,,776,es ESP,DF,de Bundesliga,25-049,2001,2.9,0,3,1,33.3,1.03,0.34,0.00,0.00,0,0,977,es ESP,DF,de Bundesliga,25-049,2001,3,262,87,97.0,2.9,3,87,2,0,,0,1.33,8,5,+3,+1.03,+1.03,776,es ESP,DF,de Bundesliga,25-049,2001,2.9,1,0,0,2,2,0,25,2,2,0
777,Albert Guðmundsson,is ISL,FW,Fiorentina,it Serie A,29.0,1997,1,1,70,0.8,0,0,0,0,0,0,1,0,0.00,,,,,,,,,,,,,,,,,,,,,,,,,777,is ISL,FW,it Serie A,29-091,1997,0.8,0,4,1,25.0,5.14,1.29,0.00,0.00,0,0,978,is ISL,FW,it Serie A,29-091,1997,1,70,70,19.4,0.8,1,70,0,0,,1,0.00,0,3,-3,-3.86,-2.93,777,is ISL,FW,it Serie A,29-091,1997,0.8,1,0,0,2,1,1,3,0,1,0
778,Albert Guðmundsson,is ISL,"FW,MF",Lazio,it Serie A,29.0,1997,2,0,28,0.3,1,0,1,1,0,0,0,0,3.21,,,,,,,,,,,,,,,,,,,,,,,,,778,is ISL,"FW,MF",it Serie A,29-091,1997,0.3,1,2,1,50.0,6.43,3.21,0.50,1.00,0,0,979,is ISL,"FW,MF",it Serie A,29-091,1997,2,28,14,7.8,0.3,0,,0,2,14,0,2.00,1,0,+1,+3.21,+2.67,778,is ISL,"FW,MF",it Serie A,29-091,1997,0.3,0,0,0,3,0,0,0,0,0,0
779,Joško Gvardiol,hr CRO,DF,Manchester City,eng Premier League,24.0,2002,4,4,344,3.8,1,1,2,1,0,0,1,0,0.52,,,,,,,,,,,,,,,,,,,,,,,,,779,hr CRO,DF,eng Premier League,24-234,2002,3.8,1,3,1,33.3,0.78,0.26,0.33,1.00,0,0,980,hr CRO,DF,eng Premier League,24-234,2002,4,344,86,95.6,3.8,4,86,3,0,,0,3.00,7,2,+5,+1.31,-4.32,779,hr CRO,DF,eng Premier League,24-234,2002,3.8,1,0,0,3,3,0,3,3,5,0
780,Jan Gyamerah,gh GHA,DF,Elversberg,de Bundesliga,31.0,1995,3,3,251,2.8,0,0,0,0,0,0,0,0,0.00,,,,,,,,,,,,,,,,,,,,,,,,,780,gh GHA,DF,de Bundesliga,31-088,1995,2.8,0,1,0,0.0,0.36,0.00,0.00,,0,0,981,gh GHA,DF,de Bundesliga,31-088,1995,3,251,84,93.0,2.8,3,84,1,0,,0,2.00,7,5,+2,+0.72,+5.45,780,gh GHA,DF,de Bundesliga,31-088,1995,2.8,0,0,0,3,3,0,2,3,7,0
781,Viktor Gyökeres,se SWE,"FW,MF",Arsenal,eng Premier League,28.0,1998,1,0,13,0.1,0,0,0,0,0,0,0,0,0.00,,,,,,,,,,,,,,,,,,,,,,,,,781,se SWE,"FW,MF",eng Premier League,28-102,1998,0.1,0,0,0,,0.00,0.00,,,0,0,982,se SWE,"FW,MF",eng Premier League,28-102,1998,1,13,13,3.6,0.1,0,,0,1,13,3,3.00,0,0,0,0.00,-1.82,781,se SWE,"FW,MF",eng Premier League,28-102,1998,0.1,0,0,0,1,0,0,0,0,0,0
782,Erling Haaland,no NOR,FW,Manchester City,eng Premier League,26.0,2000,4,4,360,4.0,4,0,4,4,0,0,0,0,1.00,,,,,,,,,,,,,,,,,,,,,,,,,782,no NOR,FW,eng Premier League,26-055,2000,4.0,4,16,9,56.3,4.00,2.25,0.25,0.44,0,0,983,no NOR,FW,eng Premier League,26-055,2000,4,360,90,100.0,4.0,4,90,4,0,,0,3.00,8,2,+6,+1.50,,782,no NOR,FW,eng Premier League,26-055,2000,4.0,0,0,0,1,4,1,0,0,0,0
783,Justin de Haas,nl NED,DF,Valencia,es La Liga,26.0,2000,1,1,45,0.5,0,0,0,0,0,0,1,0,0.00,,,,,,,,,,,,,,,,,,,,,,,,,783,nl NED,DF,es La Liga,26-225,2000,0.5,0,0,0,,0.00,0.00,,,0,0,984,nl NED,DF,es La Liga,26-225,2000,1,45,45,10.0,0.5,1,45,0,0,,1,1.00,0,0,0,0.00,+2.00,783,nl NED,DF,es La Liga,26-225,2000,0.5,1,0,0,1,0,0,0,0,0,0
784,Janik Haberer,de GER,"FW,MF",Union Berlin,de Bundesliga,32.0,1994,3,0,50,0.6,0,0,0,0,0,0,0,0,0.00,,,,,,,,,,,,,,,,,,,,,,,,,784,de GER,"FW,MF",de Bundesliga,32-165,1994,0.6,0,2,1,50.0,3.60,1.80,0.00,0.00,0,0,985,de GER,"FW,MF",de Bundesliga,32-165,1994,3,50,17,18.5,0.6,0,,0,3,17,0,0.33,3,2,+1,+1.80,+4.66,784,de GER,"FW,MF",de Bundesliga,32-165,1994,0.6,0,0,0,0,0,0,1,1,2,0
785,Robin Hack,de GER,MF,Gladbach,de Bundesliga,28.0,1998,3,2,151,1.7,0,0,0,0,0,0,0,0,0.00,,,,,,,,,,,,,,,,,,,,,,,,,785,de GER,MF,de Bundesliga,28-018,1998,1.7,0,2,0,0.0,1.19,0.00,0.00,,0,0,986,de GER,MF,de Bundesliga,28-018,1998,3,151,50,55.9,1.7,2,65,0,1,22,0,0.00,0,6,-6,-3.58,-1.31,785,de GER,MF,de Bundesliga,28-018,1998,1.7,0,0,0,2,0,1,6,1,2,0
786,Hayden Hackney,eng ENG,MF,Everton,eng Premier League,24.0,2002,4,1,139,1.5,0,1,1,0,0,0,0,0,0.65,,,,,,,,,,,,,,,,,,,,,,,,,786,eng ENG,MF,eng Premier League,24-080,2002,1.5,0,2,0,0.0,1.29,0.00,0.00,,0,0,987,eng ENG,MF,eng Premier League,24-080,2002,4,139,35,38.6,1.5,1,78,0,3,20,0,1.50,5,1,+4,+2.59,+3.40,786,eng ENG,MF,eng Premier League,24-080,2002,1.5,0,0,0,2,3,0,6,1,1,0
787,Amadou Haidara,ml MLI,MF,Lens,fr Ligue 1,28.0,1998,3,1,125,1.4,0,0,0,0,0,0,0,0,0.00,,,,,,,,,,,,,,,,,,,,,,,,,787,ml MLI,MF,fr Ligue 1,28-226,1998,1.4,0,2,1,50.0,1.44,0.72,0.00,0.00,0,0,989,ml MLI,MF,fr Ligue 1,28-226,1998,3,125,42,34.7,1.4,1,60,0,2,33,1,1.33,2,1,+1,+0.72,+0.72,787,ml MLI,MF,fr Ligue 1,28-226,1998,1.4,0,0,0,1,0,0,0,3,3,0
788,Antoine Hainaut,fr FRA,MF,Venezia,it Serie A,24.0,2002,4,4,354,3.9,1,1,2,1,0,0,0,0,0.51,,,,,,,,,,,,,,,,,,,,,,,,,788,fr FRA,MF,it Serie A,24-208,2002,3.9,1,5,1,20.0,1.27,0.25,0.20,1.00,0,0,990,fr FRA,MF,it Serie A,24-208,2002,4,354,89,98.3,3.9,4,89,3,0,,0,0.00,4,11,-7,-1.78,-1.78,788,fr FRA,MF,it Serie A,24-208,2002,3.9,0,0,0,9,4,3,20,2,2,0
789,Albian Hajdari,xk KVX,DF,Hoffenheim,de Bundesliga,23.0,2003,3,3,266,3.0,0,0,0,0,0,0,1,0,0.00,,,,,,,,,,,,,,,,,,,,,,,,,789,xk KVX,DF,de Bundesliga,23-119,2003,3.0,0,1,0,0.0,0.34,0.00,0.00,,0,0,991,xk KVX,DF,de Bundesliga,23-119,2003,3,266,89,98.5,3.0,3,89,2,0,,0,1.00,6,7,-1,-0.34,-0.34,789,xk KVX,DF,de Bundesliga,23-119,2003,3.0,1,0,0,6,3,1,2,5,1,1
790,Achraf Hakimi,ma MAR,DF,Paris SG,fr Ligue 1,27.0,1998,4,4,308,3.4,0,0,0,0,0,0,1,0,0.00,,,,,,,,,,,,,,,,,,,,,,,,,790,ma MAR,DF,fr Ligue 1,27-314,1998,3.4,0,8,1,12.5,2.34,0.29,0.00,0.00,0,0,992,ma MAR,DF,fr Ligue 1,27-314,1998,4,308,77,85.6,3.4,4,77,3,0,,0,1.25,6,6,0,0.00,0.00,790,ma MAR,DF,fr Ligue 1,27-314,1998,3.4,1,0,0,0,5,1,12,3,2,0
791,Redouane Halhal,ma MAR,DF,Venezia,it Serie A,23.0,2003,2,1,136,1.5,0,0,0,0,0,0,1,0,0.00,,,,,,,,,,,,,,,,,,,,,,,,,791,ma MAR,DF,it Serie A,23-193,2003,1.5,0,1,0,0.0,0.66,0.00,0.00,,0,0,993,ma MAR,DF,it Serie A,23-193,2003,2,136,68,37.8,1.5,1,90,1,1,46,2,0.00,2,5,-3,-1.99,-0.38,791,ma MAR,DF,it Serie A,23-193,2003,1.5,1,0,0,5,1,0,0,1,2,1
792,Lewis Hall,eng ENG,DF,Newcastle,eng Premier League,22.0,2004,3,3,269,3.0,0,1,1,0,0,0,0,0,0.33,,,,,,,,,,,,,,,,,,,,,,,,,792,eng ENG,DF,eng Premier League,22-006,2004,3.0,0,2,0,0.0,0.67,0.00,0.00,,0,0,994,eng ENG,DF,eng Premier League,22-006,2004,3,269,90,99.6,3.0,3,90,2,0,,0,1.67,6,4,+2,+0.67,+0.67,792,eng ENG,DF,eng Premier League,22-006,2004,3.0,0,0,0,3,3,0,10,5,5,0
793,Gustavo Hamer,nl NED,MF,Coventry City,eng Premier League,29.0,1997,3,0,35,0.4,0,0,0,0,0,0,0,0,0.00,,,,,,,,,,,,,,,,,,,,,,,,,793,nl NED,MF,eng Premier League,29-082,1997,0.4,0,0,0,,0.00,0.00,,,0,0,996,nl NED,MF,eng Premier League,29-082,1997,3,35,12,9.7,0.4,0,,0,3,12,1,0.00,0,1,-1,-2.57,-0.08,793,nl NED,MF,eng Premier League,29-082,1997,0.4,0,0,0,3,0,0,1,0,0,0
794,Dávid Hancko,sk SVK,DF,Atlético Madrid,es La Liga,28.0,1997,5,5,450,5.0,0,2,2,0,0,0,1,0,0.40,,,,,,,,,,,,,,,,,,,,,,,,,794,sk SVK,DF,es La Liga,28-275,1997,5.0,0,4,0,0.0,0.80,0.00,0.00,,0,0,997,sk SVK,DF,es La Liga,28-275,1997,5,450,90,100.0,5.0,5,90,5,0,,0,2.00,10,6,+4,+0.80,,794,sk SVK,DF,es La Liga,28-275,1997,5.0,1,0,0,1,3,0,1,8,4,0
795,Mattes Hansen,de GER,DF,Paderborn 07,de Bundesliga,22.0,2004,3,3,243,2.7,0,0,0,0,0,0,1,0,0.00,,,,,,,,,,,,,,,,,,,,,,,,,795,de GER,DF,de Bundesliga,22-122,2004,2.7,0,2,0,0.0,0.74,0.00,0.00,,0,0,998,de GER,DF,de Bundesliga,22-122,2004,3,243,81,90.0,2.7,3,81,0,0,,0,0.33,0,3,-3,-1.11,+2.22,795,de GER,DF,de Bundesliga,22-122,2004,2.7,1,0,0,1,3,0,2,3,2,0
796,Ridgeciano Haps,sr SUR,"MF,DF",Venezia,it Serie A,33.0,1993,4,3,256,2.8,0,1,1,0,0,0,1,0,0.35,,,,,,,,,,,,,,,,,,,,,,,,,796,sr SUR,"MF,DF",it Serie A,33-094,1993,2.8,0,1,1,100.0,0.35,0.35,0.00,0.00,0,0,1000,sr SUR,"MF,DF",it Serie A,33-094,1993,4,256,64,71.1,2.8,3,76,1,1,27,0,0.00,4,7,-3,-1.05,+2.41,796,sr SUR,"MF,DF",it Serie A,33-094,1993,2.8,1,0,0,1,6,0,9,5,3,0
797,Hákon Haraldsson,is ISL,MF,Lille,fr Ligue 1,23.0,2003,4,4,304,3.4,1,0,1,1,0,0,1,0,0.30,,,,,,,,,,,,,,,,,,,,,,,,,797,is ISL,MF,fr Ligue 1,23-157,2003,3.4,1,5,4,80.0,1.48,1.18,0.20,0.25,0,0,1001,is ISL,MF,fr Ligue 1,23-157,2003,4,304,76,84.4,3.4,4,76,1,0,,0,2.50,5,0,+5,+1.48,+1.48,797,is ISL,MF,fr Ligue 1,23-157,2003,3.4,1,0,0,5,4,1,1,3,1,0
798,Conrad Harder,dk DEN,FW,RB Leipzig,de Bundesliga,21.0,2005,1,0,8,0.1,0,0,0,0,0,0,0,0,0.00,,,,,,,,,,,,,,,,,,,,,,,,,798,dk DEN,FW,de Bundesliga,21-160,2005,0.1,0,2,1,50.0,22.50,11.25,0.00,0.00,0,0,1002,dk DEN,FW,de Bundesliga,21-160,2005,1,8,8,3.0,0.1,0,,0,1,8,0,3.00,0,0,0,0.00,-2.06,798,dk DEN,FW,de Bundesliga,21-160,2005,0.1,0,0,0,0,1,0,1,0,0,0
799,Conrad Harder,dk DEN,FW,Strasbourg,fr Ligue 1,21.0,2005,2,0,42,0.5,1,0,1,1,0,0,0,0,2.14,,,,,,,,,,,,,,,,,,,,,,,,,799,dk DEN,FW,fr Ligue 1,21-160,2005,0.5,1,2,1,50.0,4.29,2.14,0.50,1.00,0,0,1003,dk DEN,FW,fr Ligue 1,21-160,2005,2,42,21,11.7,0.5,0,,0,2,21,0,2.00,3,2,+1,+2.14,+2.14,799,dk DEN,FW,fr Ligue 1,21-160,2005,0.5,0,0,0,1,0,0,0,0,1,0
800,William Harhouz,fr FRA,FW,Le Mans,fr Ligue 1,26.0,1999,1,0,19,0.2,0,0,0,0,0,0,0,0,0.00,,,,,,,,,,,,,,,,,,,,,,,,,800,fr FRA,FW,fr Ligue 1,26-258,1999,0.2,0,0,0,,0.00,0.00,,,0,0,1004,fr FRA,FW,fr Ligue 1,26-258,1999,1,19,19,5.3,0.2,0,,0,1,19,1,1.00,0,0,0,0.00,+0.26,800,fr FRA,FW,fr Ligue 1,26-258,1999,0.2,0,0,0,0,0,0,0,0,0,0
801,Amine Harit,ma MAR,MF,Marseille,fr Ligue 1,29.0,1997,4,4,352,3.9,0,1,1,0,0,0,1,0,0.26,,,,,,,,,,,,,,,,,,,,,,,,,801,ma MAR,MF,fr Ligue 1,29-088,1997,3.9,0,5,2,40.0,1.28,0.51,0.00,0.00,0,0,1005,ma MAR,MF,fr Ligue 1,29-088,1997,4,352,88,97.8,3.9,4,88,3,0,,0,0.75,4,6,-2,-0.51,-23.01,801,ma MAR,MF,fr Ligue 1,29-088,1997,3.9,1,0,0,1,8,1,9,4,3,0
802,Quilindschy Hartman,nl NED,DF,Espanyol,es La Liga,24.0,2001,1,0,5,0.1,0,0,0,0,0,0,0,0,0.00,,,,,,,,,,,,,,,,,,,,,,,,,802,nl NED,DF,es La Liga,24-304,2001,0.1,0,0,0,,0.00,0.00,,,0,0,1006,nl NED,DF,es La Liga,24-304,2001,1,5,5,1.1,0.1,0,,0,1,5,4,1.00,1,0,+1,+18.00,+17.60,802,nl NED,DF,es La Liga,24-304,2001,0.1,0,0,0,2,0,0,2,0,0,0
803,Luis Hasa,al ALB,MF,Frosinone,it Serie A,22.0,2004,2,0,44,0.5,0,0,0,0,0,0,0,0,0.00,,,,,,,,,,,,,,,,,,,,,,,,,803,al ALB,MF,it Serie A,22-251,2004,0.5,0,4,1,25.0,8.18,2.05,0.00,0.00,0,0,1007,al ALB,MF,it Serie A,22-251,2004,2,44,22,12.2,0.5,0,,0,2,22,2,0.50,0,0,0,0.00,-0.85,803,al ALB,MF,it Serie A,22-251,2004,0.5,0,0,0,1,1,0,1,0,0,0
804,Daiki Hashioka,jp JPN,DF,Gladbach,de Bundesliga,27.0,1999,1,1,75,0.8,0,0,0,0,0,0,0,0,0.00,,,,,,,,,,,,,,,,,,,,,,,,,804,jp JPN,DF,de Bundesliga,27-120,1999,0.8,0,1,0,0.0,1.20,0.00,0.00,,0,0,1008,jp JPN,DF,de Bundesliga,27-120,1999,1,75,75,27.8,0.8,1,75,0,0,,0,0.00,0,3,-3,-3.60,-0.83,804,jp JPN,DF,de Bundesliga,27-120,1999,0.8,0,0,0,1,1,0,1,0,0,0
805,Ewan Hatfout,fr FRA,GK,Le Mans,fr Ligue 1,26.0,2000,3,2,190,2.1,0,0,0,0,0,0,0,0,0.00,34,fr FRA,GK,fr Ligue 1,26-166,2000,3,2,190,2.1,4,1.89,9,5,55.6,0,2,0,0,0.0,1,1,0,0,805,fr FRA,GK,fr Ligue 1,26-166,2000,2.1,0,0,0,,0.00,0.00,,,0,0,1009,fr FRA,GK,fr Ligue 1,26-166,2000,3,190,63,52.8,2.1,2,90,2,1,10,1,0.67,3,4,-1,-0.47,-0.47,805,fr FRA,GK,fr Ligue 1,26-166,2000,2.1,0,0,0,0,2,0,0,0,0,0
806,Jorrel Hato,nl NED,"MF,DF",Chelsea,eng Premier League,20.0,2006,4,4,258,2.9,0,2,2,0,0,0,0,0,0.70,,,,,,,,,,,,,,,,,,,,,,,,,806,nl NED,"MF,DF",eng Premier League,20-191,2006,2.9,0,1,0,0.0,0.35,0.00,0.00,,0,0,1010,nl NED,"MF,DF",eng Premier League,20-191,2006,4,258,65,71.7,2.9,4,65,1,0,,0,1.75,9,9,0,0.00,-0.88,806,nl NED,"MF,DF",eng Premier League,20-191,2006,2.9,0,0,0,1,2,1,0,2,1,0
807,Kai Havertz,de GER,FW,Arsenal,eng Premier League,27.0,1999,4,4,347,3.9,2,0,2,2,0,0,1,0,0.52,,,,,,,,,,,,,,,,,,,,,,,,,807,de GER,FW,eng Premier League,27-095,1999,3.9,2,8,5,62.5,2.07,1.30,0.25,0.40,0,0,1012,de GER,FW,eng Premier League,27-095,1999,4,347,87,96.4,3.9,4,87,3,0,,0,3.00,8,1,+7,+1.82,+1.82,807,de GER,FW,eng Premier League,27-095,1999,3.9,1,0,0,5,7,8,2,2,0,0
808,Thorgan Hazard,be BEL,MF,Lens,fr Ligue 1,33.0,1993,4,1,131,1.5,0,0,0,0,0,0,0,0,0.00,,,,,,,,,,,,,,,,,,,,,,,,,808,be BEL,MF,fr Ligue 1,33-169,1993,1.5,0,3,0,0.0,2.06,0.00,0.00,,0,0,1013,be BEL,MF,fr Ligue 1,33-169,1993,4,131,33,36.4,1.5,1,69,0,3,21,0,1.00,2,3,-1,-0.69,-1.47,808,be BEL,MF,fr Ligue 1,33-169,1993,1.5,0,0,0,2,3,1,4,0,2,0
809,Ayden Heaven,eng ENG,DF,Manchester Utd,eng Premier League,19.0,2006,1,1,90,1.0,0,0,0,0,0,0,0,0,0.00,,,,,,,,,,,,,,,,,,,,,,,,,809,eng ENG,DF,eng Premier League,19-357,2006,1.0,0,2,0,0.0,2.00,0.00,0.00,,0,0,1014,eng ENG,DF,eng Premier League,19-357,2006,1,90,90,25.0,1.0,1,90,1,0,,3,0.00,0,2,-2,-2.00,-2.67,809,eng ENG,DF,eng Premier League,19-357,2006,1.0,0,0,0,1,2,0,0,0,0,0
810,Jan Paul van Hecke,nl NED,DF,Tottenham,eng Premier League,26.0,2000,4,4,360,4.0,0,0,0,0,0,0,0,0,0.00,,,,,,,,,,,,,,,,,,,,,,,,,810,nl NED,DF,eng Premier League,26-098,2000,4.0,0,4,1,25.0,1.00,0.25,0.00,0.00,0,0,1015,nl NED,DF,eng Premier League,26-098,2000,4,360,90,100.0,4.0,4,90,4,0,,0,0.50,0,5,-5,-1.25,,810,nl NED,DF,eng Premier League,26-098,2000,4.0,0,0,0,6,5,0,1,2,5,0
811,Hwang Hee-chan,kr KOR,"FW,MF",Schalke 04,de Bundesliga,30.0,1996,1,0,11,0.1,0,1,1,0,0,0,0,0,8.18,,,,,,,,,,,,,,,,,,,,,,,,,811,kr KOR,"FW,MF",de Bundesliga,30-231,1996,0.1,0,0,0,,0.00,0.00,,,0,0,1016,kr KOR,"FW,MF",de Bundesliga,30-231,1996,1,11,11,4.1,0.1,0,,0,1,11,0,3.00,1,1,0,0.00,+0.35,811,kr KOR,"FW,MF",de Bundesliga,30-231,1996,0.1,0,0,0,1,0,0,1,0,0,0
812,Torbjørn Heggem,no NOR,DF,Bologna,it Serie A,27.0,1999,4,4,360,4.0,0,0,0,0,0,0,1,0,0.00,,,,,,,,,,,,,,,,,,,,,,,,,812,no NOR,DF,it Serie A,27-245,1999,4.0,0,1,0,0.0,0.25,0.00,0.00,,0,0,1017,no NOR,DF,it Serie A,27-245,1999,4,360,90,100.0,4.0,4,90,4,0,,0,0.25,2,5,-3,-0.75,,812,no NOR,DF,it Serie A,27-245,1999,4.0,1,0,0,5,2,0,0,3,1,0
813,Gauthier Hein,fr FRA,MF,Nice,fr Ligue 1,30.0,1996,4,3,296,3.3,0,0,0,0,0,0,0,0,0.00,,,,,,,,,,,,,,,,,,,,,,,,,813,fr FRA,MF,fr Ligue 1,30-038,1996,3.3,0,3,0,0.0,0.91,0.00,0.00,,0,0,1018,fr FRA,MF,fr Ligue 1,30-038,1996,4,296,74,82.2,3.3,3,90,3,1,26,0,0.50,0,4,-4,-1.22,-1.22,813,fr FRA,MF,fr Ligue 1,30-038,1996,3.3,0,0,0,2,0,0,20,1,0,0
814,Eivind Helland,no NOR,DF,Bologna,it Serie A,21.0,2005,2,2,180,2.0,0,0,0,0,0,0,0,0,0.00,,,,,,,,,,,,,,,,,,,,,,,,,814,no NOR,DF,it Serie A,21-142,2005,2.0,0,2,1,50.0,1.00,0.50,0.00,0.00,0,0,1019,no NOR,DF,it Serie A,21-142,2005,2,180,90,50.0,2.0,2,90,2,0,,2,0.00,0,2,-2,-1.00,-0.50,814,no NOR,DF,it Serie A,21-142,2005,2.0,0,0,0,3,1,0,0,4,4,0
815,George Hemmings,eng ENG,MF,Aston Villa,eng Premier League,19.0,2007,4,4,279,3.1,0,0,0,0,0,0,0,0,0.00,,,,,,,,,,,,,,,,,,,,,,,,,815,eng ENG,MF,eng Premier League,19-194,2007,3.1,0,1,1,100.0,0.32,0.32,0.00,0.00,0,0,1020,eng ENG,MF,eng Premier League,19-194,2007,4,279,70,77.5,3.1,4,70,1,0,,0,0.25,0,6,-6,-1.94,-1.94,815,eng ENG,MF,eng Premier League,19-194,2007,3.1,0,0,0,5,0,1,2,0,2,0
816,Dean Henderson,eng ENG,GK,Crystal Palace,eng Premier League,29.0,1997,3,3,270,3.0,0,0,0,0,0,0,0,0,0.00,35,eng ENG,GK,eng Premier League,29-186,1997,3,3,270,3.0,8,2.67,20,12,60.0,1,0,2,0,0.0,0,0,0,0,816,eng ENG,GK,eng Premier League,29-186,1997,3.0,0,0,0,,0.00,0.00,,,0,0,1021,eng ENG,GK,eng Premier League,29-186,1997,3,270,90,75.0,3.0,3,90,3,0,,0,1.00,4,8,-4,-1.33,-0.33,816,eng ENG,GK,eng Premier League,29-186,1997,3.0,0,0,0,0,0,0,0,0,0,0
817,Ramon Hendriks,nl NED,DF,Stuttgart,de Bundesliga,25.0,2001,3,2,183,2.0,0,0,0,0,0,0,0,0,0.00,,,,,,,,,,,,,,,,,,,,,,,,,817,nl NED,DF,de Bundesliga,25-058,2001,2.0,0,0,0,,0.00,0.00,,,0,0,1022,nl NED,DF,de Bundesliga,25-058,2001,3,183,61,67.8,2.0,2,85,1,1,13,0,1.00,3,8,-5,-2.46,-5.56,817,nl NED,DF,de Bundesliga,25-058,2001,2.0,0,0,0,0,5,0,3,2,1,1
818,Benjamin Henrichs,de GER,DF,RB Leipzig,de Bundesliga,29.0,1997,2,1,91,1.0,0,0,0,0,0,0,0,0,0.00,,,,,,,,,,,,,,,,,,,,,,,,,818,de GER,DF,de Bundesliga,29-203,1997,1.0,0,2,0,0.0,1.98,0.00,0.00,,0,0,1023,de GER,DF,de Bundesliga,29-203,1997,2,91,46,33.7,1.0,1,73,0,1,18,1,3.00,4,0,+4,+3.96,+2.95,818,de GER,DF,de Bundesliga,29-203,1997,1.0,0,0,0,1,2,0,2,1,1,0
819,Luis Henrique,br BRA,MF,Inter,it Serie A,24.0,2001,2,1,96,1.1,0,0,0,0,0,0,0,0,0.00,,,,,,,,,,,,,,,,,,,,,,,,,819,br BRA,MF,it Serie A,24-274,2001,1.1,0,1,0,0.0,0.94,0.00,0.00,,0,0,1024,br BRA,MF,it Serie A,24-274,2001,2,96,48,35.6,1.1,1,80,0,1,16,1,3.00,1,0,+1,+0.94,-1.13,819,br BRA,MF,it Serie A,24-274,2001,1.1,0,0,0,0,1,0,1,2,1,0
820,Rico Henry,jm JAM,"DF,MF",Brentford,eng Premier League,29.0,1997,1,0,3,0.0,0,0,0,0,0,0,0,0,0.00,,,,,,,,,,,,,,,,,,,,,,,,,820,jm JAM,"DF,MF",eng Premier League,29-068,1997,0.0,0,0,0,,0.00,0.00,,,0,0,1025,jm JAM,"DF,MF",eng Premier League,29-068,1997,1,3,3,0.8,0.0,0,,0,1,3,3,1.00,0,0,0,0.00,-0.76,820,jm JAM,"DF,MF",eng Premier League,29-068,1997,0.0,0,0,0,0,0,0,0,0,0,0
821,Mario Hermoso,es ESP,DF,Roma,it Serie A,31.0,1995,3,3,247,2.7,1,0,1,1,0,0,1,0,0.36,,,,,,,,,,,,,,,,,,,,,,,,,821,es ESP,DF,it Serie A,31-088,1995,2.7,1,2,1,50.0,0.73,0.36,0.50,1.00,0,0,1026,es ESP,DF,it Serie A,31-088,1995,3,247,82,91.5,2.7,3,82,2,0,,0,3.00,9,1,+8,+2.91,-1.00,821,es ESP,DF,it Serie A,31-088,1995,2.7,1,0,0,2,3,1,1,13,6,0
822,Javier Hernández,es ESP,"MF,FW",Espanyol,es La Liga,22.0,2004,5,5,393,4.4,0,3,3,0,0,0,1,0,0.69,,,,,,,,,,,,,,,,,,,,,,,,,822,es ESP,"MF,FW",es La Liga,22-227,2004,4.4,0,5,2,40.0,1.15,0.46,0.00,0.00,0,0,1028,es ESP,"MF,FW",es La Liga,22-227,2004,5,393,79,87.3,4.4,5,79,1,0,,0,1.40,8,4,+4,+0.92,+2.49,822,es ESP,"MF,FW",es La Liga,22-227,2004,4.4,1,0,0,13,8,0,6,1,5,0
823,Lucas Hernández,fr FRA,DF,Paris SG,fr Ligue 1,30.0,1996,2,1,117,1.3,0,0,0,0,0,0,1,0,0.00,,,,,,,,,,,,,,,,,,,,,,,,,823,fr FRA,DF,fr Ligue 1,30-212,1996,1.3,0,0,0,,0.00,0.00,,,0,0,1029,fr FRA,DF,fr Ligue 1,30-212,1996,2,117,59,32.5,1.3,1,90,1,1,27,2,0.50,2,3,-1,-0.77,-1.14,823,fr FRA,DF,fr Ligue 1,30-212,1996,1.3,1,0,0,1,0,0,0,1,0,0
824,Yeremay Hernández,es ESP,MF,Dep. A Coruña,es La Liga,23.0,2002,4,0,93,1.0,0,1,1,0,0,0,1,0,0.97,,,,,,,,,,,,,,,,,,,,,,,,,824,es ESP,MF,es La Liga,23-278,2002,1.0,0,1,0,0.0,0.97,0.00,0.00,,0,0,1030,es ESP,MF,es La Liga,23-278,2002,4,93,23,20.7,1.0,0,,0,4,23,0,2.00,3,1,+2,+1.94,+1.68,824,es ESP,MF,es La Liga,23-278,2002,1.0,1,0,0,1,3,1,1,1,3,0
825,Manu Hernando,es ESP,DF,Racing Sant,es La Liga,28.0,1998,4,3,306,3.4,0,0,0,0,0,0,1,0,0.00,,,,,,,,,,,,,,,,,,,,,,,,,825,es ESP,DF,es La Liga,28-057,1998,3.4,0,3,0,0.0,0.88,0.00,0.00,,0,0,1031,es ESP,DF,es La Liga,28-057,1998,4,306,77,68.0,3.4,3,77,1,1,75,1,1.00,7,8,-1,-0.29,-0.92,825,es ESP,DF,es La Liga,28-057,1998,3.4,1,0,0,4,1,0,0,3,0,0
826,David Herold,de GER,DF,Gladbach,de Bundesliga,23.0,2003,3,1,127,1.4,0,0,0,0,0,0,0,0,0.00,,,,,,,,,,,,,,,,,,,,,,,,,826,de GER,DF,de Bundesliga,23-206,2003,1.4,0,0,0,,0.00,0.00,,,0,0,1032,de GER,DF,de Bundesliga,23-206,2003,3,127,42,47.0,1.4,1,90,1,2,19,0,0.00,0,7,-7,-4.96,-3.70,826,de GER,DF,de Bundesliga,23-206,2003,1.4,0,0,0,3,1,0,8,0,4,0
827,Jorge Herrando,es ESP,DF,Osasuna,es La Liga,25.0,2001,3,3,185,2.1,0,0,0,0,0,0,1,0,0.00,,,,,,,,,,,,,,,,,,,,,,,,,827,es ESP,DF,es La Liga,25-198,2001,2.1,0,2,2,100.0,0.97,0.97,0.00,0.00,0,0,1033,es ESP,DF,es La Liga,25-198,2001,3,185,62,41.1,2.1,3,62,1,0,,0,2.33,1,1,0,0.00,+1.02,827,es ESP,DF,es La Liga,25-198,2001,2.1,1,0,0,3,2,0,0,3,1,0
828,Sergio Herrera,es ESP,GK,Osasuna,es La Liga,33.0,1993,5,5,450,5.0,0,0,0,0,0,0,2,0,0.00,36,es ESP,GK,es La Liga,33-101,1993,5,5,450,5.0,8,1.60,14,6,42.9,2,1,2,2,40.0,0,0,0,0,828,es ESP,GK,es La Liga,33-101,1993,5.0,0,0,0,,0.00,0.00,,,0,0,1034,es ESP,GK,es La Liga,33-101,1993,5,450,90,100.0,5.0,5,90,5,0,,0,1.40,5,8,-3,-0.60,,828,es ESP,GK,es La Liga,33-101,1993,5.0,2,0,0,1,2,0,0,0,1,0
829,Yangel Herrera,ve VEN,MF,Real Sociedad,es La Liga,28.0,1998,6,5,378,4.2,1,0,1,1,0,0,3,0,0.24,,,,,,,,,,,,,,,,,,,,,,,,,829,ve VEN,MF,es La Liga,28-243,1998,4.2,1,4,2,50.0,0.95,0.48,0.25,0.50,0,0,1035,ve VEN,MF,es La Liga,28-243,1998,6,378,63,70.0,4.2,5,70,0,1,29,0,1.17,3,5,-2,-0.48,+1.19,829,ve VEN,MF,es La Liga,28-243,1998,4.2,3,0,0,8,9,0,0,1,4,0
830,Alfonso Herrero,es ESP,GK,Málaga,es La Liga,32.0,1994,5,5,450,5.0,0,0,0,0,0,0,0,0,0.00,37,es ESP,GK,es La Liga,32-146,1994,5,5,450,5.0,8,1.60,27,19,70.4,0,3,2,1,20.0,0,0,0,0,830,es ESP,GK,es La Liga,32-146,1994,5.0,0,0,0,,0.00,0.00,,,0,0,1036,es ESP,GK,es La Liga,32-146,1994,5,450,90,100.0,5.0,5,90,5,0,,0,0.60,2,8,-6,-1.20,,830,es ESP,GK,es La Liga,32-146,1994,5.0,0,0,0,0,1,0,0,0,0,1
831,Lucas Herrington,au AUS,DF,Hull City,eng Premier League,19.0,2007,4,0,111,1.2,0,0,0,0,0,0,0,0,0.00,,,,,,,,,,,,,,,,,,,,,,,,,831,au AUS,DF,eng Premier League,19-009,2007,1.2,0,0,0,,0.00,0.00,,,0,0,1037,au AUS,DF,eng Premier League,19-009,2007,4,111,28,30.8,1.2,0,,0,4,28,0,2.00,1,1,0,0.00,-1.08,831,au AUS,DF,eng Premier League,19-009,2007,1.2,0,0,0,1,0,0,0,1,0,0
832,Reigan Heskey,eng ENG,FW,Köln,de Bundesliga,18.0,2008,1,0,16,0.2,0,0,0,0,0,0,0,0,0.00,,,,,,,,,,,,,,,,,,,,,,,,,832,eng ENG,FW,de Bundesliga,18-239,2008,0.2,0,1,0,0.0,5.63,0.00,0.00,,0,0,1039,eng ENG,FW,de Bundesliga,18-239,2008,1,16,16,5.9,0.2,0,,0,1,16,1,0.00,1,1,0,0.00,+0.71,832,eng ENG,FW,de Bundesliga,18-239,2008,0.2,0,0,0,0,1,0,0,0,0,0
833,Daniel Heuer Fernandes,pt POR,GK,Hamburger SV,de Bundesliga,33.0,1992,3,3,270,3.0,0,0,0,0,0,0,0,0,0.00,38,pt POR,GK,de Bundesliga,33-305,1992,3,3,270,3.0,12,4.00,21,9,42.9,0,0,3,0,0.0,0,0,0,0,833,pt POR,GK,de Bundesliga,33-305,1992,3.0,0,0,0,,0.00,0.00,,,0,0,1040,pt POR,GK,de Bundesliga,33-305,1992,3,270,90,100.0,3.0,3,90,3,0,,0,0.00,0,12,-12,-4.00,,833,pt POR,GK,de Bundesliga,33-305,1992,3.0,0,0,0,0,0,0,0,0,0,0
834,Aaron Hickey,sct SCO,DF,Brentford,eng Premier League,24.0,2002,4,1,133,1.5,0,0,0,0,0,0,0,0,0.00,,,,,,,,,,,,,,,,,,,,,,,,,834,sct SCO,DF,eng Premier League,24-096,2002,1.5,0,1,0,0.0,0.68,0.00,0.00,,0,0,1041,sct SCO,DF,eng Premier League,24-096,2002,4,133,33,36.9,1.5,1,70,0,3,21,0,1.50,3,3,0,0.00,-1.19,834,sct SCO,DF,eng Premier League,24-096,2002,1.5,0,0,0,3,4,0,3,2,2,0
835,Santiago Hidalgo,ar ARG,"MF,FW",Toulouse,fr Ligue 1,21.0,2005,4,3,184,2.0,0,0,0,0,0,0,1,0,0.00,,,,,,,,,,,,,,,,,,,,,,,,,835,ar ARG,"MF,FW",fr Ligue 1,21-209,2005,2.0,0,8,5,62.5,3.91,2.45,0.00,0.00,0,0,1042,ar ARG,"MF,FW",fr Ligue 1,21-209,2005,4,184,46,51.1,2.0,3,57,0,1,13,0,0.50,0,4,-4,-1.96,-2.47,835,ar ARG,"MF,FW",fr Ligue 1,21-209,2005,2.0,1,0,0,5,4,1,2,1,1,0
836,Omar El Hilali,ma MAR,DF,Espanyol,es La Liga,23.0,2003,5,5,434,4.8,0,1,1,0,0,0,1,0,0.21,,,,,,,,,,,,,,,,,,,,,,,,,836,ma MAR,DF,es La Liga,23-002,2003,4.8,0,0,0,,0.00,0.00,,,0,0,1043,ma MAR,DF,es La Liga,23-002,2003,5,434,87,96.4,4.8,5,87,4,0,,0,1.40,7,4,+3,+0.62,+0.62,836,ma MAR,DF,es La Liga,23-002,2003,4.8,1,0,0,13,1,3,16,6,6,0
837,James Hill,eng ENG,DF,Bournemouth,eng Premier League,24.0,2002,4,4,360,4.0,0,0,0,0,0,0,1,0,0.00,,,,,,,,,,,,,,,,,,,,,,,,,837,eng ENG,DF,eng Premier League,24-247,2002,4.0,0,0,0,,0.00,0.00,,,0,0,1044,eng ENG,DF,eng Premier League,24-247,2002,4,360,90,100.0,4.0,4,90,4,0,,0,0.75,6,7,-1,-0.25,,837,eng ENG,DF,eng Premier League,24-247,2002,4.0,1,0,0,5,3,1,0,6,3,0
838,Rémi Himbert,fr FRA,FW,Lyon,fr Ligue 1,18.0,2008,1,1,62,0.7,0,0,0,0,0,0,0,0,0.00,,,,,,,,,,,,,,,,,,,,,,,,,838,fr FRA,FW,fr Ligue 1,18-197,2008,0.7,0,0,0,,0.00,0.00,,,0,0,1045,fr FRA,FW,fr Ligue 1,18-197,2008,1,62,62,17.2,0.7,1,62,0,0,,1,3.00,0,0,0,0.00,-1.21,838,fr FRA,FW,fr Ligue 1,18-197,2008,0.7,0,0,0,3,1,0,0,1,0,0
839,Piero Hincapié,ec ECU,DF,Arsenal,eng Premier League,24.0,2002,2,0,33,0.4,0,0,0,0,0,0,0,0,0.00,,,,,,,,,,,,,,,,,,,,,,,,,839,ec ECU,DF,eng Premier League,24-248,2002,0.4,0,0,0,,0.00,0.00,,,0,0,1046,ec ECU,DF,eng Premier League,24-248,2002,2,33,17,9.2,0.4,0,,0,2,17,2,3.00,0,0,0,0.00,-1.93,839,ec ECU,DF,eng Premier League,24-248,2002,0.4,0,0,0,0,0,0,1,0,0,0
840,Roger Hinojo,es ESP,DF,Espanyol,es La Liga,21.0,2005,5,5,445,4.9,0,0,0,0,0,0,2,0,0.00,,,,,,,,,,,,,,,,,,,,,,,,,840,es ESP,DF,es La Liga,21-205,2005,4.9,0,0,0,,0.00,0.00,,,0,0,1047,es ESP,DF,es La Liga,21-205,2005,5,445,89,98.9,4.9,5,89,4,0,,0,1.40,7,5,+2,+0.40,-17.60,840,es ESP,DF,es La Liga,21-205,2005,4.9,2,0,0,4,2,0,2,5,9,0
841,Jack Hinshelwood,eng ENG,MF,Brighton,eng Premier League,21.0,2005,1,1,63,0.7,2,0,2,2,0,0,0,0,2.86,,,,,,,,,,,,,,,,,,,,,,,,,841,eng ENG,MF,eng Premier League,21-156,2005,0.7,2,3,2,66.7,4.29,2.86,0.67,1.00,0,0,1048,eng ENG,MF,eng Premier League,21-156,2005,1,63,63,17.5,0.7,1,63,0,0,,0,3.00,4,0,+4,+5.71,+4.50,841,eng ENG,MF,eng Premier League,21-156,2005,0.7,0,0,0,0,2,0,0,0,2,0
842,Jens Hjertø-Dahl,no NOR,MF,Hull City,eng Premier League,20.0,2005,1,0,9,0.1,0,0,0,0,0,0,0,0,0.00,,,,,,,,,,,,,,,,,,,,,,,,,842,no NOR,MF,eng Premier League,20-318,2005,0.1,0,0,0,,0.00,0.00,,,0,0,1049,no NOR,MF,eng Premier League,20-318,2005,1,9,9,2.5,0.1,0,,0,1,9,2,1.00,0,0,0,0.00,-0.77,842,no NOR,MF,eng Premier League,20-318,2005,0.1,0,0,0,0,1,0,0,0,0,0
843,Morten Hjulmand,dk DEN,MF,Atlético Madrid,es La Liga,27.0,1999,5,4,335,3.7,0,0,0,0,0,0,1,0,0.00,,,,,,,,,,,,,,,,,,,,,,,,,843,dk DEN,MF,es La Liga,27-081,1999,3.7,0,3,0,0.0,0.81,0.00,0.00,,0,0,1050,dk DEN,MF,es La Liga,27-081,1999,5,335,67,74.4,3.7,4,81,2,1,13,0,2.00,9,5,+4,+1.07,+1.07,843,dk DEN,MF,es La Liga,27-081,1999,3.7,1,0,0,4,9,0,0,8,4,0
844,Adam Hložek,cz CZE,"FW,MF",Hoffenheim,de Bundesliga,24.0,2002,3,3,205,2.3,2,0,2,2,0,0,0,0,0.88,,,,,,,,,,,,,,,,,,,,,,,,,844,cz CZE,"FW,MF",de Bundesliga,24-051,2002,2.3,2,11,4,36.4,4.83,1.76,0.18,0.50,0,0,1051,cz CZE,"FW,MF",de Bundesliga,24-051,2002,3,205,68,75.9,2.3,3,68,0,0,,0,1.00,5,4,+1,+0.44,+3.21,844,cz CZE,"FW,MF",de Bundesliga,24-051,2002,2.3,0,0,0,3,1,0,2,1,2,0
845,Jonas Hofmann,de GER,MF,Leverkusen,de Bundesliga,34.0,1992,1,0,26,0.3,0,0,0,0,0,0,0,0,0.00,,,,,,,,,,,,,,,,,,,,,,,,,845,de GER,MF,de Bundesliga,34-062,1992,0.3,0,1,1,100.0,3.46,3.46,0.00,0.00,0,0,1052,de GER,MF,de Bundesliga,34-062,1992,1,26,26,9.6,0.3,0,,0,1,26,2,0.00,2,0,+2,+6.92,+6.55,845,de GER,MF,de Bundesliga,34-062,1992,0.3,0,0,0,0,0,0,0,0,0,0
846,Lucas Höler,de GER,"FW,MF",Freiburg,de Bundesliga,32.0,1994,2,0,31,0.3,0,0,0,0,0,0,0,0,0.00,,,,,,,,,,,,,,,,,,,,,,,,,846,de GER,"FW,MF",de Bundesliga,32-066,1994,0.3,0,0,0,,0.00,0.00,,,0,0,1053,de GER,"FW,MF",de Bundesliga,32-066,1994,2,31,16,11.5,0.3,0,,0,2,16,0,3.00,2,1,+1,+2.90,-0.11,846,de GER,"FW,MF",de Bundesliga,32-066,1994,0.3,0,0,0,1,0,0,0,0,1,0
847,Benedict Hollerbach,de GER,"FW,MF",Mainz 05,de Bundesliga,25.0,2001,1,0,17,0.2,0,0,0,0,0,0,0,0,0.00,,,,,,,,,,,,,,,,,,,,,,,,,847,de GER,"FW,MF",de Bundesliga,25-120,2001,0.2,0,2,0,0.0,10.59,0.00,0.00,,0,0,1054,de GER,"FW,MF",de Bundesliga,25-120,2001,1,17,17,6.3,0.2,0,,0,1,17,1,0.00,1,0,+1,+5.29,+4.58,847,de GER,"FW,MF",de Bundesliga,25-120,2001,0.2,0,0,0,0,1,0,2,0,1,0
848,Emil Holm,se SWE,DF,Bologna,it Serie A,26.0,2000,4,3,273,3.0,0,0,0,0,0,0,1,0,0.00,,,,,,,,,,,,,,,,,,,,,,,,,848,se SWE,DF,it Serie A,26-124,2000,3.0,0,3,0,0.0,0.99,0.00,0.00,,0,0,1055,se SWE,DF,it Serie A,26-124,2000,4,273,68,75.8,3.0,3,84,2,1,22,0,0.25,2,3,-1,-0.33,+1.74,848,se SWE,DF,it Serie A,26-124,2000,3.0,1,0,0,0,6,0,8,2,8,0
849,Franck Honorat,fr FRA,MF,Gladbach,de Bundesliga,30.0,1996,3,2,161,1.8,0,2,2,0,0,0,0,0,1.12,,,,,,,,,,,,,,,,,,,,,,,,,849,fr FRA,MF,de Bundesliga,30-034,1996,1.8,0,4,2,50.0,2.24,1.12,0.00,0.00,0,0,1056,fr FRA,MF,de Bundesliga,30-034,1996,3,161,54,59.6,1.8,2,67,0,1,27,0,0.00,3,5,-2,-1.12,+4.66,849,fr FRA,MF,de Bundesliga,30-034,1996,1.8,0,0,0,2,0,4,15,1,1,0
850,Lukáš Horníček,cz CZE,GK,Newcastle,eng Premier League,24.0,2002,3,3,270,3.0,0,0,0,0,0,0,1,0,0.00,39,cz CZE,GK,eng Premier League,24-063,2002,3,3,270,3.0,4,1.33,17,13,76.5,1,2,0,1,33.3,1,1,0,0,850,cz CZE,GK,eng Premier League,24-063,2002,3.0,0,0,0,,0.00,0.00,,,0,0,1057,cz CZE,GK,eng Premier League,24-063,2002,3,270,90,100.0,3.0,3,90,3,0,,0,1.67,6,4,+2,+0.67,,850,cz CZE,GK,eng Premier League,24-063,2002,3.0,1,0,0,0,0,0,0,0,0,0
851,Ali Houary,ma MAR,MF,Elche,es La Liga,21.0,2005,3,3,188,2.1,0,0,0,0,0,0,1,0,0.00,,,,,,,,,,,,,,,,,,,,,,,,,851,ma MAR,MF,es La Liga,21-040,2005,2.1,0,5,2,40.0,2.39,0.96,0.00,0.00,0,0,1058,ma MAR,MF,es La Liga,21-040,2005,3,188,63,41.8,2.1,3,63,0,0,,1,0.33,1,6,-5,-2.39,-1.71,851,ma MAR,MF,es La Liga,21-040,2005,2.1,1,0,0,2,1,1,2,1,1,0
852,Lukáš Hrádecký,fi FIN,GK,Monaco,fr Ligue 1,36.0,1989,4,4,360,4.0,0,0,0,0,0,0,1,0,0.00,40,fi FIN,GK,fr Ligue 1,36-294,1989,4,4,360,4.0,2,0.50,18,16,88.9,3,1,0,2,50.0,0,0,0,0,852,fi FIN,GK,fr Ligue 1,36-294,1989,4.0,0,0,0,,0.00,0.00,,,0,0,1059,fi FIN,GK,fr Ligue 1,36-294,1989,4,360,90,100.0,4.0,4,90,4,0,,0,2.50,6,2,+4,+1.00,,852,fi FIN,GK,fr Ligue 1,36-294,1989,4.0,1,0,0,0,0,0,0,0,0,0
853,Robin Hranáč,cz CZE,DF,Hoffenheim,de Bundesliga,26.0,2000,2,0,50,0.6,0,0,0,0,0,0,0,0,0.00,,,,,,,,,,,,,,,,,,,,,,,,,853,cz CZE,DF,de Bundesliga,26-228,2000,0.6,0,1,0,0.0,1.80,0.00,0.00,,0,0,1060,cz CZE,DF,de Bundesliga,26-228,2000,2,50,25,18.5,0.6,0,,0,2,25,1,0.00,1,3,-2,-3.60,-4.01,853,cz CZE,DF,de Bundesliga,26-228,2000,0.6,0,0,0,0,0,0,0,1,2,0
854,Callum Hudson-Odoi,eng ENG,"FW,MF",Nottingham,eng Premier League,25.0,2000,1,0,1,0.0,0,0,0,0,0,0,0,0,0.00,,,,,,,,,,,,,,,,,,,,,,,,,854,eng ENG,"FW,MF",eng Premier League,25-311,2000,0.0,0,0,0,,0.00,0.00,,,0,0,1061,eng ENG,"FW,MF",eng Premier League,25-311,2000,1,1,1,0.3,0.0,0,,0,1,1,3,1.00,0,0,0,0.00,0.00,854,eng ENG,"FW,MF",eng Premier League,25-311,2000,0.0,0,0,0,1,0,0,0,0,0,0
855,Will Hughes,eng ENG,MF,Crystal Palace,eng Premier League,31.0,1995,2,0,31,0.3,0,0,0,0,0,0,0,0,0.00,,,,,,,,,,,,,,,,,,,,,,,,,855,eng ENG,MF,eng Premier League,31-150,1995,0.3,0,0,0,,0.00,0.00,,,0,0,1062,eng ENG,MF,eng Premier League,31-150,1995,2,31,16,8.6,0.3,0,,0,2,16,2,1.50,1,1,0,0.00,+1.37,855,eng ENG,MF,eng Premier League,31-150,1995,0.3,0,0,0,0,0,0,2,0,1,0
856,Dean Huijsen,es ESP,DF,Real Madrid,es La Liga,21.0,2005,4,4,360,4.0,0,0,0,0,0,0,0,0,0.00,,,,,,,,,,,,,,,,,,,,,,,,,856,es ESP,DF,es La Liga,21-153,2005,4.0,0,5,1,20.0,1.25,0.25,0.00,0.00,0,0,1063,es ESP,DF,es La Liga,21-153,2005,4,360,90,80.0,4.0,4,90,4,0,,1,2.25,10,3,+7,+1.75,-1.25,856,es ESP,DF,es La Liga,21-153,2005,4.0,0,0,0,4,2,0,1,6,4,0
857,Trai Hume,nir NIR,MF,Sunderland,eng Premier League,24.0,2002,3,2,196,2.2,0,0,0,0,0,0,0,0,0.00,,,,,,,,,,,,,,,,,,,,,,,,,857,nir NIR,MF,eng Premier League,24-180,2002,2.2,0,2,0,0.0,0.92,0.00,0.00,,0,0,1064,nir NIR,MF,eng Premier League,24-180,2002,3,196,65,54.4,2.2,2,85,1,1,27,1,1.33,3,1,+2,+0.92,+3.11,857,nir NIR,MF,eng Premier League,24-180,2002,2.2,0,0,0,4,2,0,5,1,6,0
858,Omari Hutchinson,eng ENG,MF,Milan,it Serie A,22.0,2003,1,0,14,0.2,0,0,0,0,0,0,0,0,0.00,,,,,,,,,,,,,,,,,,,,,,,,,858,eng ENG,MF,it Serie A,22-319,2003,0.2,0,1,1,100.0,6.43,6.43,0.00,0.00,0,0,1066,eng ENG,MF,it Serie A,22-319,2003,1,14,14,3.9,0.2,0,,0,1,14,1,1.00,0,0,0,0.00,-0.78,858,eng ENG,MF,it Serie A,22-319,2003,0.2,0,0,0,0,1,0,1,0,0,0
859,Lucas Høgsberg,dk DEN,DF,Strasbourg,fr Ligue 1,20.0,2006,3,2,184,2.0,0,0,0,0,0,0,0,0,0.00,,,,,,,,,,,,,,,,,,,,,,,,,859,dk DEN,DF,fr Ligue 1,20-083,2006,2.0,0,0,0,,0.00,0.00,,,0,0,1067,dk DEN,DF,fr Ligue 1,20-083,2006,3,184,61,51.1,2.0,2,86,1,1,12,1,2.00,4,6,-2,-0.98,-2.51,859,dk DEN,DF,fr Ligue 1,20-083,2006,2.0,0,0,0,2,0,0,0,1,3,0
860,Pierre Højbjerg,dk DEN,MF,Marseille,fr Ligue 1,31.0,1995,4,4,360,4.0,1,0,1,1,0,0,0,0,0.25,,,,,,,,,,,,,,,,,,,,,,,,,860,dk DEN,MF,fr Ligue 1,31-040,1995,4.0,1,7,2,28.6,1.75,0.50,0.14,0.50,0,0,1068,dk DEN,MF,fr Ligue 1,31-040,1995,4,360,90,100.0,4.0,4,90,4,0,,0,0.75,6,6,0,0.00,,860,dk DEN,MF,fr Ligue 1,31-040,1995,4.0,0,0,0,4,2,0,3,9,6,0
861,Oscar Højlund,dk DEN,MF,Frankfurt,de Bundesliga,21.0,2005,1,0,12,0.1,0,0,0,0,0,0,0,0,0.00,,,,,,,,,,,,,,,,,,,,,,,,,861,dk DEN,MF,de Bundesliga,21-253,2005,0.1,0,0,0,,0.00,0.00,,,0,0,1069,dk DEN,MF,de Bundesliga,21-253,2005,1,12,12,4.4,0.1,0,,0,1,12,1,1.00,0,1,-1,-7.50,-7.50,861,dk DEN,MF,de Bundesliga,21-253,2005,0.1,0,0,0,0,0,0,0,0,0,0
862,Rasmus Højlund,dk DEN,FW,Napoli,it Serie A,23.0,2003,4,4,301,3.3,2,0,2,2,0,0,0,0,0.60,,,,,,,,,,,,,,,,,,,,,,,,,862,dk DEN,FW,it Serie A,23-222,2003,3.3,2,7,4,57.1,2.09,1.20,0.29,0.50,0,0,1070,dk DEN,FW,it Serie A,23-222,2003,4,301,75,83.6,3.3,4,75,0,0,,0,1.50,4,3,+1,+0.30,+0.30,862,dk DEN,FW,it Serie A,23-222,2003,3.3,0,0,0,2,2,4,1,0,0,0
863,Pablo Ibáñez,es ESP,MF,Alavés,es La Liga,27.0,1998,5,5,405,4.5,1,0,1,1,0,0,1,0,0.22,,,,,,,,,,,,,,,,,,,,,,,,,863,es ESP,MF,es La Liga,27-359,1998,4.5,1,6,2,33.3,1.33,0.44,0.17,0.50,0,0,1072,es ESP,MF,es La Liga,27-359,1998,5,405,81,90.0,4.5,5,81,4,0,,0,2.00,11,4,+7,+1.56,+3.56,863,es ESP,MF,es La Liga,27-359,1998,4.5,1,0,0,9,9,0,4,5,2,0
864,Arijon Ibrahimović,de GER,"MF,FW",Augsburg,de Bundesliga,20.0,2005,2,2,118,1.3,0,0,0,0,0,0,0,0,0.00,,,,,,,,,,,,,,,,,,,,,,,,,864,de GER,"MF,FW",de Bundesliga,20-277,2005,1.3,0,6,2,33.3,4.58,1.53,0.00,0.00,0,0,1075,de GER,"MF,FW",de Bundesliga,20-277,2005,2,118,59,43.7,1.3,2,59,0,0,,0,2.00,4,2,+2,+1.53,-0.84,864,de GER,"MF,FW",de Bundesliga,20-277,2005,1.3,0,0,0,2,3,0,7,0,0,0
865,Stanis Idumbo,be BEL,MF,Monaco,fr Ligue 1,21.0,2005,4,4,321,3.6,1,0,1,1,0,0,0,0,0.28,,,,,,,,,,,,,,,,,,,,,,,,,865,be BEL,MF,fr Ligue 1,21-077,2005,3.6,1,10,3,30.0,2.80,0.84,0.10,0.33,0,0,1077,be BEL,MF,fr Ligue 1,21-077,2005,4,321,80,89.2,3.6,4,80,0,0,,0,2.50,6,2,+4,+1.12,+1.12,865,be BEL,MF,fr Ligue 1,21-077,2005,3.6,0,0,0,2,4,1,5,1,4,0
866,Jay Idzes,id IDN,DF,Sassuolo,it Serie A,26.0,2000,3,3,260,2.9,0,0,0,0,0,0,1,0,0.00,,,,,,,,,,,,,,,,,,,,,,,,,866,id IDN,DF,it Serie A,26-104,2000,2.9,0,1,0,0.0,0.35,0.00,0.00,,0,0,1078,id IDN,DF,it Serie A,26-104,2000,3,260,87,72.2,2.9,3,87,2,0,,1,2.33,5,3,+2,+0.69,+1.59,866,id IDN,DF,it Serie A,26-104,2000,2.9,1,0,0,4,3,0,1,2,0,0
867,Merwan Ifnaoui,fr FRA,"MF,FW",Troyes,fr Ligue 1,27.0,1998,3,3,235,2.6,0,0,0,0,0,0,0,0,0.00,,,,,,,,,,,,,,,,,,,,,,,,,867,fr FRA,"MF,FW",fr Ligue 1,27-327,1998,2.6,0,1,0,0.0,0.38,0.00,0.00,,0,0,1079,fr FRA,"MF,FW",fr Ligue 1,27-327,1998,3,235,78,65.3,2.6,3,78,2,0,,0,1.33,3,3,0,0.00,+3.60,867,fr FRA,"MF,FW",fr Ligue 1,27-327,1998,2.6,0,0,0,1,2,0,11,1,0,0
868,Iglesias,es ESP,DF,Sevilla,es La Liga,28.0,1998,5,5,450,5.0,1,0,1,1,0,0,0,0,0.20,,,,,,,,,,,,,,,,,,,,,,,,,868,es ESP,DF,es La Liga,28-073,1998,5.0,1,4,3,75.0,0.80,0.60,0.25,0.33,0,0,1080,es ESP,DF,es La Liga,28-073,1998,5,450,90,100.0,5.0,5,90,5,0,,0,2.00,8,6,+2,+0.40,,868,es ESP,DF,es La Liga,28-073,1998,5.0,0,0,0,3,9,0,16,4,6,0
869,Borja Iglesias,es ESP,FW,Celta Vigo,es La Liga,33.0,1993,1,0,22,0.2,0,0,0,0,0,0,0,0,0.00,,,,,,,,,,,,,,,,,,,,,,,,,869,es ESP,FW,es La Liga,33-240,1993,0.2,0,2,0,0.0,8.18,0.00,0.00,,0,0,1081,es ESP,FW,es La Liga,33-240,1993,1,22,22,4.1,0.2,0,,0,1,22,1,1.00,0,0,0,0.00,+0.52,869,es ESP,FW,es La Liga,33-240,1993,0.2,0,0,0,0,0,1,0,0,0,0
870,Jonathan Ikone,fr FRA,"FW,MF",Paris FC,fr Ligue 1,28.0,1998,1,0,4,0.0,0,0,0,0,0,0,0,0,0.00,,,,,,,,,,,,,,,,,,,,,,,,,870,fr FRA,"FW,MF",fr Ligue 1,28-135,1998,0.0,0,0,0,,0.00,0.00,,,0,0,1082,fr FRA,"FW,MF",fr Ligue 1,28-135,1998,1,4,4,1.1,0.0,0,,0,1,4,0,1.00,0,0,0,0.00,-1.01,870,fr FRA,"FW,MF",fr Ligue 1,28-135,1998,0.0,0,0,0,2,0,0,0,0,0,0
871,Ivan Ilić,rs SRB,MF,Lecce,it Serie A,25.0,2001,3,2,149,1.7,0,2,2,0,0,0,1,0,1.21,,,,,,,,,,,,,,,,,,,,,,,,,871,rs SRB,MF,it Serie A,25-181,2001,1.7,0,1,0,0.0,0.60,0.00,0.00,,0,0,1083,rs SRB,MF,it Serie A,25-181,2001,3,149,50,41.4,1.7,2,65,0,1,19,0,1.00,3,2,+1,+0.60,+1.88,871,rs SRB,MF,it Serie A,25-181,2001,1.7,1,0,0,2,0,0,9,2,1,0
872,Emirhan İlkhan,tr TUR,MF,Torino,it Serie A,22.0,2004,1,0,24,0.3,0,0,0,0,0,0,0,0,0.00,,,,,,,,,,,,,,,,,,,,,,,,,872,tr TUR,MF,it Serie A,22-105,2004,0.3,0,0,0,,0.00,0.00,,,0,0,1084,tr TUR,MF,it Serie A,22-105,2004,1,24,24,8.9,0.3,0,,0,1,24,2,0.00,0,1,-1,-3.75,-3.75,872,tr TUR,MF,it Serie A,22-105,2004,0.3,0,0,0,0,0,0,0,0,1,0
873,Samuele Inácio,it ITA,FW,Dortmund,de Bundesliga,18.0,2008,1,0,3,0.0,0,0,0,0,0,0,0,1,0.00,,,,,,,,,,,,,,,,,,,,,,,,,873,it ITA,FW,de Bundesliga,18-165,2008,0.0,0,0,0,,0.00,0.00,,,0,0,1085,it ITA,FW,de Bundesliga,18-165,2008,1,3,3,1.1,0.0,0,,0,1,3,0,3.00,0,0,0,0.00,-2.02,873,it ITA,FW,de Bundesliga,18-165,2008,0.0,0,1,0,1,0,0,0,0,0,0
874,Christ Inao Oulaï,ci CIV,MF,Fiorentina,it Serie A,20.0,2006,3,2,122,1.4,0,0,0,0,0,0,0,0,0.00,,,,,,,,,,,,,,,,,,,,,,,,,874,ci CIV,MF,it Serie A,20-161,2006,1.4,0,1,0,0.0,0.74,0.00,0.00,,0,0,1086,ci CIV,MF,it Serie A,20-161,2006,3,122,41,33.9,1.4,2,47,0,1,29,1,0.00,0,4,-4,-2.95,-2.19,874,ci CIV,MF,it Serie A,20-161,2006,1.4,0,0,0,2,5,0,0,3,5,0
875,Cyriaque Irié,bf BFA,MF,Freiburg,de Bundesliga,21.0,2005,2,0,54,0.6,0,0,0,0,0,0,1,0,0.00,,,,,,,,,,,,,,,,,,,,,,,,,875,bf BFA,MF,de Bundesliga,21-086,2005,0.6,0,2,0,0.0,3.33,0.00,0.00,,0,0,1087,bf BFA,MF,de Bundesliga,21-086,2005,2,54,27,20.0,0.6,0,,0,2,27,1,3.00,3,1,+2,+3.33,+0.42,875,bf BFA,MF,de Bundesliga,21-086,2005,0.6,1,0,0,2,0,0,1,0,1,0
876,Tim Iroegbunam,eng ENG,MF,Hull City,eng Premier League,23.0,2003,1,0,22,0.2,0,0,0,0,0,0,1,0,0.00,,,,,,,,,,,,,,,,,,,,,,,,,876,eng ENG,MF,eng Premier League,23-076,2003,0.2,0,0,0,,0.00,0.00,,,0,0,1088,eng ENG,MF,eng Premier League,23-076,2003,1,22,22,6.1,0.2,0,,0,1,22,0,1.00,0,0,0,0.00,-0.80,876,eng ENG,MF,eng Premier League,23-076,2003,0.2,1,0,0,1,0,0,0,1,1,0
877,Tim Iroegbunam,eng ENG,MF,Everton,eng Premier League,23.0,2003,1,0,5,0.1,0,0,0,0,0,0,0,0,0.00,,,,,,,,,,,,,,,,,,,,,,,,,877,eng ENG,MF,eng Premier League,23-076,2003,0.1,0,0,0,,0.00,0.00,,,0,0,1089,eng ENG,MF,eng Premier League,23-076,2003,1,5,5,1.4,0.1,0,,0,1,5,0,1.00,1,0,+1,+18.00,+17.75,877,eng ENG,MF,eng Premier League,23-076,2003,0.1,0,0,0,1,0,0,0,0,0,0
878,Alexander Isak,se SWE,FW,Liverpool,eng Premier League,26.0,1999,4,4,333,3.7,3,0,3,3,0,0,0,0,0.81,,,,,,,,,,,,,,,,,,,,,,,,,878,se SWE,FW,eng Premier League,26-358,1999,3.7,3,12,6,50.0,3.24,1.62,0.25,0.50,0,0,1090,se SWE,FW,eng Premier League,26-358,1999,4,333,83,92.5,3.7,4,83,3,0,,0,1.50,6,4,+2,+0.54,+0.54,878,se SWE,FW,eng Premier League,26-358,1999,3.7,0,0,0,1,3,3,0,0,0,0
879,Gustav Isaksen,dk DEN,FW,Lazio,it Serie A,25.0,2001,4,1,158,1.8,0,0,0,0,0,0,1,0,0.00,,,,,,,,,,,,,,,,,,,,,,,,,879,dk DEN,FW,it Serie A,25-148,2001,1.8,0,3,0,0.0,1.71,0.00,0.00,,0,0,1091,dk DEN,FW,it Serie A,25-148,2001,4,158,40,43.9,1.8,1,52,0,3,35,0,2.50,1,3,-2,-1.14,-3.37,879,dk DEN,FW,it Serie A,25-148,2001,1.8,1,0,0,3,7,0,2,0,0,0
880,Isco,es ESP,MF,Real Betis,es La Liga,34.0,1992,4,2,180,2.0,0,0,0,0,0,0,0,0,0.00,,,,,,,,,,,,,,,,,,,,,,,,,880,es ESP,MF,es La Liga,34-146,1992,2.0,0,4,3,75.0,2.00,1.50,0.00,0.00,0,0,1092,es ESP,MF,es La Liga,34-146,1992,4,180,45,50.0,2.0,2,58,0,2,33,0,2.25,4,3,+1,+0.50,+1.00,880,es ESP,MF,es La Liga,34-146,1992,2.0,0,0,0,4,4,0,9,1,0,0
881,Wilson Isidor,ht HAI,"FW,MF",Sunderland,eng Premier League,26.0,2000,4,0,98,1.1,1,0,1,1,0,0,0,0,0.92,,,,,,,,,,,,,,,,,,,,,,,,,881,ht HAI,"FW,MF",eng Premier League,26-018,2000,1.1,1,5,2,40.0,4.59,1.84,0.20,0.50,0,0,1093,ht HAI,"FW,MF",eng Premier League,26-018,2000,4,98,25,27.2,1.1,0,,0,4,25,0,1.00,2,2,0,0.00,+0.69,881,ht HAI,"FW,MF",eng Premier League,26-018,2000,1.1,0,0,0,3,5,1,0,1,0,0
882,Ardian Ismajli,al ALB,DF,Torino,it Serie A,29.0,1996,3,1,165,1.8,0,0,0,0,0,0,0,0,0.00,,,,,,,,,,,,,,,,,,,,,,,,,882,al ALB,DF,it Serie A,29-349,1996,1.8,0,0,0,,0.00,0.00,,,0,0,1094,al ALB,DF,it Serie A,29-349,1996,3,165,55,61.1,1.8,1,90,1,2,38,0,1.00,3,4,-1,-0.55,-0.55,882,al ALB,DF,it Serie A,29-349,1996,1.8,0,0,0,0,2,0,0,4,1,0
883,Ko Itakura,jp JPN,DF,Gladbach,de Bundesliga,29.0,1997,3,3,270,3.0,0,0,0,0,0,0,0,0,0.00,,,,,,,,,,,,,,,,,,,,,,,,,883,jp JPN,DF,de Bundesliga,29-230,1997,3.0,0,4,1,25.0,1.33,0.33,0.00,0.00,0,0,1095,jp JPN,DF,de Bundesliga,29-230,1997,3,270,90,100.0,3.0,3,90,3,0,,0,0.00,3,12,-9,-3.00,,883,jp JPN,DF,de Bundesliga,29-230,1997,3.0,0,0,0,2,2,0,2,2,1,0
884,Cedric Itten,ch SUI,"FW,MF",Werder Bremen,de Bundesliga,29.0,1996,3,0,57,0.6,0,0,0,0,0,0,0,0,0.00,,,,,,,,,,,,,,,,,,,,,,,,,884,ch SUI,"FW,MF",de Bundesliga,29-261,1996,0.6,0,1,0,0.0,1.58,0.00,0.00,,0,0,1097,ch SUI,"FW,MF",de Bundesliga,29-261,1996,3,57,19,21.1,0.6,0,,0,3,19,0,1.33,2,1,+1,+1.58,+2.42,884,ch SUI,"FW,MF",de Bundesliga,29-261,1996,0.6,0,0,0,2,0,0,0,0,0,0
885,Franjo Ivanović,hr CRO,MF,Lens,fr Ligue 1,22.0,2003,3,2,178,2.0,2,0,2,2,0,0,1,0,1.01,,,,,,,,,,,,,,,,,,,,,,,,,885,hr CRO,MF,fr Ligue 1,22-348,2003,2.0,2,5,4,80.0,2.53,2.02,0.40,0.50,0,0,1099,hr CRO,MF,fr Ligue 1,22-348,2003,3,178,59,49.4,2.0,2,67,0,1,45,1,1.33,5,2,+3,+1.52,+2.51,885,hr CRO,MF,fr Ligue 1,22-348,2003,2.0,1,0,0,4,4,1,0,2,3,0
886,Alex Iwobi,ng NGA,MF,Fulham,eng Premier League,30.0,1996,4,4,338,3.8,0,0,0,0,0,0,0,0,0.00,,,,,,,,,,,,,,,,,,,,,,,,,886,ng NGA,MF,eng Premier League,30-134,1996,3.8,0,4,0,0.0,1.07,0.00,0.00,,0,0,1100,ng NGA,MF,eng Premier League,30-134,1996,4,338,85,93.9,3.8,4,85,2,0,,0,0.25,4,7,-3,-0.80,-0.80,886,ng NGA,MF,eng Premier League,30-134,1996,3.8,0,0,0,2,2,0,14,3,3,0
887,Nicolas Jackson,sn SEN,FW,Aston Villa,eng Premier League,25.0,2001,3,3,199,2.2,0,0,0,0,0,0,1,0,0.00,,,,,,,,,,,,,,,,,,,,,,,,,887,sn SEN,FW,eng Premier League,25-086,2001,2.2,0,2,0,0.0,0.90,0.00,0.00,,0,0,1101,sn SEN,FW,eng Premier League,25-086,2001,3,199,66,55.3,2.2,3,66,0,0,,0,0.33,0,2,-2,-0.90,+1.33,887,sn SEN,FW,eng Premier League,25-086,2001,2.2,1,0,0,1,1,1,2,0,0,0
888,Jérémy Jacquet,fr FRA,DF,Liverpool,eng Premier League,21.0,2005,4,4,325,3.6,0,0,0,0,0,0,1,0,0.00,,,,,,,,,,,,,,,,,,,,,,,,,888,fr FRA,DF,eng Premier League,21-063,2005,3.6,0,0,0,,0.00,0.00,,,0,0,1102,fr FRA,DF,eng Premier League,21-063,2005,4,325,81,90.3,3.6,4,81,2,0,,0,1.50,4,4,0,0.00,-5.14,888,fr FRA,DF,eng Premier League,21-063,2005,3.6,1,0,0,4,5,0,0,6,5,0
889,Lee Jae-sung,kr KOR,MF,Mainz 05,de Bundesliga,34.0,1992,3,3,199,2.2,0,1,1,0,0,0,0,0,0.45,,,,,,,,,,,,,,,,,,,,,,,,,889,kr KOR,MF,de Bundesliga,34-035,1992,2.2,0,4,0,0.0,1.81,0.00,0.00,,0,0,1103,kr KOR,MF,de Bundesliga,34-035,1992,3,199,66,73.7,2.2,3,66,0,0,,0,1.33,4,2,+2,+0.90,-0.36,889,kr KOR,MF,de Bundesliga,34-035,1992,2.2,0,0,0,1,2,0,3,7,1,0
890,Karl Jakob Hein,ee EST,GK,Werder Bremen,de Bundesliga,24.0,2002,3,3,270,3.0,0,0,0,0,0,0,0,0,0.00,41,ee EST,GK,de Bundesliga,24-154,2002,3,3,270,3.0,6,2.00,14,8,57.1,1,1,1,0,0.0,1,0,1,0,890,ee EST,GK,de Bundesliga,24-154,2002,3.0,0,0,0,,0.00,0.00,,,0,0,1104,ee EST,GK,de Bundesliga,24-154,2002,3,270,90,100.0,3.0,3,90,3,0,,0,1.33,5,6,-1,-0.33,,890,ee EST,GK,de Bundesliga,24-154,2002,3.0,0,0,0,0,0,0,0,0,1,0
891,Daniel James,wls WAL,"FW,MF",Leeds United,eng Premier League,28.0,1997,1,0,23,0.3,0,0,0,0,0,0,0,0,0.00,,,,,,,,,,,,,,,,,,,,,,,,,891,wls WAL,"FW,MF",eng Premier League,28-308,1997,0.3,0,4,0,0.0,15.65,0.00,0.00,,0,0,1106,wls WAL,"FW,MF",eng Premier League,28-308,1997,1,23,23,8.5,0.3,0,,0,1,23,2,1.00,1,0,+1,+3.91,+3.91,891,wls WAL,"FW,MF",eng Premier League,28-308,1997,0.3,0,0,0,0,0,0,2,0,0,0
892,Reece James,eng ENG,MF,Chelsea,eng Premier League,26.0,1999,4,3,293,3.3,0,0,0,0,0,0,1,0,0.00,,,,,,,,,,,,,,,,,,,,,,,,,892,eng ENG,MF,eng Premier League,26-280,1999,3.3,0,8,4,50.0,2.46,1.23,0.00,0.00,0,0,1107,eng ENG,MF,eng Premier League,26-280,1999,4,293,73,81.4,3.3,3,90,3,1,23,0,1.75,7,7,0,0.00,-1.34,892,eng ENG,MF,eng Premier League,26-280,1999,3.3,1,0,0,3,2,0,15,3,1,0
893,Vitaly Janelt,de GER,MF,Brentford,eng Premier League,28.0,1998,4,4,360,4.0,2,0,2,2,0,0,3,0,0.50,,,,,,,,,,,,,,,,,,,,,,,,,893,de GER,MF,eng Premier League,28-127,1998,4.0,2,3,2,66.7,0.75,0.50,0.67,1.00,0,0,1108,de GER,MF,eng Premier League,28-127,1998,4,360,90,100.0,4.0,4,90,4,0,,0,1.50,7,4,+3,+0.75,,893,de GER,MF,eng Premier League,28-127,1998,4.0,3,0,0,9,1,0,10,16,10,0
894,Isak Jansson,se SWE,"FW,MF",Nice,fr Ligue 1,24.0,2002,2,0,23,0.3,0,0,0,0,0,0,0,0,0.00,,,,,,,,,,,,,,,,,,,,,,,,,894,se SWE,"FW,MF",fr Ligue 1,24-226,2002,0.3,0,0,0,,0.00,0.00,,,0,0,1109,se SWE,"FW,MF",fr Ligue 1,24-226,2002,2,23,12,6.4,0.3,0,,0,2,12,2,0.00,0,1,-1,-3.91,-3.11,894,se SWE,"FW,MF",fr Ligue 1,24-226,2002,0.3,0,0,0,0,2,0,1,0,1,0
895,Ardon Jashari,ch SUI,MF,Milan,it Serie A,24.0,2002,3,1,81,0.9,0,0,0,0,0,0,0,0,0.00,,,,,,,,,,,,,,,,,,,,,,,,,895,ch SUI,MF,it Serie A,24-046,2002,0.9,0,1,1,100.0,1.11,1.11,0.00,0.00,0,0,1111,ch SUI,MF,it Serie A,24-046,2002,3,81,27,22.5,0.9,1,55,0,2,13,1,2.33,1,1,0,0.00,-0.97,895,ch SUI,MF,it Serie A,24-046,2002,0.9,0,0,0,2,0,0,1,0,0,0
896,Bakery Jatta,gm GAM,MF,Hamburger SV,de Bundesliga,28.0,1998,2,1,83,0.9,0,0,0,0,0,0,0,0,0.00,,,,,,,,,,,,,,,,,,,,,,,,,896,gm GAM,MF,de Bundesliga,28-100,1998,0.9,0,0,0,,0.00,0.00,,,0,0,1112,gm GAM,MF,de Bundesliga,28-100,1998,2,83,42,30.7,0.9,1,81,0,1,2,1,0.00,0,2,-2,-2.17,+2.64,896,gm GAM,MF,de Bundesliga,28-100,1998,0.9,0,0,0,2,1,1,0,1,0,0
897,Eneko Jauregi,es ESP,FW,Málaga,es La Liga,30.0,1996,1,0,11,0.1,0,0,0,0,0,0,0,0,0.00,,,,,,,,,,,,,,,,,,,,,,,,,897,es ESP,FW,es La Liga,30-063,1996,0.1,0,0,0,,0.00,0.00,,,0,0,1113,es ESP,FW,es La Liga,30-063,1996,1,11,11,2.4,0.1,0,,0,1,11,4,0.00,0,1,-1,-8.18,-7.16,897,es ESP,FW,es La Liga,30-063,1996,0.1,0,0,0,1,1,0,0,0,1,0
898,Mikel Jauregizar,es ESP,MF,Athletic Club,es La Liga,22.0,2003,4,1,152,1.7,0,0,0,0,0,0,0,0,0.00,,,,,,,,,,,,,,,,,,,,,,,,,898,es ESP,MF,es La Liga,22-305,2003,1.7,0,1,1,100.0,0.59,0.59,0.00,0.00,0,0,1114,es ESP,MF,es La Liga,22-305,2003,4,152,38,33.8,1.7,1,69,0,3,28,1,1.75,2,1,+1,+0.59,+0.59,898,es ESP,MF,es La Liga,22-305,2003,1.7,0,0,0,3,2,0,0,4,4,0
899,Daniel Jebbison,ca CAN,FW,Bournemouth,eng Premier League,23.0,2003,2,0,18,0.2,0,0,0,0,0,0,0,0,0.00,,,,,,,,,,,,,,,,,,,,,,,,,899,ca CAN,FW,eng Premier League,23-032,2003,0.2,0,1,1,100.0,5.00,5.00,0.00,0.00,0,0,1116,ca CAN,FW,eng Premier League,23-032,2003,2,18,9,5.0,0.2,0,,0,2,9,1,0.50,0,2,-2,-10.00,-10.26,899,ca CAN,FW,eng Premier League,23-032,2003,0.2,0,0,0,0,2,0,0,0,0,0
900,Elias Jelert,dk DEN,"MF,DF",Le Havre,fr Ligue 1,23.0,2003,3,2,189,2.1,0,0,0,0,0,0,0,0,0.00,,,,,,,,,,,,,,,,,,,,,,,,,900,dk DEN,"MF,DF",fr Ligue 1,23-094,2003,2.1,0,0,0,,0.00,0.00,,,0,0,1117,dk DEN,"MF,DF",fr Ligue 1,23-094,2003,3,189,63,52.5,2.1,2,84,1,1,21,1,0.33,1,2,-1,-0.48,+0.05,900,dk DEN,"MF,DF",fr Ligue 1,23-094,2003,2.1,0,0,0,2,0,0,10,2,2,0
901,Finn Jeltsch,de GER,DF,Stuttgart,de Bundesliga,20.0,2006,3,3,270,3.0,0,1,1,0,0,0,1,0,0.33,,,,,,,,,,,,,,,,,,,,,,,,,901,de GER,DF,de Bundesliga,20-059,2006,3.0,0,6,1,16.7,2.00,0.33,0.00,0.00,0,0,1118,de GER,DF,de Bundesliga,20-059,2006,3,270,90,100.0,3.0,3,90,3,0,,0,1.00,6,8,-2,-0.67,,901,de GER,DF,de Bundesliga,20-059,2006,3.0,1,0,0,3,3,1,0,2,3,0
902,Isak Jensen,dk DEN,"FW,MF",Lorient,fr Ligue 1,22.0,2003,3,0,74,0.8,0,0,0,0,0,0,0,0,0.00,,,,,,,,,,,,,,,,,,,,,,,,,902,dk DEN,"FW,MF",fr Ligue 1,22-265,2003,0.8,0,2,0,0.0,2.43,0.00,0.00,,0,0,1119,dk DEN,"FW,MF",fr Ligue 1,22-265,2003,3,74,25,20.6,0.8,0,,0,3,25,0,1.33,0,1,-1,-1.22,-1.53,902,dk DEN,"FW,MF",fr Ligue 1,22-265,2003,0.8,0,0,0,0,2,2,5,0,0,0
903,Mathias Jensen,dk DEN,MF,Brentford,eng Premier League,30.0,1996,1,1,66,0.7,0,0,0,0,0,0,0,0,0.00,,,,,,,,,,,,,,,,,,,,,,,,,903,dk DEN,MF,eng Premier League,30-256,1996,0.7,0,2,1,50.0,2.73,1.36,0.00,0.00,0,0,1120,dk DEN,MF,eng Premier League,30-256,1996,1,66,66,18.3,0.7,1,66,0,0,,0,3.00,3,0,+3,+4.09,+4.09,903,dk DEN,MF,eng Premier League,30-256,1996,0.7,0,0,0,3,0,0,5,0,1,0
904,Gabriel Jesus,br BRA,"FW,MF",Barcelona,es La Liga,29.0,1997,1,0,10,0.1,0,0,0,0,0,0,0,0,0.00,,,,,,,,,,,,,,,,,,,,,,,,,904,br BRA,"FW,MF",es La Liga,29-164,1997,0.1,0,2,0,0.0,18.00,0.00,0.00,,0,0,1122,br BRA,"FW,MF",es La Liga,29-164,1997,1,10,10,2.2,0.1,0,,0,1,10,1,3.00,1,0,+1,+9.00,+5.73,904,br BRA,"FW,MF",es La Liga,29-164,1997,0.1,0,0,0,0,0,0,0,0,0,0
905,Igor Jesus,br BRA,FW,Nottingham,eng Premier League,25.0,2001,4,2,227,2.5,1,0,1,1,0,0,1,0,0.40,,,,,,,,,,,,,,,,,,,,,,,,,905,br BRA,FW,eng Premier League,25-201,2001,2.5,1,7,3,42.9,2.78,1.19,0.14,0.33,0,0,1123,br BRA,FW,eng Premier League,25-201,2001,4,227,57,63.1,2.5,2,90,1,2,24,0,1.25,3,3,0,0.00,0.00,905,br BRA,FW,eng Premier League,25-201,2001,2.5,1,0,0,6,5,1,0,0,1,0
906,Juan Jesus,br BRA,DF,Venezia,it Serie A,35.0,1991,1,0,22,0.2,0,0,0,0,0,0,0,0,0.00,,,,,,,,,,,,,,,,,,,,,,,,,906,br BRA,DF,it Serie A,35-096,1991,0.2,0,0,0,,0.00,0.00,,,0,0,1124,br BRA,DF,it Serie A,35-096,1991,1,22,22,6.1,0.2,0,,0,1,22,0,0.00,1,1,0,0.00,+1.86,906,br BRA,DF,it Serie A,35-096,1991,0.2,0,0,0,1,0,0,0,1,1,0
907,Álex Jiménez,es ESP,DF,Fiorentina,it Serie A,21.0,2005,3,2,202,2.2,0,1,1,0,0,0,1,0,0.45,,,,,,,,,,,,,,,,,,,,,,,,,907,es ESP,DF,it Serie A,21-129,2005,2.2,0,2,0,0.0,0.89,0.00,0.00,,0,0,1125,es ESP,DF,it Serie A,21-129,2005,3,202,67,56.1,2.2,2,87,1,1,29,1,1.00,4,6,-2,-0.89,+1.39,907,es ESP,DF,it Serie A,21-129,2005,2.2,1,0,0,1,1,0,7,2,5,0
908,João Pedro,br BRA,FW,Chelsea,eng Premier League,24.0,2001,4,4,360,4.0,3,3,6,3,0,0,1,0,1.50,,,,,,,,,,,,,,,,,,,,,,,,,908,br BRA,FW,eng Premier League,24-353,2001,4.0,3,11,4,36.4,2.75,1.00,0.27,0.75,0,0,1126,br BRA,FW,eng Premier League,24-353,2001,4,360,90,100.0,4.0,4,90,4,0,,0,1.75,10,9,+1,+0.25,,908,br BRA,FW,eng Premier League,24-353,2001,4.0,1,0,0,5,12,0,3,0,1,1
909,Jofre,es ESP,MF,Espanyol,es La Liga,25.0,2001,3,0,21,0.2,0,0,0,0,0,0,0,0,0.00,,,,,,,,,,,,,,,,,,,,,,,,,909,es ESP,MF,es La Liga,25-089,2001,0.2,0,2,0,0.0,8.57,0.00,0.00,,0,0,1127,es ESP,MF,es La Liga,25-089,2001,3,21,7,4.7,0.2,0,,0,3,7,2,1.00,0,1,-1,-4.29,-5.12,909,es ESP,MF,es La Liga,25-089,2001,0.2,0,0,0,0,1,0,1,0,0,0
910,Þórir Jóhann Helgason,is ISL,MF,Venezia,it Serie A,25.0,2000,1,0,47,0.5,0,0,0,0,0,0,0,0,0.00,,,,,,,,,,,,,,,,,,,,,,,,,910,is ISL,MF,it Serie A,25-351,2000,0.5,0,1,1,100.0,1.91,1.91,0.00,0.00,0,0,1128,is ISL,MF,it Serie A,25-351,2000,1,47,47,13.1,0.5,0,,0,1,47,3,0.00,1,2,-1,-1.91,-0.19,910,is ISL,MF,it Serie A,25-351,2000,0.5,0,0,0,2,0,0,0,0,0,0
911,Ísak Jóhannesson,is ISL,MF,Köln,de Bundesliga,23.0,2003,3,2,206,2.3,0,0,0,0,0,0,0,0,0.00,,,,,,,,,,,,,,,,,,,,,,,,,911,is ISL,MF,de Bundesliga,23-175,2003,2.3,0,3,1,33.3,1.31,0.44,0.00,0.00,0,0,1129,is ISL,MF,de Bundesliga,23-175,2003,3,206,69,76.3,2.3,2,90,2,1,26,0,1.33,4,7,-3,-1.31,-2.72,911,is ISL,MF,de Bundesliga,23-175,2003,2.3,0,0,0,0,2,0,17,0,4,0
912,Brennan Johnson,wls WAL,MF,Everton,eng Premier League,25.0,2001,4,2,175,1.9,0,0,0,0,0,0,1,0,0.00,,,,,,,,,,,,,,,,,,,,,,,,,912,wls WAL,MF,eng Premier League,25-114,2001,1.9,0,2,0,0.0,1.03,0.00,0.00,,0,0,1131,wls WAL,MF,eng Premier League,25-114,2001,4,175,44,48.6,1.9,2,70,0,2,18,0,1.50,1,1,0,0.00,-0.97,912,wls WAL,MF,eng Premier League,25-114,2001,1.9,1,0,0,4,1,3,6,3,2,0
913,Curtis Jones,eng ENG,"FW,MF",Inter,it Serie A,25.0,2001,2,0,71,0.8,0,0,0,0,0,0,0,0,0.00,,,,,,,,,,,,,,,,,,,,,,,,,913,eng ENG,"FW,MF",it Serie A,25-227,2001,0.8,0,2,0,0.0,2.54,0.00,0.00,,0,0,1132,eng ENG,"FW,MF",it Serie A,25-227,2001,2,71,36,26.3,0.8,0,,0,2,36,0,3.00,3,2,+1,+1.27,-0.54,913,eng ENG,"FW,MF",it Serie A,25-227,2001,0.8,0,0,0,1,2,0,1,0,2,0
914,Josan,es ESP,"DF,MF",Elche,es La Liga,36.0,1989,2,0,17,0.2,0,0,0,0,0,0,0,0,0.00,,,,,,,,,,,,,,,,,,,,,,,,,914,es ESP,"DF,MF",es La Liga,36-285,1989,0.2,0,0,0,,0.00,0.00,,,0,0,1133,es ESP,"DF,MF",es La Liga,36-285,1989,2,17,9,3.8,0.2,0,,0,2,9,3,0.00,0,1,-1,-5.29,-4.05,914,es ESP,"DF,MF",es La Liga,36-285,1989,0.2,0,0,0,0,0,0,11,0,0,0
915,Luiz Lúcio Reis Júnior,br BRA,GK,Villarreal,es La Liga,25.0,2001,4,4,360,4.0,0,0,0,0,0,0,0,0,0.00,42,br BRA,GK,es La Liga,25-243,2001,4,4,360,4.0,8,2.00,14,6,42.9,0,2,2,0,0.0,1,1,0,0,915,br BRA,GK,es La Liga,25-243,2001,4.0,0,0,0,,0.00,0.00,,,0,0,1136,br BRA,GK,es La Liga,25-243,2001,4,360,90,100.0,4.0,4,90,4,0,,0,0.50,6,8,-2,-0.50,,915,br BRA,GK,es La Liga,25-243,2001,4.0,0,0,0,0,0,0,0,0,0,0
916,Vinicius Júnior,br BRA,MF,Real Madrid,es La Liga,26.0,2000,5,5,441,4.9,1,3,4,1,0,0,2,0,0.82,,,,,,,,,,,,,,,,,,,,,,,,,916,br BRA,MF,es La Liga,26-064,2000,4.9,1,15,5,33.3,3.06,1.02,0.07,0.20,0,0,1138,br BRA,MF,es La Liga,26-064,2000,5,441,88,98.0,4.9,5,88,3,0,,0,2.40,13,4,+9,+1.84,-8.16,916,br BRA,MF,es La Liga,26-064,2000,4.9,2,0,0,4,19,0,16,0,3,0
917,Josip Juranović,hr CRO,DF,Union Berlin,de Bundesliga,31.0,1995,3,3,253,2.8,0,2,2,0,0,0,0,0,0.71,,,,,,,,,,,,,,,,,,,,,,,,,917,hr CRO,DF,de Bundesliga,31-029,1995,2.8,0,4,2,50.0,1.42,0.71,0.00,0.00,0,0,1139,hr CRO,DF,de Bundesliga,31-029,1995,3,253,84,93.7,2.8,3,84,2,0,,0,0.33,4,10,-6,-2.13,-2.13,917,hr CRO,DF,de Bundesliga,31-029,1995,2.8,0,0,0,0,0,0,30,4,6,0
918,James Justin,eng ENG,"MF,DF",Leeds United,eng Premier League,28.0,1998,3,3,270,3.0,0,0,0,0,0,0,0,0,0.00,,,,,,,,,,,,,,,,,,,,,,,,,918,eng ENG,"MF,DF",eng Premier League,28-203,1998,3.0,0,3,2,66.7,1.00,0.67,0.00,0.00,0,0,1140,eng ENG,"MF,DF",eng Premier League,28-203,1998,3,270,90,100.0,3.0,3,90,3,0,,0,1.67,3,2,+1,+0.33,,918,eng ENG,"MF,DF",eng Premier League,28-203,1998,3.0,0,0,0,3,3,0,5,4,7,0
919,Ferran Jutglà,es ESP,FW,Celta Vigo,es La Liga,27.0,1999,6,4,324,3.6,1,0,1,1,0,0,0,0,0.28,,,,,,,,,,,,,,,,,,,,,,,,,919,es ESP,FW,es La Liga,27-225,1999,3.6,1,4,2,50.0,1.11,0.56,0.25,0.50,0,0,1141,es ESP,FW,es La Liga,27-225,1999,6,324,54,60.0,3.6,4,76,1,2,10,0,0.67,1,3,-2,-0.56,-0.14,919,es ESP,FW,es La Liga,27-225,1999,3.6,0,0,0,5,8,1,2,0,0,0
920,Filip Jørgensen,dk DEN,GK,Strasbourg,fr Ligue 1,24.0,2002,4,4,360,4.0,0,0,0,0,0,0,1,0,0.00,43,dk DEN,GK,fr Ligue 1,24-151,2002,4,4,360,4.0,8,2.00,24,16,66.7,2,1,1,0,0.0,2,2,0,0,920,dk DEN,GK,fr Ligue 1,24-151,2002,4.0,0,0,0,,0.00,0.00,,,0,0,1142,dk DEN,GK,fr Ligue 1,24-151,2002,4,360,90,100.0,4.0,4,90,4,0,,0,1.75,9,8,+1,+0.25,,920,dk DEN,GK,fr Ligue 1,24-151,2002,4.0,1,0,0,0,2,0,0,0,1,0
921,Thomas Jørgensen,dk DEN,MF,Toulouse,fr Ligue 1,20.0,2005,4,4,347,3.9,1,0,1,1,0,0,0,0,0.26,,,,,,,,,,,,,,,,,,,,,,,,,921,dk DEN,MF,fr Ligue 1,20-349,2005,3.9,1,9,3,33.3,2.33,0.78,0.11,0.33,0,0,1143,dk DEN,MF,fr Ligue 1,20-349,2005,4,347,87,96.4,3.9,4,87,3,0,,0,0.50,4,6,-2,-0.52,+6.40,921,dk DEN,MF,fr Ligue 1,20-349,2005,3.9,0,0,0,5,1,1,11,3,4,0
922,Mohamed Kaba,gn GUI,MF,Lecce,it Serie A,24.0,2001,1,0,6,0.1,0,0,0,0,0,0,0,0,0.00,,,,,,,,,,,,,,,,,,,,,,,,,922,gn GUI,MF,it Serie A,24-322,2001,0.1,0,0,0,,0.00,0.00,,,0,0,1144,gn GUI,MF,it Serie A,24-322,2001,1,6,6,1.7,0.1,0,,0,1,6,0,3.00,0,1,-1,-15.00,-14.75,922,gn GUI,MF,it Serie A,24-322,2001,0.1,0,0,0,1,0,0,0,0,0,0
923,Ozan Kabak,tr TUR,DF,Hoffenheim,de Bundesliga,26.0,2000,3,3,258,2.9,1,0,1,1,0,0,2,0,0.35,,,,,,,,,,,,,,,,,,,,,,,,,923,tr TUR,DF,de Bundesliga,26-173,2000,2.9,1,5,2,40.0,1.74,0.70,0.20,0.50,0,0,1145,tr TUR,DF,de Bundesliga,26-173,2000,3,258,86,95.6,2.9,3,86,2,0,,0,1.00,6,6,0,0.00,+7.50,923,tr TUR,DF,de Bundesliga,26-173,2000,2.9,2,0,0,8,0,0,3,3,2,0
924,Christian Kabasele,be BEL,DF,Udinese,it Serie A,35.0,1991,1,0,53,0.6,0,0,0,0,0,0,0,0,0.00,,,,,,,,,,,,,,,,,,,,,,,,,924,be BEL,DF,it Serie A,35-202,1991,0.6,0,0,0,,0.00,0.00,,,0,0,1146,be BEL,DF,it Serie A,35-202,1991,1,53,53,19.6,0.6,0,,0,1,53,0,0.00,1,2,-1,-1.70,-2.11,924,be BEL,DF,it Serie A,35-202,1991,0.6,0,0,0,1,0,0,0,0,1,0
925,Anton Kade,de GER,MF,Augsburg,de Bundesliga,22.0,2004,1,1,90,1.0,1,1,2,1,0,0,0,0,2.00,,,,,,,,,,,,,,,,,,,,,,,,,925,de GER,MF,de Bundesliga,22-240,2004,1.0,1,6,4,66.7,6.00,4.00,0.17,0.25,0,0,1147,de GER,MF,de Bundesliga,22-240,2004,1,90,90,33.3,1.0,1,90,1,0,,0,3.00,3,0,+3,+3.00,+1.50,925,de GER,MF,de Bundesliga,22-240,2004,1.0,0,0,0,1,1,0,1,0,0,0
926,Ferdi Kadioglu,tr TUR,DF,Brighton,eng Premier League,26.0,1999,3,3,257,2.9,0,0,0,0,0,0,0,0,0.00,,,,,,,,,,,,,,,,,,,,,,,,,926,tr TUR,DF,eng Premier League,26-342,1999,2.9,0,3,1,33.3,1.05,0.35,0.00,0.00,0,0,1149,tr TUR,DF,eng Premier League,26-342,1999,3,257,86,71.4,2.9,3,86,2,0,,0,1.33,9,5,+4,+1.40,-2.09,926,tr TUR,DF,eng Premier League,26-342,1999,2.9,0,0,0,2,4,0,3,1,1,0
927,Arnaud Kalimuendo,fr FRA,FW,Nottingham,eng Premier League,24.0,2002,1,0,1,0.0,0,0,0,0,0,0,0,0,0.00,,,,,,,,,,,,,,,,,,,,,,,,,927,fr FRA,FW,eng Premier League,24-237,2002,0.0,0,0,0,,0.00,0.00,,,0,0,1150,fr FRA,FW,eng Premier League,24-237,2002,1,1,1,0.3,0.0,0,,0,1,1,1,0.00,0,0,0,0.00,0.00,927,fr FRA,FW,eng Premier League,24-237,2002,0.0,0,0,0,0,0,0,0,0,0,0
928,Joseph Kalulu,fr FRA,DF,Angers,fr Ligue 1,21.0,2004,3,3,270,3.0,0,0,0,0,0,0,1,0,0.00,,,,,,,,,,,,,,,,,,,,,,,,,928,fr FRA,DF,fr Ligue 1,21-289,2004,3.0,0,1,0,0.0,0.33,0.00,0.00,,0,0,1151,fr FRA,DF,fr Ligue 1,21-289,2004,3,270,90,75.0,3.0,3,90,3,0,,1,1.33,4,3,+1,+0.33,+2.33,928,fr FRA,DF,fr Ligue 1,21-289,2004,3.0,1,0,0,0,5,0,7,4,4,0
929,Pierre Kalulu,fr FRA,DF,Juventus,it Serie A,26.0,2000,4,4,360,4.0,0,0,0,0,0,0,0,0,0.00,,,,,,,,,,,,,,,,,,,,,,,,,929,fr FRA,DF,it Serie A,26-101,2000,4.0,0,1,1,100.0,0.25,0.25,0.00,0.00,0,0,1152,fr FRA,DF,it Serie A,26-101,2000,4,360,90,100.0,4.0,4,90,4,0,,0,1.75,6,4,+2,+0.50,,929,fr FRA,DF,it Serie A,26-101,2000,4.0,0,0,0,1,3,0,10,4,4,0
930,Daichi Kamada,jp JPN,MF,Crystal Palace,eng Premier League,30.0,1996,4,4,351,3.9,0,3,3,0,0,0,1,0,0.77,,,,,,,,,,,,,,,,,,,,,,,,,930,jp JPN,MF,eng Premier League,30-040,1996,3.9,0,1,0,0.0,0.26,0.00,0.00,,0,0,1153,jp JPN,MF,eng Premier League,30-040,1996,4,351,88,97.5,3.9,4,88,2,0,,0,0.75,6,10,-4,-1.03,+8.97,930,jp JPN,MF,eng Premier League,30-040,1996,3.9,1,0,0,1,6,3,5,2,8,0
931,Boubacar Kamara,fr FRA,MF,Aston Villa,eng Premier League,26.0,1999,4,4,360,4.0,0,0,0,0,0,0,0,0,0.00,,,,,,,,,,,,,,,,,,,,,,,,,931,fr FRA,MF,eng Premier League,26-295,1999,4.0,0,0,0,,0.00,0.00,,,0,0,1155,fr FRA,MF,eng Premier League,26-295,1999,4,360,90,100.0,4.0,4,90,4,0,,0,0.25,1,7,-6,-1.50,,931,fr FRA,MF,eng Premier League,26-295,1999,4.0,0,0,0,7,7,0,1,2,5,0
932,Hassane Kamara,ci CIV,MF,Udinese,it Serie A,32.0,1994,3,3,270,3.0,2,1,3,2,0,0,0,0,1.00,,,,,,,,,,,,,,,,,,,,,,,,,932,ci CIV,MF,it Serie A,32-193,1994,3.0,2,7,5,71.4,2.33,1.67,0.29,0.40,0,0,1156,ci CIV,MF,it Serie A,32-193,1994,3,270,90,100.0,3.0,3,90,3,0,,0,1.33,5,5,0,0.00,,932,ci CIV,MF,it Serie A,32-193,1994,3.0,0,0,0,2,0,0,11,3,7,0
933,Harry Kane,eng ENG,FW,Bayern Munich,de Bundesliga,33.0,1993,3,2,218,2.4,1,1,2,1,0,0,0,0,0.83,,,,,,,,,,,,,,,,,,,,,,,,,933,eng ENG,FW,de Bundesliga,33-048,1993,2.4,1,11,2,18.2,4.54,0.83,0.09,0.50,0,0,1160,eng ENG,FW,de Bundesliga,33-048,1993,3,218,73,80.7,2.4,2,87,1,1,45,0,2.33,6,2,+4,+1.65,-0.08,933,eng ENG,FW,de Bundesliga,33-048,1993,2.4,0,0,0,1,6,1,2,1,0,0
934,Lee Kang-in,kr KOR,"FW,MF",Atlético Madrid,es La Liga,25.0,2001,5,4,287,3.2,1,1,2,1,0,0,1,0,0.63,,,,,,,,,,,,,,,,,,,,,,,,,934,kr KOR,"FW,MF",es La Liga,25-207,2001,3.2,1,12,1,8.3,3.76,0.31,0.08,1.00,0,0,1161,kr KOR,"FW,MF",es La Liga,25-207,2001,5,287,57,63.8,3.2,4,63,0,1,34,0,2.00,6,4,+2,+0.63,-0.48,934,kr KOR,"FW,MF",es La Liga,25-207,2001,3.2,1,0,0,5,8,0,3,1,5,0
935,Kenan Karaman,tr TUR,MF,Schalke 04,de Bundesliga,32.0,1994,2,1,86,1.0,0,0,0,0,0,0,0,0,0.00,,,,,,,,,,,,,,,,,,,,,,,,,935,tr TUR,MF,de Bundesliga,32-193,1994,1.0,0,2,0,0.0,2.09,0.00,0.00,,0,0,1163,tr TUR,MF,de Bundesliga,32-193,1994,2,86,43,31.9,1.0,1,79,0,1,7,0,2.00,2,0,+2,+2.09,+3.56,935,tr TUR,MF,de Bundesliga,32-193,1994,1.0,0,0,0,0,1,2,0,1,0,0
936,Kos Karetsas,gr GRE,"MF,FW",Dortmund,de Bundesliga,18.0,2007,2,2,134,1.5,0,1,1,0,0,0,0,0,0.67,,,,,,,,,,,,,,,,,,,,,,,,,936,gr GRE,"MF,FW",de Bundesliga,18-299,2007,1.5,0,6,3,50.0,4.03,2.01,0.00,0.00,0,0,1165,gr GRE,"MF,FW",de Bundesliga,18-299,2007,2,134,67,49.6,1.5,2,67,0,0,,0,3.00,3,2,+1,+0.67,-2.64,936,gr GRE,"MF,FW",de Bundesliga,18-299,2007,1.5,0,0,0,2,6,0,6,0,0,0
937,Dermane Karim,tg TOG,MF,Troyes,fr Ligue 1,22.0,2003,3,2,186,2.1,0,0,0,0,0,0,0,0,0.00,,,,,,,,,,,,,,,,,,,,,,,,,937,tg TOG,MF,fr Ligue 1,22-262,2003,2.1,0,4,1,25.0,1.94,0.48,0.00,0.00,0,0,1166,tg TOG,MF,fr Ligue 1,22-262,2003,3,186,62,51.7,2.1,2,87,1,1,13,1,1.00,1,5,-4,-1.94,-1.42,937,tg TOG,MF,fr Ligue 1,22-262,2003,2.1,0,0,0,4,1,0,2,2,1,0
938,Loris Karius,de GER,GK,Schalke 04,de Bundesliga,33.0,1993,3,3,270,3.0,0,0,0,0,0,0,1,0,0.00,44,de GER,GK,de Bundesliga,33-084,1993,3,3,270,3.0,4,1.33,26,22,84.6,1,1,1,1,33.3,0,0,0,0,938,de GER,GK,de Bundesliga,33-084,1993,3.0,0,0,0,,0.00,0.00,,,0,0,1167,de GER,GK,de Bundesliga,33-084,1993,3,270,90,100.0,3.0,3,90,3,0,,0,1.33,3,4,-1,-0.33,,938,de GER,GK,de Bundesliga,33-084,1993,3.0,1,0,0,0,1,0,0,0,0,0
939,Lennart Karl,de GER,MF,Bayern Munich,de Bundesliga,18.0,2008,3,2,127,1.4,1,0,1,1,0,0,0,0,0.71,,,,,,,,,,,,,,,,,,,,,,,,,939,de GER,MF,de Bundesliga,18-204,2008,1.4,1,4,3,75.0,2.83,2.13,0.25,0.33,0,0,1168,de GER,MF,de Bundesliga,18-204,2008,3,127,42,47.0,1.4,2,60,0,1,7,0,2.33,2,1,+1,+0.71,-1.81,939,de GER,MF,de Bundesliga,18-204,2008,1.4,0,0,0,0,0,0,3,0,1,0
940,Jesper Karlström,se SWE,MF,Udinese,it Serie A,31.0,1995,3,3,270,3.0,1,0,1,1,0,0,1,0,0.33,,,,,,,,,,,,,,,,,,,,,,,,,940,se SWE,MF,it Serie A,31-085,1995,3.0,1,1,1,100.0,0.33,0.33,1.00,1.00,0,0,1169,se SWE,MF,it Serie A,31-085,1995,3,270,90,100.0,3.0,3,90,3,0,,0,1.33,5,5,0,0.00,,940,se SWE,MF,it Serie A,31-085,1995,3.0,1,0,0,4,1,0,5,1,4,0
941,Nikola Katić,ba BIH,DF,Schalke 04,de Bundesliga,29.0,1996,3,3,255,2.8,0,0,0,0,0,0,1,0,0.00,,,,,,,,,,,,,,,,,,,,,,,,,941,ba BIH,DF,de Bundesliga,29-339,1996,2.8,0,0,0,,0.00,0.00,,,0,0,1170,ba BIH,DF,de Bundesliga,29-339,1996,3,255,85,94.4,2.8,3,85,2,0,,0,1.33,3,2,+1,+0.35,+12.35,941,ba BIH,DF,de Bundesliga,29-339,1996,2.8,1,0,0,1,2,0,1,1,4,0
942,Panos Katseris,gr GRE,MF,Lorient,fr Ligue 1,25.0,2001,4,2,160,1.8,0,3,3,0,0,0,1,0,1.69,,,,,,,,,,,,,,,,,,,,,,,,,942,gr GRE,MF,fr Ligue 1,25-071,2001,1.8,0,1,1,100.0,0.56,0.56,0.00,0.00,0,0,1171,gr GRE,MF,fr Ligue 1,25-071,2001,4,160,40,44.4,1.8,2,62,0,2,19,0,1.25,3,1,+2,+1.13,+2.03,942,gr GRE,MF,fr Ligue 1,25-071,2001,1.8,1,0,0,1,2,0,14,4,3,0
943,Michael Kayode,it ITA,DF,Brentford,eng Premier League,22.0,2004,4,3,227,2.5,1,0,1,1,0,0,0,0,0.40,,,,,,,,,,,,,,,,,,,,,,,,,943,it ITA,DF,eng Premier League,22-066,2004,2.5,1,6,1,16.7,2.38,0.40,0.17,1.00,0,0,1173,it ITA,DF,eng Premier League,22-066,2004,4,227,57,63.1,2.5,3,69,0,1,20,0,1.50,4,1,+3,+1.19,+1.19,943,it ITA,DF,eng Premier League,22-066,2004,2.5,0,0,0,4,4,0,7,4,1,0
944,Moise Kean,it ITA,FW,Como,it Serie A,26.0,2000,1,0,25,0.3,0,1,1,0,0,0,0,0,3.60,,,,,,,,,,,,,,,,,,,,,,,,,944,it ITA,FW,it Serie A,26-198,2000,0.3,0,0,0,,0.00,0.00,,,0,0,1174,it ITA,FW,it Serie A,26-198,2000,1,25,25,9.3,0.3,0,,0,1,25,0,3.00,1,0,+1,+3.60,+2.50,944,it ITA,FW,it Serie A,26-198,2000,0.3,0,0,0,0,0,1,1,0,0,0
945,Moise Kean,it ITA,FW,Fiorentina,it Serie A,26.0,2000,1,0,28,0.3,0,0,0,0,0,0,0,0,0.00,,,,,,,,,,,,,,,,,,,,,,,,,945,it ITA,FW,it Serie A,26-198,2000,0.3,0,2,2,100.0,6.43,6.43,0.00,0.00,0,0,1175,it ITA,FW,it Serie A,26-198,2000,1,28,28,7.8,0.3,0,,0,1,28,0,0.00,0,1,-1,-3.21,-1.86,945,it ITA,FW,it Serie A,26-198,2000,0.3,0,0,0,0,2,0,0,0,0,0
946,Ilan Kebbal,dz ALG,MF,Paris FC,fr Ligue 1,28.0,1998,4,4,334,3.7,0,1,1,0,0,0,0,0,0.27,,,,,,,,,,,,,,,,,,,,,,,,,946,dz ALG,MF,fr Ligue 1,28-067,1998,3.7,0,9,3,33.3,2.43,0.81,0.00,0.00,0,0,1177,dz ALG,MF,fr Ligue 1,28-067,1998,4,334,84,92.8,3.7,4,84,1,0,,0,2.00,4,2,+2,+0.54,-6.38,946,dz ALG,MF,fr Ligue 1,28-067,1998,3.7,0,0,0,7,7,1,12,2,2,0
947,Thilo Kehrer,de GER,DF,Monaco,fr Ligue 1,29.0,1996,1,0,2,0.0,0,0,0,0,0,0,0,0,0.00,,,,,,,,,,,,,,,,,,,,,,,,,947,de GER,DF,fr Ligue 1,29-358,1996,0.0,0,0,0,,0.00,0.00,,,0,0,1178,de GER,DF,fr Ligue 1,29-358,1996,1,2,2,0.6,0.0,0,,0,1,2,1,3.00,0,0,0,0.00,-1.01,947,de GER,DF,fr Ligue 1,29-358,1996,0.0,0,0,0,0,0,0,0,0,0,0
948,Felix Keidel,de GER,MF,Elversberg,de Bundesliga,23.0,2003,3,3,252,2.8,1,0,1,1,0,0,1,0,0.36,,,,,,,,,,,,,,,,,,,,,,,,,948,de GER,MF,de Bundesliga,23-092,2003,2.8,1,2,1,50.0,0.71,0.36,0.50,1.00,0,0,1179,de GER,MF,de Bundesliga,23-092,2003,3,252,84,93.3,2.8,3,84,2,0,,0,2.00,8,7,+1,+0.36,+0.36,948,de GER,MF,de Bundesliga,23-092,2003,2.8,1,0,0,4,2,0,12,6,3,0
949,Mandela Keita,be BEL,"MF,FW",Parma,it Serie A,24.0,2002,3,3,254,2.8,0,0,0,0,0,0,1,0,0.00,,,,,,,,,,,,,,,,,,,,,,,,,949,be BEL,"MF,FW",it Serie A,24-127,2002,2.8,0,0,0,,0.00,0.00,,,0,0,1180,be BEL,"MF,FW",it Serie A,24-127,2002,3,254,85,94.1,2.8,3,85,2,0,,0,0.33,1,3,-2,-0.71,+4.92,949,be BEL,"MF,FW",it Serie A,24-127,2002,2.8,1,0,0,2,10,0,0,4,0,0
950,Yannik Keitel,de GER,MF,Augsburg,de Bundesliga,26.0,2000,2,0,14,0.2,0,0,0,0,0,0,0,0,0.00,,,,,,,,,,,,,,,,,,,,,,,,,950,de GER,MF,de Bundesliga,26-211,2000,0.2,0,0,0,,0.00,0.00,,,0,0,1181,de GER,MF,de Bundesliga,26-211,2000,2,14,7,5.2,0.2,0,,0,2,7,1,2.00,1,1,0,0.00,-2.11,950,de GER,MF,de Bundesliga,26-211,2000,0.2,0,0,0,0,0,0,0,0,0,0
951,Caoimhín Kelleher,ie IRL,GK,Brentford,eng Premier League,27.0,1998,4,4,360,4.0,0,0,0,0,0,0,0,0,0.00,45,ie IRL,GK,eng Premier League,27-295,1998,4,4,360,4.0,4,1.00,19,15,78.9,1,3,0,1,25.0,1,1,0,0,951,ie IRL,GK,eng Premier League,27-295,1998,4.0,0,0,0,,0.00,0.00,,,0,0,1182,ie IRL,GK,eng Premier League,27-295,1998,4,360,90,100.0,4.0,4,90,4,0,,0,1.50,7,4,+3,+0.75,,951,ie IRL,GK,eng Premier League,27-295,1998,4.0,0,0,0,0,0,0,0,0,0,0
952,Lloyd Kelly,eng ENG,DF,Juventus,it Serie A,27.0,1998,3,1,151,1.7,0,0,0,0,0,0,0,0,0.00,,,,,,,,,,,,,,,,,,,,,,,,,952,eng ENG,DF,it Serie A,27-343,1998,1.7,0,1,0,0.0,0.60,0.00,0.00,,0,0,1183,eng ENG,DF,it Serie A,27-343,1998,3,151,50,41.9,1.7,1,90,1,2,31,1,2.00,4,3,+1,+0.60,+0.17,952,eng ENG,DF,it Serie A,27-343,1998,1.7,0,0,0,2,1,0,1,0,0,0
953,Aljoscha Kemlein,de GER,MF,Union Berlin,de Bundesliga,22.0,2004,3,3,181,2.0,0,0,0,0,0,0,1,0,0.00,,,,,,,,,,,,,,,,,,,,,,,,,953,de GER,MF,de Bundesliga,22-043,2004,2.0,0,0,0,,0.00,0.00,,,0,0,1185,de GER,MF,de Bundesliga,22-043,2004,3,181,60,67.0,2.0,3,60,0,0,,0,0.33,1,8,-7,-3.48,-4.49,953,de GER,MF,de Bundesliga,22-043,2004,2.0,1,0,0,1,0,0,2,1,3,0
954,Marc-Oliver Kempf,de GER,DF,Como,it Serie A,31.0,1995,1,0,26,0.3,0,0,0,0,0,0,0,0,0.00,,,,,,,,,,,,,,,,,,,,,,,,,954,de GER,DF,it Serie A,31-229,1995,0.3,0,0,0,,0.00,0.00,,,0,0,1186,de GER,DF,it Serie A,31-229,1995,1,26,26,9.6,0.3,0,,0,1,26,2,3.00,0,0,0,0.00,-1.48,954,de GER,DF,it Serie A,31-229,1995,0.3,0,0,0,0,1,0,0,0,0,0
955,Milos Kerkez,hu HUN,DF,Liverpool,eng Premier League,22.0,2003,4,3,295,3.3,0,0,0,0,0,0,2,0,0.00,,,,,,,,,,,,,,,,,,,,,,,,,955,hu HUN,DF,eng Premier League,22-311,2003,3.3,0,2,1,50.0,0.61,0.31,0.00,0.00,0,0,1187,hu HUN,DF,eng Premier League,22-311,2003,4,295,74,81.9,3.3,3,83,2,1,45,0,1.50,5,4,+1,+0.31,-1.08,955,hu HUN,DF,eng Premier League,22-311,2003,3.3,2,0,0,5,5,0,11,2,3,0
956,Franck Kessié,ci CIV,MF,Atalanta,it Serie A,29.0,1996,2,1,97,1.1,0,0,0,0,0,0,0,0,0.00,,,,,,,,,,,,,,,,,,,,,,,,,956,ci CIV,MF,it Serie A,29-269,1996,1.1,0,3,1,33.3,2.78,0.93,0.00,0.00,0,0,1188,ci CIV,MF,it Serie A,29-269,1996,2,97,49,26.9,1.1,1,85,0,1,12,0,0.00,1,4,-3,-2.78,-3.81,956,ci CIV,MF,it Serie A,29-269,1996,1.1,0,0,0,2,1,0,1,0,1,0
957,Kevin,br BRA,MF,Fulham,eng Premier League,23.0,2003,3,0,45,0.5,0,0,0,0,0,0,0,0,0.00,,,,,,,,,,,,,,,,,,,,,,,,,957,br BRA,MF,eng Premier League,23-253,2003,0.5,0,1,0,0.0,2.00,0.00,0.00,,0,0,1189,br BRA,MF,eng Premier League,23-253,2003,3,45,15,12.5,0.5,0,,0,3,15,1,0.33,0,0,0,0.00,+0.86,957,br BRA,MF,eng Premier League,23-253,2003,0.5,0,0,0,3,0,0,5,0,1,0
958,Anan Khalaili,il ISR,MF,Crystal Palace,eng Premier League,22.0,2004,4,3,290,3.2,1,0,1,1,0,0,1,0,0.31,,,,,,,,,,,,,,,,,,,,,,,,,958,il ISR,MF,eng Premier League,22-011,2004,3.2,1,7,1,14.3,2.17,0.31,0.14,1.00,0,0,1190,il ISR,MF,eng Premier League,22-011,2004,4,290,73,80.6,3.2,3,85,2,1,36,0,0.75,6,8,-2,-0.62,+3.24,958,il ISR,MF,eng Premier League,22-011,2004,3.2,1,0,0,3,1,0,11,5,11,0
959,Bilal El Khannouss,ma MAR,MF,Stuttgart,de Bundesliga,22.0,2004,3,1,120,1.3,1,0,1,1,0,0,0,0,0.75,,,,,,,,,,,,,,,,,,,,,,,,,959,ma MAR,MF,de Bundesliga,22-127,2004,1.3,1,3,1,33.3,2.25,0.75,0.33,1.00,0,0,1191,ma MAR,MF,de Bundesliga,22-127,2004,3,120,40,44.4,1.3,1,77,0,2,22,0,1.00,3,3,0,0.00,+1.20,959,ma MAR,MF,de Bundesliga,22-127,2004,1.3,0,0,0,0,1,1,7,0,4,0
960,Rani Khedira,tn TUN,"FW,MF",Union Berlin,de Bundesliga,32.0,1994,3,3,270,3.0,0,0,0,0,0,0,0,0,0.00,,,,,,,,,,,,,,,,,,,,,,,,,960,tn TUN,"FW,MF",de Bundesliga,32-230,1994,3.0,0,0,0,,0.00,0.00,,,0,0,1192,tn TUN,"FW,MF",de Bundesliga,32-230,1994,3,270,90,100.0,3.0,3,90,3,0,,0,0.33,4,10,-6,-2.00,,960,tn TUN,"FW,MF",de Bundesliga,32-230,1994,3.0,0,0,0,3,2,0,2,2,5,0
961,Abdukodir Khusanov,uz UZB,DF,Manchester City,eng Premier League,22.0,2004,3,3,268,3.0,0,0,0,0,0,0,1,0,0.00,,,,,,,,,,,,,,,,,,,,,,,,,961,uz UZB,DF,eng Premier League,22-197,2004,3.0,0,0,0,,0.00,0.00,,,0,0,1193,uz UZB,DF,eng Premier League,22-197,2004,3,268,89,74.4,3.0,3,89,2,0,,1,3.00,7,2,+5,+1.68,+0.70,961,uz UZB,DF,eng Premier League,22-197,2004,3.0,1,0,0,2,1,0,2,3,5,0
962,Kialonda,ao ANG,DF,Lecce,it Serie A,28.0,1997,3,3,245,2.7,0,0,0,0,0,0,2,0,0.00,,,,,,,,,,,,,,,,,,,,,,,,,962,ao ANG,DF,it Serie A,28-352,1997,2.7,0,1,1,100.0,0.37,0.37,0.00,0.00,0,0,1194,ao ANG,DF,it Serie A,28-352,1997,3,245,82,68.1,2.7,3,82,2,0,,1,1.00,2,5,-3,-1.10,-1.88,962,ao ANG,DF,it Serie A,28-352,1997,2.7,2,0,0,4,3,0,1,2,5,0
963,Joshua Kimmich,de GER,MF,Bayern Munich,de Bundesliga,31.0,1995,3,2,206,2.3,0,2,2,0,0,0,0,0,0.87,,,,,,,,,,,,,,,,,,,,,,,,,963,de GER,MF,de Bundesliga,31-218,1995,2.3,0,1,1,100.0,0.44,0.44,0.00,0.00,0,0,1195,de GER,MF,de Bundesliga,31-218,1995,3,206,69,76.3,2.3,2,90,2,1,26,0,2.33,6,1,+5,+2.18,+2.18,963,de GER,MF,de Bundesliga,31-218,1995,2.3,0,0,0,0,4,1,16,4,2,0
964,Joshua King,eng ENG,MF,Fulham,eng Premier League,19.0,2007,4,4,346,3.8,2,0,2,2,0,0,0,0,0.52,,,,,,,,,,,,,,,,,,,,,,,,,964,eng ENG,MF,eng Premier League,19-254,2007,3.8,2,11,5,45.5,2.86,1.30,0.18,0.40,0,0,1196,eng ENG,MF,eng Premier League,19-254,2007,4,346,87,96.1,3.8,4,87,3,0,,0,0.25,4,7,-3,-0.78,-0.78,964,eng ENG,MF,eng Premier League,19-254,2007,3.8,0,0,0,3,5,0,4,1,4,0
965,Antonín Kinský,cz CZE,GK,Tottenham,eng Premier League,23.0,2003,4,4,360,4.0,0,0,0,0,0,0,0,0,0.00,46,cz CZE,GK,eng Premier League,23-185,2003,4,4,360,4.0,5,1.25,14,9,64.3,0,2,2,2,50.0,1,0,0,1,965,cz CZE,GK,eng Premier League,23-185,2003,4.0,0,0,0,,0.00,0.00,,,0,0,1198,cz CZE,GK,eng Premier League,23-185,2003,4,360,90,100.0,4.0,4,90,4,0,,0,0.50,0,5,-5,-1.25,,965,cz CZE,GK,eng Premier League,23-185,2003,4.0,0,0,0,0,1,0,0,0,0,0
966,Maurits Kjærgaard,dk DEN,MF,Lille,fr Ligue 1,23.0,2003,1,0,30,0.3,0,1,1,0,0,0,0,0,3.00,,,,,,,,,,,,,,,,,,,,,,,,,966,dk DEN,MF,fr Ligue 1,23-080,2003,0.3,0,1,1,100.0,3.00,3.00,0.00,0.00,0,0,1202,dk DEN,MF,fr Ligue 1,23-080,2003,1,30,30,8.3,0.3,0,,0,1,30,1,3.00,1,0,+1,+3.00,+1.91,966,dk DEN,MF,fr Ligue 1,23-080,2003,0.3,0,0,0,0,0,0,0,0,0,0
967,Tim Kleindienst,de GER,FW,Gladbach,de Bundesliga,31.0,1995,3,3,217,2.4,0,0,0,0,0,0,2,1,0.00,,,,,,,,,,,,,,,,,,,,,,,,,967,de GER,FW,de Bundesliga,31-014,1995,2.4,0,6,1,16.7,2.49,0.41,0.00,0.00,0,0,1204,de GER,FW,de Bundesliga,31-014,1995,3,217,72,80.4,2.4,3,72,1,0,,0,0.00,3,7,-4,-1.66,+6.83,967,de GER,FW,de Bundesliga,31-014,1995,2.4,2,1,1,8,1,1,2,0,0,0
968,Justin Kluivert,nl NED,MF,Bournemouth,eng Premier League,27.0,1999,4,4,294,3.3,1,0,1,1,0,0,1,0,0.31,,,,,,,,,,,,,,,,,,,,,,,,,968,nl NED,MF,eng Premier League,27-132,1999,3.3,1,10,6,60.0,3.06,1.84,0.10,0.17,0,0,1206,nl NED,MF,eng Premier League,27-132,1999,4,294,74,81.7,3.3,4,74,0,0,,0,0.75,6,3,+3,+0.92,+6.37,968,nl NED,MF,eng Premier League,27-132,1999,3.3,1,0,0,5,5,0,4,2,3,0
969,Ruben Kluivert,nl NED,DF,Lyon,fr Ligue 1,25.0,2001,1,0,5,0.1,0,0,0,0,0,0,0,0,0.00,,,,,,,,,,,,,,,,,,,,,,,,,969,nl NED,DF,fr Ligue 1,25-116,2001,0.1,0,0,0,,0.00,0.00,,,0,0,1207,nl NED,DF,fr Ligue 1,25-116,2001,1,5,5,1.4,0.1,0,,0,1,5,1,3.00,0,0,0,0.00,-1.01,969,nl NED,DF,fr Ligue 1,25-116,2001,0.1,0,0,0,0,0,0,0,0,0,0
970,Gregor Kobel,ch SUI,GK,Dortmund,de Bundesliga,28.0,1997,3,3,270,3.0,0,0,0,0,0,0,0,0,0.00,47,ch SUI,GK,de Bundesliga,28-282,1997,3,3,270,3.0,2,0.67,9,7,77.8,3,0,0,2,66.7,0,0,0,0,970,ch SUI,GK,de Bundesliga,28-282,1997,3.0,0,0,0,,0.00,0.00,,,0,0,1208,ch SUI,GK,de Bundesliga,28-282,1997,3,270,90,100.0,3.0,3,90,3,0,,0,3.00,8,2,+6,+2.00,,970,ch SUI,GK,de Bundesliga,28-282,1997,3.0,0,0,0,0,1,0,0,0,0,0
971,Robin Koch,de GER,DF,Frankfurt,de Bundesliga,30.0,1996,3,3,270,3.0,0,0,0,0,0,0,0,0,0.00,,,,,,,,,,,,,,,,,,,,,,,,,971,de GER,DF,de Bundesliga,30-059,1996,3.0,0,4,2,50.0,1.33,0.67,0.00,0.00,0,0,1209,de GER,DF,de Bundesliga,30-059,1996,3,270,90,100.0,3.0,3,90,3,0,,0,1.33,7,8,-1,-0.33,,971,de GER,DF,de Bundesliga,30-059,1996,3.0,0,0,0,1,0,0,1,8,1,0
972,Giorgi Kochorashvili,ge GEO,MF,Sevilla,es La Liga,27.0,1999,3,1,109,1.2,0,1,1,0,0,0,1,0,0.83,,,,,,,,,,,,,,,,,,,,,,,,,972,ge GEO,MF,es La Liga,27-077,1999,1.2,0,3,0,0.0,2.48,0.00,0.00,,0,0,1210,ge GEO,MF,es La Liga,27-077,1999,3,109,36,24.2,1.2,1,53,0,2,28,1,1.33,2,0,+2,+1.65,+1.65,972,ge GEO,MF,es La Liga,27-077,1999,1.2,1,0,0,3,2,0,11,1,2,0
973,Nicolas Kocik,fr FRA,GK,Le Mans,fr Ligue 1,28.0,1998,2,2,170,1.9,0,0,0,0,0,0,0,0,0.00,48,fr FRA,GK,fr Ligue 1,28-041,1998,2,2,170,1.9,4,2.12,13,9,69.2,0,1,1,0,0.0,0,0,0,0,973,fr FRA,GK,fr Ligue 1,28-041,1998,1.9,0,0,0,,0.00,0.00,,,0,0,1211,fr FRA,GK,fr Ligue 1,28-041,1998,2,170,85,47.2,1.9,2,85,1,0,,1,0.50,4,4,0,0.00,+0.47,973,fr FRA,GK,fr Ligue 1,28-041,1998,1.9,0,0,0,0,1,0,0,0,0,0
974,Christian Kofane,cm CMR,FW,Leverkusen,de Bundesliga,20.0,2006,3,1,122,1.4,2,0,2,2,0,0,0,0,1.48,,,,,,,,,,,,,,,,,,,,,,,,,974,cm CMR,FW,de Bundesliga,20-050,2006,1.4,2,8,2,25.0,5.90,1.48,0.25,1.00,0,0,1213,cm CMR,FW,de Bundesliga,20-050,2006,3,122,41,45.2,1.4,1,62,0,2,30,0,1.33,3,2,+1,+0.74,-0.48,974,cm CMR,FW,de Bundesliga,20-050,2006,1.4,0,0,0,6,1,0,0,1,1,0
975,Enzo Koffi Vinette,fr FRA,FW,Le Havre,fr Ligue 1,20.0,2006,4,0,106,1.2,0,0,0,0,0,0,0,0,0.00,,,,,,,,,,,,,,,,,,,,,,,,,975,fr FRA,FW,fr Ligue 1,20-194,2006,1.2,0,3,2,66.7,2.55,1.70,0.00,0.00,0,0,1214,fr FRA,FW,fr Ligue 1,20-194,2006,4,106,27,29.4,1.2,0,,0,4,27,0,0.50,1,1,0,0.00,+0.71,975,fr FRA,FW,fr Ligue 1,20-194,2006,1.2,0,0,0,1,5,0,11,2,3,0
976,Raphael Kofler,it ITA,DF,Cagliari,it Serie A,21.0,2005,3,0,71,0.8,0,0,0,0,0,0,0,0,0.00,,,,,,,,,,,,,,,,,,,,,,,,,976,it ITA,DF,it Serie A,21-141,2005,0.8,0,1,0,0.0,1.27,0.00,0.00,,0,0,1215,it ITA,DF,it Serie A,21-141,2005,3,71,24,19.7,0.8,0,,0,3,24,1,2.00,0,0,0,0.00,-0.62,976,it ITA,DF,it Serie A,21-141,2005,0.8,0,0,0,0,0,0,0,1,1,0
977,Derrick Köhn,gh GHA,"DF,MF",Union Berlin,de Bundesliga,27.0,1999,1,0,9,0.1,0,0,0,0,0,0,0,0,0.00,,,,,,,,,,,,,,,,,,,,,,,,,977,gh GHA,"DF,MF",de Bundesliga,27-222,1999,0.1,0,1,1,100.0,10.00,10.00,0.00,0.00,0,0,1216,gh GHA,"DF,MF",de Bundesliga,27-222,1999,1,9,9,3.3,0.1,0,,0,1,9,1,1.00,1,0,+1,+10.00,+12.41,977,gh GHA,"DF,MF",de Bundesliga,27-222,1999,0.1,0,0,0,0,1,0,0,0,0,0
978,Dominik Kohr,de GER,DF,Mainz 05,de Bundesliga,32.0,1994,1,1,79,0.9,0,0,0,0,0,0,0,0,0.00,,,,,,,,,,,,,,,,,,,,,,,,,978,de GER,DF,de Bundesliga,32-226,1994,0.9,0,1,1,100.0,1.14,1.14,0.00,0.00,0,0,1218,de GER,DF,de Bundesliga,32-226,1994,1,79,79,29.3,0.9,1,79,0,0,,0,1.00,0,0,0,0.00,-1.41,978,de GER,DF,de Bundesliga,32-226,1994,0.9,0,0,0,1,0,0,0,0,1,0
979,Koke,es ESP,MF,Atlético Madrid,es La Liga,34.0,1992,5,2,224,2.5,0,0,0,0,0,0,0,0,0.00,,,,,,,,,,,,,,,,,,,,,,,,,979,es ESP,MF,es La Liga,34-249,1992,2.5,0,1,0,0.0,0.40,0.00,0.00,,0,0,1219,es ESP,MF,es La Liga,34-249,1992,5,224,45,49.8,2.5,2,71,0,3,27,0,2.00,5,2,+3,+1.21,+0.81,979,es ESP,MF,es La Liga,34-249,1992,2.5,0,0,0,1,4,0,7,1,4,0
980,Sead Kolašinac,ba BIH,DF,Atalanta,it Serie A,33.0,1993,4,3,236,2.6,0,0,0,0,0,0,0,0,0.00,,,,,,,,,,,,,,,,,,,,,,,,,980,ba BIH,DF,it Serie A,33-086,1993,2.6,0,1,0,0.0,0.38,0.00,0.00,,0,0,1220,ba BIH,DF,it Serie A,33-086,1993,4,236,59,65.6,2.6,3,72,0,1,20,0,1.50,2,2,0,0.00,0.00,980,ba BIH,DF,it Serie A,33-086,1993,2.6,0,0,0,2,2,0,0,1,2,0
981,Luca Koleosho,it ITA,MF,Paris FC,fr Ligue 1,21.0,2004,3,3,199,2.2,0,1,1,0,0,0,0,0,0.45,,,,,,,,,,,,,,,,,,,,,,,,,981,it ITA,MF,fr Ligue 1,21-364,2004,2.2,0,6,1,16.7,2.71,0.45,0.00,0.00,0,0,1221,it ITA,MF,fr Ligue 1,21-364,2004,3,199,66,55.3,2.2,3,66,0,0,,0,1.67,2,2,0,0.00,-2.24,981,it ITA,MF,fr Ligue 1,21-364,2004,2.2,0,0,0,6,2,1,2,2,2,0
982,Randal Kolo Muani,fr FRA,FW,Juventus,it Serie A,27.0,1998,4,4,360,4.0,0,1,1,0,0,0,0,0,0.25,,,,,,,,,,,,,,,,,,,,,,,,,982,fr FRA,FW,it Serie A,27-283,1998,4.0,0,9,2,22.2,2.25,0.50,0.00,0.00,0,0,1222,fr FRA,FW,it Serie A,27-283,1998,4,360,90,100.0,4.0,4,90,4,0,,0,1.75,6,4,+2,+0.50,,982,fr FRA,FW,it Serie A,27-283,1998,4.0,0,0,0,10,6,2,1,0,0,0
983,Mert Kömür,de GER,MF,Augsburg,de Bundesliga,21.0,2005,3,0,58,0.6,0,0,0,0,0,0,0,0,0.00,,,,,,,,,,,,,,,,,,,,,,,,,983,de GER,MF,de Bundesliga,21-059,2005,0.6,0,4,2,50.0,6.21,3.10,0.00,0.00,0,0,1223,de GER,MF,de Bundesliga,21-059,2005,3,58,19,21.5,0.6,0,,0,3,19,0,2.33,4,1,+3,+4.66,+3.38,983,de GER,MF,de Bundesliga,21-059,2005,0.6,0,0,0,0,3,0,1,0,0,0
984,Umaru Konare,es ESP,FW,Elche,es La Liga,22.0,2004,1,0,22,0.2,0,0,0,0,0,0,1,0,0.00,,,,,,,,,,,,,,,,,,,,,,,,,984,es ESP,FW,es La Liga,22-035,2004,0.2,0,0,0,,0.00,0.00,,,0,0,1224,es ESP,FW,es La Liga,22-035,2004,1,22,22,4.9,0.2,0,,0,1,22,1,1.00,1,0,+1,+4.09,+5.77,984,es ESP,FW,es La Liga,22-035,2004,0.2,1,0,0,2,0,0,0,0,0,0
985,Abdou-Salam Konaté,sn SEN,MF,Parma,it Serie A,19.0,2006,2,1,94,1.0,0,0,0,0,0,0,1,0,0.00,,,,,,,,,,,,,,,,,,,,,,,,,985,sn SEN,MF,it Serie A,19-293,2006,1.0,0,1,0,0.0,0.96,0.00,0.00,,0,0,1225,sn SEN,MF,it Serie A,19-293,2006,2,94,47,34.8,1.0,1,83,0,1,11,1,0.00,0,2,-2,-1.91,-1.40,985,sn SEN,MF,it Serie A,19-293,2006,1.0,1,0,0,3,2,0,0,2,2,0
986,Ibrahima Konaté,fr FRA,DF,Real Madrid,es La Liga,27.0,1999,4,4,360,4.0,0,0,0,0,0,0,2,0,0.00,,,,,,,,,,,,,,,,,,,,,,,,,986,fr FRA,DF,es La Liga,27-112,1999,4.0,0,3,1,33.3,0.75,0.25,0.00,0.00,0,0,1227,fr FRA,DF,es La Liga,27-112,1999,4,360,90,80.0,4.0,4,90,4,0,,1,2.25,10,4,+6,+1.50,-2.50,986,fr FRA,DF,es La Liga,27-112,1999,4.0,2,0,0,5,1,0,0,1,5,0
987,Oumar Konaté,ci CIV,FW,Monaco,fr Ligue 1,19.0,2007,1,0,10,0.1,0,0,0,0,0,0,0,0,0.00,,,,,,,,,,,,,,,,,,,,,,,,,987,ci CIV,FW,fr Ligue 1,19-132,2007,0.1,0,0,0,,0.00,0.00,,,0,0,1228,ci CIV,FW,fr Ligue 1,19-132,2007,1,10,10,2.8,0.1,0,,0,1,10,0,3.00,0,0,0,0.00,-1.03,987,ci CIV,FW,fr Ligue 1,19-132,2007,0.1,0,0,0,1,1,0,0,0,0,0
988,Samba Konaté,fr FRA,FW,RB Leipzig,de Bundesliga,17.0,2009,1,0,7,0.1,0,0,0,0,0,0,0,0,0.00,,,,,,,,,,,,,,,,,,,,,,,,,988,fr FRA,FW,de Bundesliga,17-199,2009,0.1,0,1,0,0.0,12.86,0.00,0.00,,0,0,1229,fr FRA,FW,de Bundesliga,17-199,2009,1,7,7,2.6,0.1,0,,0,1,7,0,0.00,1,0,+1,+12.86,+11.15,988,fr FRA,FW,de Bundesliga,17-199,2009,0.1,0,0,0,1,1,0,1,0,0,0
989,Geoffrey Kondogbia,cf CTA,DF,Marseille,fr Ligue 1,33.0,1993,2,2,139,1.5,0,0,0,0,0,0,0,0,0.00,,,,,,,,,,,,,,,,,,,,,,,,,989,cf CTA,DF,fr Ligue 1,33-211,1993,1.5,0,0,0,,0.00,0.00,,,0,0,1230,cf CTA,DF,fr Ligue 1,33-211,1993,2,139,70,38.6,1.5,2,70,0,0,,0,1.50,2,2,0,0.00,0.00,989,cf CTA,DF,fr Ligue 1,33-211,1993,1.5,0,0,0,1,1,0,0,3,5,0
990,Mamadou Koné,ci CIV,FW,Lorient,fr Ligue 1,19.0,2006,4,3,222,2.5,1,0,1,1,0,0,0,0,0.41,,,,,,,,,,,,,,,,,,,,,,,,,990,ci CIV,FW,fr Ligue 1,19-298,2006,2.5,1,7,5,71.4,2.84,2.03,0.14,0.20,0,0,1232,ci CIV,FW,fr Ligue 1,19-298,2006,4,222,56,61.7,2.5,3,67,0,1,22,0,1.25,2,2,0,0.00,0.00,990,ci CIV,FW,fr Ligue 1,19-298,2006,2.5,0,0,0,5,3,0,0,2,1,0
991,Manu Koné,fr FRA,MF,Roma,it Serie A,25.0,2001,3,3,234,2.6,0,0,0,0,0,0,1,0,0.00,,,,,,,,,,,,,,,,,,,,,,,,,991,fr FRA,MF,it Serie A,25-120,2001,2.6,0,4,1,25.0,1.54,0.38,0.00,0.00,0,0,1233,fr FRA,MF,it Serie A,25-120,2001,3,234,78,86.7,2.6,3,78,1,0,,0,3.00,9,1,+8,+3.08,+0.58,991,fr FRA,MF,it Serie A,25-120,2001,2.6,1,0,0,2,2,0,0,2,6,0
992,Yacouba Koné,ci CIV,FW,Troyes,fr Ligue 1,19.0,2007,4,0,28,0.3,0,0,0,0,0,0,0,0,0.00,,,,,,,,,,,,,,,,,,,,,,,,,992,ci CIV,FW,fr Ligue 1,19-085,2007,0.3,0,1,1,100.0,3.21,3.21,0.00,0.00,0,0,1234,ci CIV,FW,fr Ligue 1,19-085,2007,4,28,7,7.8,0.3,0,,0,4,7,0,1.00,1,4,-3,-9.64,-9.10,992,ci CIV,FW,fr Ligue 1,19-085,2007,0.3,0,0,0,1,0,0,0,0,0,0
993,Ransford Königsdörffer,gh GHA,"FW,MF",Mainz 05,de Bundesliga,25.0,2001,3,0,91,1.0,1,0,1,1,0,0,0,0,0.99,,,,,,,,,,,,,,,,,,,,,,,,,993,gh GHA,"FW,MF",de Bundesliga,25-001,2001,1.0,1,4,2,50.0,3.96,1.98,0.25,0.50,0,0,1235,gh GHA,"FW,MF",de Bundesliga,25-001,2001,3,91,30,33.7,1.0,0,,0,3,30,0,1.33,3,1,+2,+1.98,+1.48,993,gh GHA,"FW,MF",de Bundesliga,25-001,2001,1.0,0,0,0,3,2,0,3,0,1,0
994,Ezri Konsa,eng ENG,DF,Arsenal,eng Premier League,28.0,1997,3,2,192,2.1,0,0,0,0,0,0,0,0,0.00,,,,,,,,,,,,,,,,,,,,,,,,,994,eng ENG,DF,eng Premier League,28-326,1997,2.1,0,0,0,,0.00,0.00,,,0,0,1236,eng ENG,DF,eng Premier League,28-326,1997,3,192,64,53.3,2.1,2,90,2,1,12,0,3.00,4,1,+3,+1.41,-0.74,994,eng ENG,DF,eng Premier League,28-326,1997,2.1,0,0,0,3,4,2,0,3,2,0
995,Giannis Konstantelias,gr GRE,FW,Dortmund,de Bundesliga,23.0,2003,1,1,53,0.6,1,0,1,1,0,0,0,0,1.70,,,,,,,,,,,,,,,,,,,,,,,,,995,gr GRE,FW,de Bundesliga,23-193,2003,0.6,1,2,0,0.0,3.40,0.00,0.50,,0,0,1237,gr GRE,FW,de Bundesliga,23-193,2003,1,53,53,19.6,0.6,1,53,0,0,,0,3.00,2,0,+2,+3.40,+1.74,995,gr GRE,FW,de Bundesliga,23-193,2003,0.6,0,0,0,1,1,0,0,2,0,0
996,Teun Koopmeiners,nl NED,MF,Juventus,it Serie A,28.0,1998,4,1,114,1.3,1,1,2,1,0,0,0,0,1.58,,,,,,,,,,,,,,,,,,,,,,,,,996,nl NED,MF,it Serie A,28-198,1998,1.3,1,4,2,50.0,3.16,1.58,0.25,0.50,0,0,1238,nl NED,MF,it Serie A,28-198,1998,4,114,29,31.7,1.3,1,70,0,3,15,0,1.75,2,2,0,0.00,-0.73,996,nl NED,MF,it Serie A,28-198,1998,1.3,0,0,0,4,0,0,5,1,0,0
997,Ville Koski,fi FIN,DF,Alavés,es La Liga,24.0,2002,5,5,439,4.9,1,0,1,1,0,0,0,0,0.21,,,,,,,,,,,,,,,,,,,,,,,,,997,fi FIN,DF,es La Liga,24-230,2002,4.9,1,1,1,100.0,0.21,0.21,1.00,1.00,0,0,1240,fi FIN,DF,es La Liga,24-230,2002,5,439,88,97.6,4.9,5,88,4,0,,0,2.00,10,5,+5,+1.03,-7.16,997,fi FIN,DF,es La Liga,24-230,2002,4.9,0,0,0,6,0,0,0,6,1,0
998,Odilon Kossounou,ci CIV,DF,Atalanta,it Serie A,25.0,2001,4,4,360,4.0,0,0,0,0,0,0,0,0,0.00,,,,,,,,,,,,,,,,,,,,,,,,,998,ci CIV,DF,it Serie A,25-253,2001,4.0,0,1,0,0.0,0.25,0.00,0.00,,0,0,1242,ci CIV,DF,it Serie A,25-253,2001,4,360,90,100.0,4.0,4,90,4,0,,0,1.50,5,5,0,0.00,,998,ci CIV,DF,it Serie A,25-253,2001,4.0,0,0,0,1,1,0,0,4,2,0
999,Charalampos Kostoulas,gr GRE,FW,Brighton,eng Premier League,19.0,2007,4,3,279,3.1,1,0,1,1,0,0,0,0,0.32,,,,,,,,,,,,,,,,,,,,,,,,,999,gr GRE,FW,eng Premier League,19-107,2007,3.1,1,9,3,33.3,2.90,0.97,0.11,0.33,0,0,1243,gr GRE,FW,eng Premier League,19-107,2007,4,279,70,77.5,3.1,3,84,1,1,27,0,1.75,7,5,+2,+0.65,-6.02,999,gr GRE,FW,eng Premier League,19-107,2007,3.1,0,0,0,4,5,4,2,0,0,0
1000,Keita Kosugi,jp JPN,"DF,MF",Frankfurt,de Bundesliga,20.0,2006,3,3,270,3.0,0,0,0,0,0,0,1,0,0.00,,,,,,,,,,,,,,,,,,,,,,,,,1000,jp JPN,"DF,MF",de Bundesliga,20-180,2006,3.0,0,2,1,50.0,0.67,0.33,0.00,0.00,0,0,1244,jp JPN,"DF,MF",de Bundesliga,20-180,2006,3,270,90,100.0,3.0,3,90,3,0,,0,1.33,7,8,-1,-0.33,,1000,jp JPN,"DF,MF",de Bundesliga,20-180,2006,3.0,1,0,0,4,9,0,11,7,4,0
1001,Eddy Kouadio,ci CIV,DF,Monza,it Serie A,20.0,2006,4,4,350,3.9,0,0,0,0,0,0,1,0,0.00,,,,,,,,,,,,,,,,,,,,,,,,,1001,ci CIV,DF,it Serie A,20-107,2006,3.9,0,1,1,100.0,0.26,0.26,0.00,0.00,0,0,1245,ci CIV,DF,it Serie A,20-107,2006,4,350,88,97.2,3.9,4,88,3,0,,0,0.25,6,11,-5,-1.29,-1.29,1001,ci CIV,DF,it Serie A,20-107,2006,3.9,1,0,0,4,0,1,1,13,5,0
1002,Arsène Kouassi,bf BFA,MF,Lorient,fr Ligue 1,22.0,2004,4,4,360,4.0,0,0,0,0,0,0,0,0,0.00,,,,,,,,,,,,,,,,,,,,,,,,,1002,bf BFA,MF,fr Ligue 1,22-003,2004,4.0,0,1,0,0.0,0.25,0.00,0.00,,0,0,1246,bf BFA,MF,fr Ligue 1,22-003,2004,4,360,90,100.0,4.0,4,90,4,0,,0,1.25,4,4,0,0.00,,1002,bf BFA,MF,fr Ligue 1,22-003,2004,4.0,0,0,0,3,6,0,9,3,2,0
1003,Rachid Kouda,it ITA,MF,Parma,it Serie A,24.0,2002,1,0,16,0.2,0,0,0,0,0,0,0,0,0.00,,,,,,,,,,,,,,,,,,,,,,,,,1003,it ITA,MF,it Serie A,24-051,2002,0.2,0,0,0,,0.00,0.00,,,0,0,1247,it ITA,MF,it Serie A,24-051,2002,1,16,16,5.9,0.2,0,,0,1,16,0,0.00,0,1,-1,-5.63,-4.92,1003,it ITA,MF,it Serie A,24-051,2002,0.2,0,0,0,1,0,0,2,0,1,0
1004,Konstantinos Koulierakis,gr GRE,DF,Roma,it Serie A,22.0,2003,1,0,23,0.3,0,0,0,0,0,0,0,0,0.00,,,,,,,,,,,,,,,,,,,,,,,,,1004,gr GRE,DF,it Serie A,22-290,2003,0.3,0,0,0,,0.00,0.00,,,0,0,1248,gr GRE,DF,it Serie A,22-290,2003,1,23,23,8.5,0.3,0,,0,1,23,2,3.00,1,0,+1,+3.91,+1.00,1004,gr GRE,DF,it Serie A,22-290,2003,0.3,0,0,0,0,0,0,1,0,1,0
1005,Lewis Koumas,wls WAL,MF,Liverpool,eng Premier League,20.0,2005,2,0,14,0.2,0,0,0,0,0,0,0,0,0.00,,,,,,,,,,,,,,,,,,,,,,,,,1005,wls WAL,MF,eng Premier League,20-360,2005,0.2,0,1,0,0.0,6.43,0.00,0.00,,0,0,1249,wls WAL,MF,eng Premier League,20-360,2005,2,14,7,3.9,0.2,0,,0,2,7,2,2.00,1,0,+1,+6.43,+6.17,1005,wls WAL,MF,eng Premier League,20-360,2005,0.2,0,0,0,0,0,0,0,0,0,0
1006,Seny Koumbassa,fr FRA,DF,Toulouse,fr Ligue 1,19.0,2007,2,1,103,1.1,0,0,0,0,0,0,0,0,0.00,,,,,,,,,,,,,,,,,,,,,,,,,1006,fr FRA,DF,fr Ligue 1,19-086,2007,1.1,0,0,0,,0.00,0.00,,,0,0,1250,fr FRA,DF,fr Ligue 1,19-086,2007,2,103,52,28.6,1.1,1,90,1,1,13,2,1.00,2,3,-1,-0.87,-0.17,1006,fr FRA,DF,fr Ligue 1,19-086,2007,1.1,0,0,0,3,1,0,0,2,1,0
1007,Jules Koundé,fr FRA,DF,Barcelona,es La Liga,27.0,1998,4,1,174,1.9,0,0,0,0,0,0,0,0,0.00,,,,,,,,,,,,,,,,,,,,,,,,,1007,fr FRA,DF,es La Liga,27-306,1998,1.9,0,0,0,,0.00,0.00,,,0,0,1251,fr FRA,DF,es La Liga,27-306,1998,4,174,44,38.7,1.9,1,90,1,3,28,1,3.00,9,2,+7,+3.62,+0.36,1007,fr FRA,DF,es La Liga,27-306,1998,1.9,0,0,0,1,2,1,0,1,1,0
1008,Hamza Koutoune,ma MAR,DF,Nice,fr Ligue 1,19.0,2006,2,0,19,0.2,0,0,0,0,0,0,0,0,0.00,,,,,,,,,,,,,,,,,,,,,,,,,1008,ma MAR,DF,fr Ligue 1,19-362,2006,0.2,0,1,0,0.0,4.74,0.00,0.00,,0,0,1252,ma MAR,DF,fr Ligue 1,19-362,2006,2,19,10,5.3,0.2,0,,0,2,10,0,0.50,0,1,-1,-4.74,-3.95,1008,ma MAR,DF,fr Ligue 1,19-362,2006,0.2,0,0,0,3,0,0,1,0,0,0
1009,Mateo Kovačić,hr CRO,MF,Manchester City,eng Premier League,32.0,1994,2,0,44,0.5,0,0,0,0,0,0,0,0,0.00,,,,,,,,,,,,,,,,,,,,,,,,,1009,hr CRO,MF,eng Premier League,32-131,1994,0.5,0,0,0,,0.00,0.00,,,0,0,1254,hr CRO,MF,eng Premier League,32-131,1994,2,44,22,12.2,0.5,0,,0,2,22,2,3.00,3,0,+3,+6.14,+5.28,1009,hr CRO,MF,eng Premier League,32-131,1994,0.5,0,0,0,0,0,0,0,0,0,0
1010,Andrej Kramarić,hr CRO,"FW,MF",Hoffenheim,de Bundesliga,35.0,1991,3,0,31,0.3,0,0,0,0,0,0,1,0,0.00,,,,,,,,,,,,,,,,,,,,,,,,,1010,hr CRO,"FW,MF",de Bundesliga,35-087,1991,0.3,0,1,0,0.0,2.90,0.00,0.00,,0,0,1255,hr CRO,"FW,MF",de Bundesliga,35-087,1991,3,31,10,11.5,0.3,0,,0,3,10,0,1.00,0,1,-1,-2.90,-2.90,1010,hr CRO,"FW,MF",de Bundesliga,35-087,1991,0.3,1,0,0,1,0,0,0,0,0,0
1011,Maurice Krattenmacher,de GER,MF,Elversberg,de Bundesliga,21.0,2005,3,0,98,1.1,3,0,3,3,0,0,0,0,2.76,,,,,,,,,,,,,,,,,,,,,,,,,1011,de GER,MF,de Bundesliga,21-034,2005,1.1,3,8,5,62.5,7.35,4.59,0.38,0.60,0,0,1257,de GER,MF,de Bundesliga,21-034,2005,3,98,33,36.3,1.1,0,,0,3,33,0,2.00,4,3,+1,+0.92,+0.92,1011,de GER,MF,de Bundesliga,21-034,2005,1.1,0,0,0,1,5,0,0,2,1,0
1012,Tom Krauß,de GER,MF,Köln,de Bundesliga,25.0,2001,3,3,267,3.0,0,0,0,0,0,0,1,0,0.00,,,,,,,,,,,,,,,,,,,,,,,,,1012,de GER,MF,de Bundesliga,25-084,2001,3.0,0,5,2,40.0,1.69,0.67,0.00,0.00,0,0,1258,de GER,MF,de Bundesliga,25-084,2001,3,267,89,98.9,3.0,3,89,0,0,,0,1.33,5,7,-2,-0.67,-0.67,1012,de GER,MF,de Bundesliga,25-084,2001,3.0,1,0,0,4,3,0,4,6,2,0
1013,Nicolas Kristof,at AUT,GK,Elversberg,de Bundesliga,26.0,1999,3,3,270,3.0,0,0,0,0,0,0,1,0,0.00,49,at AUT,GK,de Bundesliga,26-268,1999,3,3,270,3.0,7,2.33,14,7,50.0,2,0,1,0,0.0,0,0,0,0,1013,at AUT,GK,de Bundesliga,26-268,1999,3.0,0,0,0,,0.00,0.00,,,0,0,1260,at AUT,GK,de Bundesliga,26-268,1999,3,270,90,100.0,3.0,3,90,3,0,,0,2.00,8,7,+1,+0.33,,1013,at AUT,GK,de Bundesliga,26-268,1999,3.0,1,0,0,0,2,0,0,0,0,0
1014,Nikola Krstović,me MNE,FW,Atalanta,it Serie A,26.0,2000,4,0,122,1.4,1,0,1,1,0,0,1,0,0.74,,,,,,,,,,,,,,,,,,,,,,,,,1014,me MNE,FW,it Serie A,26-162,2000,1.4,1,5,3,60.0,3.69,2.21,0.20,0.33,0,0,1261,me MNE,FW,it Serie A,26-162,2000,4,122,31,33.9,1.4,0,,0,4,31,0,1.50,3,2,+1,+0.74,+1.12,1014,me MNE,FW,it Serie A,26-162,2000,1.4,1,0,0,2,1,0,0,0,0,0
1015,Lukas Kübler,de GER,DF,Freiburg,de Bundesliga,34.0,1992,3,1,94,1.0,0,0,0,0,0,0,0,0,0.00,,,,,,,,,,,,,,,,,,,,,,,,,1015,de GER,DF,de Bundesliga,34-015,1992,1.0,0,1,0,0.0,0.96,0.00,0.00,,0,0,1262,de GER,DF,de Bundesliga,34-015,1992,3,94,31,34.8,1.0,1,68,0,2,13,0,3.00,5,0,+5,+4.79,+2.74,1015,de GER,DF,de Bundesliga,34-015,1992,1.0,0,0,0,1,4,0,3,0,1,0
1016,Takefusa Kubo,jp JPN,MF,Real Sociedad,es La Liga,25.0,2001,5,3,222,2.5,0,0,0,0,0,0,0,0,0.00,,,,,,,,,,,,,,,,,,,,,,,,,1016,jp JPN,MF,es La Liga,25-102,2001,2.5,0,2,0,0.0,0.81,0.00,0.00,,0,0,1263,jp JPN,MF,es La Liga,25-102,2001,5,222,44,41.1,2.5,3,63,0,2,16,1,0.80,1,6,-5,-2.03,-2.03,1016,jp JPN,MF,es La Liga,25-102,2001,2.5,0,0,0,3,5,0,4,1,2,0
1017,Mohammed Kudus,gh GHA,"FW,MF",Tottenham,eng Premier League,26.0,2000,3,0,81,0.9,0,0,0,0,0,0,0,0,0.00,,,,,,,,,,,,,,,,,,,,,,,,,1017,gh GHA,"FW,MF",eng Premier League,26-043,2000,0.9,0,1,0,0.0,1.11,0.00,0.00,,0,0,1264,gh GHA,"FW,MF",eng Premier League,26-043,2000,3,81,27,22.5,0.9,0,,0,3,27,0,0.67,0,1,-1,-1.11,+0.18,1017,gh GHA,"FW,MF",eng Premier League,26-043,2000,0.9,0,0,0,2,4,0,12,0,1,0
1018,Nicolas-Gerrit Kühn,de GER,"FW,MF",Gladbach,de Bundesliga,26.0,2000,1,0,22,0.2,0,0,0,0,0,0,0,0,0.00,,,,,,,,,,,,,,,,,,,,,,,,,1018,de GER,"FW,MF",de Bundesliga,26-256,2000,0.2,0,1,0,0.0,4.09,0.00,0.00,,0,0,1265,de GER,"FW,MF",de Bundesliga,26-256,2000,1,22,22,8.1,0.2,0,,0,1,22,0,0.00,0,2,-2,-8.18,-5.64,1018,de GER,"FW,MF",de Bundesliga,26-256,2000,0.2,0,0,0,0,0,0,3,0,1,0
1019,Sandro Kulenović,hr CRO,FW,Torino,it Serie A,26.0,1999,2,0,24,0.3,0,0,0,0,0,0,0,0,0.00,,,,,,,,,,,,,,,,,,,,,,,,,1019,hr CRO,FW,it Serie A,26-284,1999,0.3,0,0,0,,0.00,0.00,,,0,0,1266,hr CRO,FW,it Serie A,26-284,1999,2,24,12,8.9,0.3,0,,0,2,12,1,0.00,1,1,0,0.00,+0.37,1019,hr CRO,FW,it Serie A,26-284,1999,0.3,0,0,0,1,0,0,0,0,0,0
1020,Gabriel Kulla,al ALB,FW,Sassuolo,it Serie A,18.0,2008,1,0,3,0.0,0,0,0,0,0,0,0,0,0.00,,,,,,,,,,,,,,,,,,,,,,,,,1020,al ALB,FW,it Serie A,18-206,2008,0.0,0,0,0,,0.00,0.00,,,0,0,1267,al ALB,FW,it Serie A,18-206,2008,1,3,3,0.8,0.0,0,,0,1,3,1,0.00,0,0,0,0.00,-0.25,1020,al ALB,FW,it Serie A,18-206,2008,0.0,0,0,0,0,0,0,0,0,0,0
1021,Hasan Kuruçay,,DF,Schalke 04,de Bundesliga,29.0,1997,3,3,224,2.5,0,0,0,0,0,0,0,0,0.00,,,,,,,,,,,,,,,,,,,,,,,,,1021,,DF,de Bundesliga,29-014,1997,2.5,0,0,0,,0.00,0.00,,,0,0,1269,,DF,de Bundesliga,29-014,1997,3,224,75,83.0,2.5,3,75,1,0,,0,1.33,3,2,+1,+0.40,+4.31,1021,,DF,de Bundesliga,29-014,1997,2.5,0,0,0,1,0,0,0,1,7,0
1022,Khvicha Kvaratskhelia,ge GEO,FW,Paris SG,fr Ligue 1,25.0,2001,4,3,222,2.5,0,1,1,0,0,0,0,0,0.41,,,,,,,,,,,,,,,,,,,,,,,,,1022,ge GEO,FW,fr Ligue 1,25-214,2001,2.5,0,10,4,40.0,4.05,1.62,0.00,0.00,0,0,1270,ge GEO,FW,fr Ligue 1,25-214,2001,4,222,56,61.7,2.5,3,59,0,1,45,0,1.25,4,4,0,0.00,0.00,1022,ge GEO,FW,fr Ligue 1,25-214,2001,2.5,0,0,0,1,3,4,10,2,1,0
1023,Giorgi Kvernadze,ge GEO,MF,Frosinone,it Serie A,23.0,2003,4,4,356,4.0,2,1,3,2,0,0,0,0,0.76,,,,,,,,,,,,,,,,,,,,,,,,,1023,ge GEO,MF,it Serie A,23-219,2003,4.0,2,10,4,40.0,2.53,1.01,0.20,0.50,0,0,1271,ge GEO,MF,it Serie A,23-219,2003,4,356,89,98.9,4.0,4,89,3,0,,0,1.75,7,4,+3,+0.76,+0.76,1023,ge GEO,MF,it Serie A,23-219,2003,4.0,0,0,0,2,6,2,5,0,4,0
1024,Rayan Kwedi Mandengue,cm CMR,FW,Auxerre,fr Ligue 1,20.0,2006,3,0,53,0.6,0,1,1,0,0,0,1,0,1.70,,,,,,,,,,,,,,,,,,,,,,,,,1024,cm CMR,FW,fr Ligue 1,20-251,2006,0.6,0,1,0,0.0,1.70,0.00,0.00,,0,0,1272,cm CMR,FW,fr Ligue 1,20-251,2006,3,53,18,14.7,0.6,0,,0,3,18,1,1.00,1,1,0,0.00,+1.76,1024,cm CMR,FW,fr Ligue 1,20-251,2006,0.6,1,0,0,6,2,0,2,2,0,0
1025,Adrián de la Fuente,es ESP,DF,Levante,es La Liga,27.0,1999,5,5,430,4.8,1,0,1,1,0,0,1,0,0.21,,,,,,,,,,,,,,,,,,,,,,,,,1025,es ESP,DF,es La Liga,27-200,1999,4.8,1,7,2,28.6,1.47,0.42,0.14,0.50,0,0,1273,es ESP,DF,es La Liga,27-200,1999,5,430,86,95.6,4.8,5,86,4,0,,0,1.00,5,8,-3,-0.63,-5.13,1025,es ESP,DF,es La Liga,27-200,1999,4.8,1,0,0,6,6,0,8,4,2,0
1026,Rémy Labeau Lascary,gp GLP,"FW,MF",Auxerre,fr Ligue 1,23.0,2003,3,3,195,2.2,1,0,1,1,0,0,0,0,0.46,,,,,,,,,,,,,,,,,,,,,,,,,1026,gp GLP,"FW,MF",fr Ligue 1,23-195,2003,2.2,1,9,6,66.7,4.15,2.77,0.11,0.17,0,0,1274,gp GLP,"FW,MF",fr Ligue 1,23-195,2003,3,195,65,54.2,2.2,3,65,0,0,,0,1.00,2,4,-2,-0.92,+1.26,1026,gp GLP,"FW,MF",fr Ligue 1,23-195,2003,2.2,0,0,0,1,2,0,1,2,3,0
1027,Shea Lacey,eng ENG,FW,Manchester Utd,eng Premier League,19.0,2007,1,0,11,0.1,0,0,0,0,0,0,0,0,0.00,,,,,,,,,,,,,,,,,,,,,,,,,1027,eng ENG,FW,eng Premier League,19-153,2007,0.1,0,0,0,,0.00,0.00,,,0,0,1276,eng ENG,FW,eng Premier League,19-153,2007,1,11,11,3.1,0.1,0,,0,1,11,2,0.00,0,0,0,0.00,0.00,1027,eng ENG,FW,eng Premier League,19-153,2007,0.1,0,0,0,0,0,0,1,0,0,0
1028,Maxence Lacroix,fr FRA,DF,Chelsea,eng Premier League,26.0,2000,4,3,275,3.1,0,1,1,0,0,0,1,0,0.33,,,,,,,,,,,,,,,,,,,,,,,,,1028,fr FRA,DF,eng Premier League,26-161,2000,3.1,0,1,0,0.0,0.33,0.00,0.00,,0,0,1277,fr FRA,DF,eng Premier League,26-161,2000,4,275,69,76.4,3.1,3,90,3,1,5,0,1.75,8,7,+1,+0.33,+0.33,1028,fr FRA,DF,eng Premier League,26-161,2000,3.1,1,0,0,3,1,0,0,5,5,0
1029,Yoel Lago,es ESP,DF,Celta Vigo,es La Liga,22.0,2004,6,5,495,5.5,0,0,0,0,0,0,2,0,0.00,,,,,,,,,,,,,,,,,,,,,,,,,1029,es ESP,DF,es La Liga,22-173,2004,5.5,0,0,0,,0.00,0.00,,,0,0,1278,es ESP,DF,es La Liga,22-173,2004,6,495,83,91.7,5.5,5,90,5,1,45,0,0.67,3,4,-1,-0.18,+3.82,1029,es ESP,DF,es La Liga,22-173,2004,5.5,2,0,0,8,6,1,1,11,2,0
1030,Konrad Laimer,at AUT,DF,Bayern Munich,de Bundesliga,29.0,1997,2,2,180,2.0,0,0,0,0,0,0,0,0,0.00,,,,,,,,,,,,,,,,,,,,,,,,,1030,at AUT,DF,de Bundesliga,29-110,1997,2.0,0,2,1,50.0,1.00,0.50,0.00,0.00,0,0,1280,at AUT,DF,de Bundesliga,29-110,1997,2,180,90,66.7,2.0,2,90,2,0,,1,2.00,5,1,+4,+2.00,+1.00,1030,at AUT,DF,de Bundesliga,29-110,1997,2.0,0,0,0,5,2,0,3,2,1,0
1031,Mathis Lainé,fr FRA,DF,Brest,fr Ligue 1,19.0,2007,2,0,10,0.1,0,0,0,0,0,0,0,0,0.00,,,,,,,,,,,,,,,,,,,,,,,,,1031,fr FRA,DF,fr Ligue 1,19-168,2007,0.1,0,0,0,,0.00,0.00,,,0,0,1281,fr FRA,DF,fr Ligue 1,19-168,2007,2,10,5,2.8,0.1,0,,0,2,5,2,1.00,1,0,+1,+9.00,+9.26,1031,fr FRA,DF,fr Ligue 1,19-168,2007,0.1,0,0,0,0,2,0,0,0,0,0
1032,Kenny Lala,mg MAD,DF,Brest,fr Ligue 1,34.0,1991,4,4,291,3.2,0,0,0,0,0,0,0,0,0.00,,,,,,,,,,,,,,,,,,,,,,,,,1032,mg MAD,DF,fr Ligue 1,34-346,1991,3.2,0,2,0,0.0,0.62,0.00,0.00,,0,0,1282,mg MAD,DF,fr Ligue 1,34-346,1991,4,291,73,80.8,3.2,4,73,3,0,,0,1.25,5,5,0,0.00,0.00,1032,mg MAD,DF,fr Ligue 1,34-346,1991,3.2,0,0,0,1,4,0,17,1,3,0
1033,Senne Lammens,be BEL,GK,Manchester Utd,eng Premier League,24.0,2002,4,4,360,4.0,0,0,0,0,0,0,0,0,0.00,50,be BEL,GK,eng Premier League,24-069,2002,4,4,360,4.0,7,1.75,17,10,58.8,1,1,2,0,0.0,0,0,0,0,1033,be BEL,GK,eng Premier League,24-069,2002,4.0,0,0,0,,0.00,0.00,,,0,0,1283,be BEL,GK,eng Premier League,24-069,2002,4,360,90,100.0,4.0,4,90,4,0,,0,1.00,7,7,0,0.00,,1033,be BEL,GK,eng Premier League,24-069,2002,4.0,0,0,0,0,0,0,0,0,0,0
1034,Noa Lang,nl NED,FW,Napoli,it Serie A,27.0,1999,3,1,125,1.4,0,0,0,0,0,0,0,0,0.00,,,,,,,,,,,,,,,,,,,,,,,,,1034,nl NED,FW,it Serie A,27-089,1999,1.4,0,2,0,0.0,1.44,0.00,0.00,,0,0,1284,nl NED,FW,it Serie A,27-089,1999,3,125,42,34.7,1.4,1,55,0,2,35,1,2.00,4,2,+2,+1.44,+1.82,1034,nl NED,FW,it Serie A,27-089,1999,1.4,0,0,0,0,0,1,8,0,2,0
1035,Aymeric Laporte,es ESP,DF,Athletic Club,es La Liga,32.0,1994,5,4,393,4.4,0,0,0,0,0,0,0,0,0.00,,,,,,,,,,,,,,,,,,,,,,,,,1035,es ESP,DF,es La Liga,32-110,1994,4.4,0,2,0,0.0,0.46,0.00,0.00,,0,0,1285,es ESP,DF,es La Liga,32-110,1994,5,393,79,87.3,4.4,4,90,4,1,33,0,1.40,7,3,+4,+0.92,+5.65,1035,es ESP,DF,es La Liga,32-110,1994,4.4,0,0,0,2,3,1,1,2,3,0
1036,Yasser Larouci,dz ALG,MF,Le Mans,fr Ligue 1,25.0,2001,2,1,93,1.0,0,0,0,0,0,0,0,0,0.00,,,,,,,,,,,,,,,,,,,,,,,,,1036,dz ALG,MF,fr Ligue 1,25-256,2001,1.0,0,2,1,50.0,1.94,0.97,0.00,0.00,0,0,1286,dz ALG,MF,fr Ligue 1,25-256,2001,2,93,47,25.8,1.0,1,80,0,1,13,1,1.00,2,2,0,0.00,+0.34,1036,dz ALG,MF,fr Ligue 1,25-256,2001,1.0,0,0,0,1,1,0,5,1,0,0
1037,David Larrubia,es ESP,"MF,FW",Málaga,es La Liga,24.0,2002,5,4,395,4.4,0,0,0,0,0,0,1,0,0.00,,,,,,,,,,,,,,,,,,,,,,,,,1037,es ESP,"MF,FW",es La Liga,24-147,2002,4.4,0,11,2,18.2,2.51,0.46,0.00,0.00,0,0,1287,es ESP,"MF,FW",es La Liga,24-147,2002,5,395,79,87.8,4.4,4,90,4,1,35,0,0.60,1,7,-6,-1.37,-1.37,1037,es ESP,"MF,FW",es La Liga,24-147,2002,4.4,1,0,0,1,4,1,2,3,8,0
1038,Hugo Larsson,se SWE,MF,Fulham,eng Premier League,22.0,2004,2,0,26,0.3,0,0,0,0,0,0,0,0,0.00,,,,,,,,,,,,,,,,,,,,,,,,,1038,se SWE,MF,eng Premier League,22-079,2004,0.3,0,1,0,0.0,3.46,0.00,0.00,,0,0,1288,se SWE,MF,eng Premier League,22-079,2004,2,26,13,7.2,0.3,0,,0,2,13,0,0.50,0,0,0,0.00,+0.81,1038,se SWE,MF,eng Premier League,22-079,2004,0.3,0,0,0,0,0,0,0,0,0,0
1039,Emmanuel Latte Lath,ci CIV,FW,Union Berlin,de Bundesliga,27.0,1999,3,3,197,2.2,1,0,1,1,0,0,0,0,0.46,,,,,,,,,,,,,,,,,,,,,,,,,1039,ci CIV,FW,de Bundesliga,27-256,1999,2.2,1,4,2,50.0,1.83,0.91,0.25,0.50,0,0,1291,ci CIV,FW,de Bundesliga,27-256,1999,3,197,66,73.0,2.2,3,66,0,0,,0,0.33,1,7,-6,-2.74,-2.74,1039,ci CIV,FW,de Bundesliga,27-256,1999,2.2,0,0,0,2,1,3,1,1,1,0
1040,Lion Lauberbach,de GER,"FW,MF",Venezia,it Serie A,28.0,1998,3,0,43,0.5,0,0,0,0,0,0,0,0,0.00,,,,,,,,,,,,,,,,,,,,,,,,,1040,de GER,"FW,MF",it Serie A,28-211,1998,0.5,0,0,0,,0.00,0.00,,,0,0,1292,de GER,"FW,MF",it Serie A,28-211,1998,3,43,14,11.9,0.5,0,,0,3,14,1,0.00,2,3,-1,-2.09,-0.39,1040,de GER,"FW,MF",it Serie A,28-211,1998,0.5,0,0,0,0,1,1,1,0,1,0
1041,Alexandre Lauray,fr FRA,MF,Le Mans,fr Ligue 1,29.0,1997,4,3,268,3.0,0,0,0,0,0,0,3,0,0.00,,,,,,,,,,,,,,,,,,,,,,,,,1041,fr FRA,MF,fr Ligue 1,29-180,1997,3.0,0,4,2,50.0,1.34,0.67,0.00,0.00,0,0,1293,fr FRA,MF,fr Ligue 1,29-180,1997,4,268,67,74.4,3.0,3,81,2,1,26,0,0.75,5,6,-1,-0.34,-0.34,1041,fr FRA,MF,fr Ligue 1,29-180,1997,3.0,3,0,0,7,2,0,8,7,1,0
1042,Armand Lauriente,fr FRA,"FW,MF",Sassuolo,it Serie A,27.0,1998,4,4,360,4.0,0,1,1,0,0,0,1,0,0.25,,,,,,,,,,,,,,,,,,,,,,,,,1042,fr FRA,"FW,MF",it Serie A,27-284,1998,4.0,0,16,4,25.0,4.00,1.00,0.00,0.00,0,0,1294,fr FRA,"FW,MF",it Serie A,27-284,1998,4,360,90,100.0,4.0,4,90,4,0,,0,1.75,8,7,+1,+0.25,,1042,fr FRA,"FW,MF",it Serie A,27-284,1998,4.0,1,0,0,2,3,3,14,0,0,0
1043,Roméo Lavia,be BEL,MF,Chelsea,eng Premier League,22.0,2004,4,4,258,2.9,1,0,1,1,0,0,1,0,0.35,,,,,,,,,,,,,,,,,,,,,,,,,1043,be BEL,MF,eng Premier League,22-251,2004,2.9,1,2,2,100.0,0.70,0.70,0.50,0.50,0,0,1295,be BEL,MF,eng Premier League,22-251,2004,4,258,65,71.7,2.9,4,65,0,0,,0,1.75,9,8,+1,+0.35,+0.35,1043,be BEL,MF,eng Premier League,22-251,2004,2.9,1,0,0,2,5,0,0,6,4,0
1044,Manuel Lazzari,it ITA,"DF,MF",Lazio,it Serie A,32.0,1993,2,0,18,0.2,0,0,0,0,0,0,0,0,0.00,,,,,,,,,,,,,,,,,,,,,,,,,1044,it ITA,"DF,MF",it Serie A,32-289,1993,0.2,0,0,0,,0.00,0.00,,,0,0,1296,it ITA,"DF,MF",it Serie A,32-289,1993,2,18,9,5.0,0.2,0,,0,2,9,2,2.00,0,0,0,0.00,-0.79,1044,it ITA,"DF,MF",it Serie A,32-289,1993,0.2,0,0,0,1,1,0,1,1,0,0
1045,Théo Le Bris,fr FRA,MF,Lorient,fr Ligue 1,23.0,2002,4,2,200,2.2,0,0,0,0,0,0,0,0,0.00,,,,,,,,,,,,,,,,,,,,,,,,,1045,fr FRA,MF,fr Ligue 1,23-348,2002,2.2,0,3,1,33.3,1.35,0.45,0.00,0.00,0,0,1297,fr FRA,MF,fr Ligue 1,23-348,2002,4,200,50,55.6,2.2,2,72,0,2,29,0,1.25,1,3,-2,-0.90,-2.03,1045,fr FRA,MF,fr Ligue 1,23-348,2002,2.2,0,0,0,2,2,0,10,5,5,0
1046,Jérémy Le Douaron,fr FRA,FW,Troyes,fr Ligue 1,28.0,1998,2,1,125,1.4,1,0,1,1,0,0,0,0,0.72,,,,,,,,,,,,,,,,,,,,,,,,,1046,fr FRA,FW,fr Ligue 1,28-146,1998,1.4,1,5,1,20.0,3.60,0.72,0.20,1.00,0,0,1298,fr FRA,FW,fr Ligue 1,28-146,1998,2,125,63,34.7,1.4,1,90,1,1,35,0,0.00,1,6,-5,-3.60,-3.60,1046,fr FRA,FW,fr Ligue 1,28-146,1998,1.4,0,0,0,3,2,1,1,0,2,0
1047,Enzo Le Fée,fr FRA,MF,Sunderland,eng Premier League,26.0,2000,4,4,348,3.9,1,0,1,0,1,2,0,0,0.00,,,,,,,,,,,,,,,,,,,,,,,,,1047,fr FRA,MF,eng Premier League,26-223,2000,3.9,1,10,3,30.0,2.59,0.78,0.10,0.33,1,2,1299,fr FRA,MF,eng Premier League,26-223,2000,4,348,87,96.7,3.9,4,87,2,0,,0,1.00,3,4,-1,-0.26,+7.24,1047,fr FRA,MF,eng Premier League,26-223,2000,3.9,0,0,0,1,6,2,9,1,4,0
1048,Raphael Le Guen,fr FRA,DF,Brest,fr Ligue 1,20.0,2006,4,4,360,4.0,0,0,0,0,0,0,0,0,0.00,,,,,,,,,,,,,,,,,,,,,,,,,1048,fr FRA,DF,fr Ligue 1,20-013,2006,4.0,0,8,0,0.0,2.00,0.00,0.00,,0,0,1300,fr FRA,DF,fr Ligue 1,20-013,2006,4,360,90,100.0,4.0,4,90,4,0,,0,1.25,6,6,0,0.00,,1048,fr FRA,DF,fr Ligue 1,20-013,2006,4.0,0,0,0,1,1,0,0,4,2,0
1049,Florian Le Joncour,fr FRA,DF,Elversberg,de Bundesliga,31.0,1995,1,0,9,0.1,0,0,0,0,0,0,0,0,0.00,,,,,,,,,,,,,,,,,,,,,,,,,1049,fr FRA,DF,de Bundesliga,31-223,1995,0.1,0,0,0,,0.00,0.00,,,0,0,1301,fr FRA,DF,de Bundesliga,31-223,1995,1,9,9,3.3,0.1,0,,0,1,9,2,3.00,0,1,-1,-10.00,-10.69,1049,fr FRA,DF,de Bundesliga,31-223,1995,0.1,0,0,0,0,0,0,0,0,0,0
1050,Robin Le Normand,es ESP,DF,Atlético Madrid,es La Liga,29.0,1996,2,2,165,1.8,0,0,0,0,0,0,0,1,0.00,,,,,,,,,,,,,,,,,,,,,,,,,1050,es ESP,DF,es La Liga,29-307,1996,1.8,0,0,0,,0.00,0.00,,,0,0,1302,es ESP,DF,es La Liga,29-307,1996,2,165,83,36.7,1.8,2,83,1,0,,2,2.00,3,1,+2,+1.09,+0.46,1050,es ESP,DF,es La Liga,29-307,1996,1.8,0,1,0,2,1,0,0,4,2,0
1051,Pierre Lees-Melou,fr FRA,MF,Paris FC,fr Ligue 1,33.0,1993,4,4,360,4.0,0,0,0,0,0,0,0,0,0.00,,,,,,,,,,,,,,,,,,,,,,,,,1051,fr FRA,MF,fr Ligue 1,33-112,1993,4.0,0,4,0,0.0,1.00,0.00,0.00,,0,0,1305,fr FRA,MF,fr Ligue 1,33-112,1993,4,360,90,100.0,4.0,4,90,4,0,,0,2.00,6,2,+4,+1.00,,1051,fr FRA,MF,fr Ligue 1,33-112,1993,4.0,0,0,0,3,5,0,1,7,8,0
1052,Jordan Lefort,mr MTN,DF,Angers,fr Ligue 1,33.0,1993,4,4,360,4.0,0,0,0,0,0,0,1,0,0.00,,,,,,,,,,,,,,,,,,,,,,,,,1052,mr MTN,DF,fr Ligue 1,33-036,1993,4.0,0,0,0,,0.00,0.00,,,0,0,1306,mr MTN,DF,fr Ligue 1,33-036,1993,4,360,90,100.0,4.0,4,90,4,0,,0,1.00,4,5,-1,-0.25,,1052,mr MTN,DF,fr Ligue 1,33-036,1993,4.0,1,0,0,8,5,0,7,1,2,1
1053,Elikya Legros,fr FRA,DF,Auxerre,fr Ligue 1,18.0,2008,3,2,140,1.6,0,0,0,0,0,0,1,0,0.00,,,,,,,,,,,,,,,,,,,,,,,,,1053,fr FRA,DF,fr Ligue 1,18-100,2008,1.6,0,0,0,,0.00,0.00,,,0,0,1308,fr FRA,DF,fr Ligue 1,18-100,2008,3,140,47,38.9,1.6,2,63,0,1,14,1,0.00,2,5,-3,-1.93,-0.70,1053,fr FRA,DF,fr Ligue 1,18-100,2008,1.6,1,0,0,3,0,0,0,3,1,0
1054,Diogo Leite,pt POR,DF,Lazio,it Serie A,27.0,1999,1,0,7,0.1,0,0,0,0,0,0,0,0,0.00,,,,,,,,,,,,,,,,,,,,,,,,,1054,pt POR,DF,it Serie A,27-234,1999,0.1,0,0,0,,0.00,0.00,,,0,0,1309,pt POR,DF,it Serie A,27-234,1999,1,7,7,1.9,0.1,0,,0,1,7,0,1.00,0,0,0,0.00,-0.76,1054,pt POR,DF,it Serie A,27-234,1999,0.1,0,0,0,0,0,0,0,0,0,0
1055,Florian Lejeune,fr FRA,DF,Rayo Vallecano,es La Liga,35.0,1991,5,5,450,5.0,0,0,0,0,0,0,1,0,0.00,,,,,,,,,,,,,,,,,,,,,,,,,1055,fr FRA,DF,es La Liga,35-117,1991,5.0,0,8,2,25.0,1.60,0.40,0.00,0.00,0,0,1310,fr FRA,DF,es La Liga,35-117,1991,5,450,90,100.0,5.0,5,90,5,0,,0,0.80,8,14,-6,-1.20,,1055,fr FRA,DF,es La Liga,35-117,1991,5.0,1,0,0,7,6,0,0,9,6,1
1056,Youssef Lekhedim,es ESP,DF,Alavés,es La Liga,20.0,2005,4,0,104,1.2,0,0,0,0,0,0,0,0,0.00,,,,,,,,,,,,,,,,,,,,,,,,,1056,es ESP,DF,es La Liga,20-342,2005,1.2,0,0,0,,0.00,0.00,,,0,0,1311,es ESP,DF,es La Liga,20-342,2005,4,104,26,23.1,1.2,0,,0,4,26,1,2.50,5,0,+5,+4.33,+4.07,1056,es ESP,DF,es La Liga,20-342,2005,1.2,0,0,0,1,3,0,6,0,4,0
1057,Nicolas Lemaître,fr FRA,GK,Rennes,fr Ligue 1,29.0,1997,1,1,90,1.0,0,0,0,0,0,0,0,0,0.00,51,fr FRA,GK,fr Ligue 1,29-245,1997,1,1,90,1.0,2,2.00,5,3,60.0,1,0,0,0,0.0,1,1,0,0,1057,fr FRA,GK,fr Ligue 1,29-245,1997,1.0,0,0,0,,0.00,0.00,,,0,0,1312,fr FRA,GK,fr Ligue 1,29-245,1997,1,90,90,25.0,1.0,1,90,1,0,,2,3.00,3,2,+1,+1.00,+0.33,1057,fr FRA,GK,fr Ligue 1,29-245,1997,1.0,0,0,0,0,0,0,0,0,0,0
1058,Thomas Lemar,fr FRA,MF,Elche,es La Liga,30.0,1995,2,0,58,0.6,1,0,1,1,0,0,1,0,1.55,,,,,,,,,,,,,,,,,,,,,,,,,1058,fr FRA,MF,es La Liga,30-306,1995,0.6,1,3,1,33.3,4.66,1.55,0.33,1.00,0,0,1313,fr FRA,MF,es La Liga,30-306,1995,2,58,29,12.9,0.6,0,,0,2,29,0,0.50,2,2,0,0.00,+1.61,1058,fr FRA,MF,es La Liga,30-306,1995,0.6,1,0,0,3,0,0,4,0,1,0
1059,Louis Lemke,de GER,MF,Hamburger SV,de Bundesliga,16.0,2009,2,1,95,1.1,0,0,0,0,0,0,0,0,0.00,,,,,,,,,,,,,,,,,,,,,,,,,1059,de GER,MF,de Bundesliga,16-341,2009,1.1,0,0,0,,0.00,0.00,,,0,0,1314,de GER,MF,de Bundesliga,16-341,2009,2,95,48,35.2,1.1,1,88,0,1,7,1,0.00,0,3,-3,-2.84,+1.79,1059,de GER,MF,de Bundesliga,16-341,2009,1.1,0,0,0,3,0,0,3,3,2,0
1060,Tim Lemperle,de GER,FW,Hoffenheim,de Bundesliga,24.0,2002,2,2,164,1.8,1,0,1,1,0,0,0,0,0.55,,,,,,,,,,,,,,,,,,,,,,,,,1060,de GER,FW,de Bundesliga,24-221,2002,1.8,1,7,3,42.9,3.84,1.65,0.14,0.33,0,0,1315,de GER,FW,de Bundesliga,24-221,2002,2,164,82,60.7,1.8,2,82,0,0,,0,1.50,4,3,+1,+0.55,+2.25,1060,de GER,FW,de Bundesliga,24-221,2002,1.8,0,0,0,3,0,0,2,0,1,0
1061,Bernd Leno,de GER,GK,Fulham,eng Premier League,34.0,1992,4,4,360,4.0,0,0,0,0,0,0,0,0,0.00,52,de GER,GK,eng Premier League,34-194,1992,4,4,360,4.0,7,1.75,18,11,61.1,0,1,3,1,25.0,0,0,0,0,1061,de GER,GK,eng Premier League,34-194,1992,4.0,0,0,0,,0.00,0.00,,,0,0,1316,de GER,GK,eng Premier League,34-194,1992,4,360,90,100.0,4.0,4,90,4,0,,0,0.25,4,7,-3,-0.75,,1061,de GER,GK,eng Premier League,34-194,1992,4.0,0,0,0,0,0,0,0,0,0,0
1062,Esteban Lepaul,fr FRA,FW,Rennes,fr Ligue 1,26.0,2000,4,4,345,3.8,3,0,3,2,1,1,1,0,0.52,,,,,,,,,,,,,,,,,,,,,,,,,1062,fr FRA,FW,fr Ligue 1,26-149,2000,3.8,3,16,8,50.0,4.17,2.09,0.19,0.38,1,1,1319,fr FRA,FW,fr Ligue 1,26-149,2000,4,345,86,95.8,3.8,4,86,2,0,,0,2.50,8,5,+3,+0.78,+0.78,1062,fr FRA,FW,fr Ligue 1,26-149,2000,3.8,1,0,0,2,3,1,0,2,0,0
1063,Jefferson Lerma,co COL,"DF,MF",Crystal Palace,eng Premier League,31.0,1994,1,0,7,0.1,0,0,0,0,0,0,0,0,0.00,,,,,,,,,,,,,,,,,,,,,,,,,1063,co COL,"DF,MF",eng Premier League,31-324,1994,0.1,0,0,0,,0.00,0.00,,,0,0,1320,co COL,"DF,MF",eng Premier League,31-324,1994,1,7,7,1.9,0.1,0,,0,1,7,1,0.00,0,1,-1,-12.86,-11.84,1063,co COL,"DF,MF",eng Premier League,31-324,1994,0.1,0,0,0,0,0,0,0,0,0,0
1064,Jan Leszczyński,pl POL,DF,Gladbach,de Bundesliga,19.0,2007,1,0,14,0.2,0,0,0,0,0,0,0,0,0.00,,,,,,,,,,,,,,,,,,,,,,,,,1064,pl POL,DF,de Bundesliga,19-155,2007,0.2,0,0,0,,0.00,0.00,,,0,0,1321,pl POL,DF,de Bundesliga,19-155,2007,1,14,14,5.2,0.2,0,,0,1,14,2,0.00,0,2,-2,-12.86,-10.40,1064,pl POL,DF,de Bundesliga,19-155,2007,0.2,0,0,0,1,0,0,0,0,0,0
1065,Jamie Leweling,de GER,"FW,MF",Stuttgart,de Bundesliga,25.0,2001,3,0,60,0.7,0,0,0,0,0,0,0,0,0.00,,,,,,,,,,,,,,,,,,,,,,,,,1065,de GER,"FW,MF",de Bundesliga,25-200,2001,0.7,0,0,0,,0.00,0.00,,,0,0,1323,de GER,"FW,MF",de Bundesliga,25-200,2001,3,60,20,22.2,0.7,0,,0,3,20,0,1.00,2,3,-1,-1.50,-1.07,1065,de GER,"FW,MF",de Bundesliga,25-200,2001,0.7,0,0,0,1,0,0,2,1,0,0
1066,Rico Lewis,eng ENG,DF,Manchester City,eng Premier League,21.0,2004,1,1,56,0.6,0,0,0,0,0,0,0,0,0.00,,,,,,,,,,,,,,,,,,,,,,,,,1066,eng ENG,DF,eng Premier League,21-297,2004,0.6,0,1,1,100.0,1.61,1.61,0.00,0.00,0,0,1324,eng ENG,DF,eng Premier League,21-297,2004,1,56,56,15.6,0.6,1,56,0,0,,3,3.00,0,1,-1,-1.61,-3.68,1066,eng ENG,DF,eng Premier League,21-297,2004,0.6,0,0,0,1,2,0,2,2,0,0
1067,Keane Lewis-Potter,eng ENG,DF,Brentford,eng Premier League,25.0,2001,4,4,326,3.6,1,1,2,1,0,0,0,0,0.55,,,,,,,,,,,,,,,,,,,,,,,,,1067,eng ENG,DF,eng Premier League,25-204,2001,3.6,1,7,1,14.3,1.93,0.28,0.14,1.00,0,0,1325,eng ENG,DF,eng Premier League,25-204,2001,4,326,82,90.6,3.6,4,82,2,0,,0,1.50,7,4,+3,+0.83,+0.83,1067,eng ENG,DF,eng Premier League,25-204,2001,3.6,0,0,0,8,1,1,19,2,2,0
1068,Myles Lewis-Skelly,eng ENG,MF,Arsenal,eng Premier League,19.0,2006,4,4,271,3.0,0,0,0,0,0,0,0,0,0.00,,,,,,,,,,,,,,,,,,,,,,,,,1068,eng ENG,MF,eng Premier League,19-353,2006,3.0,0,3,0,0.0,1.00,0.00,0.00,,0,0,1326,eng ENG,MF,eng Premier League,19-353,2006,4,271,68,75.3,3.0,4,68,1,0,,0,3.00,6,1,+5,+1.66,-0.36,1068,eng ENG,MF,eng Premier League,19-353,2006,3.0,0,0,0,8,7,0,0,2,0,0
1069,Fedde Leysen,be BEL,DF,Sassuolo,it Serie A,23.0,2003,4,3,287,3.2,0,1,1,0,0,0,1,0,0.31,,,,,,,,,,,,,,,,,,,,,,,,,1069,be BEL,DF,it Serie A,23-067,2003,3.2,0,0,0,,0.00,0.00,,,0,0,1327,be BEL,DF,it Serie A,23-067,2003,4,287,72,79.7,3.2,3,90,3,1,17,0,1.75,7,5,+2,+0.63,+1.86,1069,be BEL,DF,it Serie A,23-067,2003,3.2,1,0,0,3,0,0,0,4,5,0
1070,Mattia Liberali,it ITA,MF,Como,it Serie A,19.0,2007,2,0,27,0.3,0,0,0,0,0,0,0,0,0.00,,,,,,,,,,,,,,,,,,,,,,,,,1070,it ITA,MF,it Serie A,19-161,2007,0.3,0,2,1,50.0,6.67,3.33,0.00,0.00,0,0,1329,it ITA,MF,it Serie A,19-161,2007,2,27,14,10.0,0.3,0,,0,2,14,1,2.00,0,0,0,0.00,-1.48,1070,it ITA,MF,it Serie A,19-161,2007,0.3,0,0,0,0,1,0,0,1,0,0
1071,Marco Libra,ve VEN,MF,Bologna,it Serie A,18.0,2008,2,0,78,0.9,0,0,0,0,0,0,0,0,0.00,,,,,,,,,,,,,,,,,,,,,,,,,1071,ve VEN,MF,it Serie A,18-177,2008,0.9,0,1,1,100.0,1.15,1.15,0.00,0.00,0,0,1330,ve VEN,MF,it Serie A,18-177,2008,2,78,39,21.7,0.9,0,,0,2,39,2,0.50,2,2,0,0.00,+0.96,1071,ve VEN,MF,it Serie A,18-177,2008,0.9,0,0,0,1,0,0,0,0,1,0
1072,Isac Lidberg,se SWE,"FW,MF",Gladbach,de Bundesliga,28.0,1998,3,0,65,0.7,0,0,0,0,0,0,0,0,0.00,,,,,,,,,,,,,,,,,,,,,,,,,1072,se SWE,"FW,MF",de Bundesliga,28-006,1998,0.7,0,1,0,0.0,1.38,0.00,0.00,,0,0,1331,se SWE,"FW,MF",de Bundesliga,28-006,1998,3,65,22,24.1,0.7,0,,0,3,22,0,0.00,0,6,-6,-8.31,-6.99,1072,se SWE,"FW,MF",de Bundesliga,28-006,1998,0.7,0,0,0,0,1,0,1,0,0,0
1073,Philipp Lienhart,at AUT,DF,Freiburg,de Bundesliga,30.0,1996,3,3,248,2.8,0,0,0,0,0,0,1,0,0.00,,,,,,,,,,,,,,,,,,,,,,,,,1073,at AUT,DF,de Bundesliga,30-065,1996,2.8,0,0,0,,0.00,0.00,,,0,0,1332,at AUT,DF,de Bundesliga,30-065,1996,3,248,83,91.9,2.8,3,83,2,0,,0,3.00,10,0,+10,+3.63,+7.72,1073,at AUT,DF,de Bundesliga,30-065,1996,2.8,1,0,0,2,5,0,1,3,1,0
1074,Victor Lindelöf,se SWE,DF,Aston Villa,eng Premier League,32.0,1994,4,4,360,4.0,0,0,0,0,0,0,0,0,0.00,,,,,,,,,,,,,,,,,,,,,,,,,1074,se SWE,DF,eng Premier League,32-059,1994,4.0,0,1,1,100.0,0.25,0.25,0.00,0.00,0,0,1334,se SWE,DF,eng Premier League,32-059,1994,4,360,90,100.0,4.0,4,90,4,0,,0,0.25,1,7,-6,-1.50,,1074,se SWE,DF,eng Premier League,32-059,1994,4.0,0,0,0,1,0,0,0,0,0,1
1075,Luca Lipani,it ITA,MF,Sassuolo,it Serie A,21.0,2005,3,2,114,1.3,0,0,0,0,0,0,1,0,0.00,,,,,,,,,,,,,,,,,,,,,,,,,1075,it ITA,MF,it Serie A,21-119,2005,1.3,0,0,0,,0.00,0.00,,,0,0,1335,it ITA,MF,it Serie A,21-119,2005,3,114,38,31.7,1.3,2,57,0,1,1,1,2.33,2,1,+1,+0.79,+0.79,1075,it ITA,MF,it Serie A,21-119,2005,1.3,1,0,0,2,0,0,0,2,1,0
1076,Clemens Lippmann,at AUT,DF,Paderborn 07,de Bundesliga,20.0,2006,2,0,25,0.3,0,0,0,0,0,0,0,0,0.00,,,,,,,,,,,,,,,,,,,,,,,,,1076,at AUT,DF,de Bundesliga,20-078,2006,0.3,0,1,0,0.0,3.60,0.00,0.00,,0,0,1336,at AUT,DF,de Bundesliga,20-078,2006,2,25,13,9.3,0.3,0,,0,2,13,1,0.50,0,2,-2,-7.20,-6.47,1076,at AUT,DF,de Bundesliga,20-078,2006,0.3,0,0,0,1,0,0,2,0,0,0
1077,Tino Livramento,eng ENG,"DF,MF",Newcastle,eng Premier League,23.0,2002,1,0,1,0.0,0,0,0,0,0,0,0,0,0.00,,,,,,,,,,,,,,,,,,,,,,,,,1077,eng ENG,"DF,MF",eng Premier League,23-306,2002,0.0,0,0,0,,0.00,0.00,,,0,0,1340,eng ENG,"DF,MF",eng Premier League,23-306,2002,1,1,1,0.4,0.0,0,,0,1,1,0,1.00,0,0,0,0.00,-0.67,1077,eng ENG,"DF,MF",eng Premier League,23-306,2002,0.0,0,0,0,0,0,0,0,0,0,0
1078,Dejan Ljubičić,at AUT,MF,Schalke 04,de Bundesliga,28.0,1997,3,3,183,2.0,0,0,0,0,0,0,0,0,0.00,,,,,,,,,,,,,,,,,,,,,,,,,1078,at AUT,MF,de Bundesliga,28-341,1997,2.0,0,2,1,50.0,0.98,0.49,0.00,0.00,0,0,1341,at AUT,MF,de Bundesliga,28-341,1997,3,183,61,67.8,2.0,3,61,1,0,,0,1.33,0,3,-3,-1.48,-3.54,1078,at AUT,MF,de Bundesliga,28-341,1997,2.0,0,0,0,0,0,1,0,1,1,0
1079,Marin Ljubicic,hr CRO,FW,Union Berlin,de Bundesliga,24.0,2002,3,2,216,2.4,0,0,0,0,0,0,1,0,0.00,,,,,,,,,,,,,,,,,,,,,,,,,1079,hr CRO,FW,de Bundesliga,24-198,2002,2.4,0,4,2,50.0,1.67,0.83,0.00,0.00,0,0,1342,hr CRO,FW,de Bundesliga,24-198,2002,3,216,72,80.0,2.4,2,86,1,1,45,0,0.33,3,8,-5,-2.08,-0.42,1079,hr CRO,FW,de Bundesliga,24-198,2002,2.4,1,0,0,4,2,3,1,0,0,0
1080,Diego Llorente,es ESP,DF,Real Betis,es La Liga,33.0,1993,2,2,128,1.4,0,0,0,0,0,0,0,0,0.00,,,,,,,,,,,,,,,,,,,,,,,,,1080,es ESP,DF,es La Liga,33-029,1993,1.4,0,0,0,,0.00,0.00,,,0,0,1343,es ESP,DF,es La Liga,33-029,1993,2,128,64,35.6,1.4,2,64,1,0,,2,3.00,1,0,+1,+0.70,+1.09,1080,es ESP,DF,es La Liga,33-029,1993,1.4,0,0,0,1,0,0,0,6,1,0
1081,Marcos Llorente,es ESP,"DF,MF",Atlético Madrid,es La Liga,31.0,1995,5,3,284,3.2,0,1,1,0,0,0,1,0,0.32,,,,,,,,,,,,,,,,,,,,,,,,,1081,es ESP,"DF,MF",es La Liga,31-227,1995,3.2,0,3,2,66.7,0.95,0.63,0.00,0.00,0,0,1344,es ESP,"DF,MF",es La Liga,31-227,1995,5,284,57,63.1,3.2,3,71,1,2,35,0,2.00,6,5,+1,+0.32,-1.31,1081,es ESP,"DF,MF",es La Liga,31-227,1995,3.2,1,0,0,7,2,0,3,6,2,0
1082,Gautier Lloris,fr FRA,DF,Brest,fr Ligue 1,31.0,1995,3,3,262,2.9,0,0,0,0,0,0,0,0,0.00,,,,,,,,,,,,,,,,,,,,,,,,,1082,fr FRA,DF,fr Ligue 1,31-058,1995,2.9,0,1,0,0.0,0.34,0.00,0.00,,0,0,1345,fr FRA,DF,fr Ligue 1,31-058,1995,3,262,87,72.8,2.9,3,87,2,0,,1,1.33,3,4,-1,-0.34,-1.26,1082,fr FRA,DF,fr Ligue 1,31-058,1995,2.9,0,0,0,1,2,0,0,6,2,0
1083,Danny Loader,cm CMR,"FW,MF",Auxerre,fr Ligue 1,26.0,2000,4,4,316,3.5,1,0,1,0,1,1,0,0,0.00,,,,,,,,,,,,,,,,,,,,,,,,,1083,cm CMR,"FW,MF",fr Ligue 1,26-017,2000,3.5,1,8,5,62.5,2.28,1.42,0.13,0.20,1,1,1346,cm CMR,"FW,MF",fr Ligue 1,26-017,2000,4,316,79,87.8,3.5,4,79,1,0,,0,0.75,5,9,-4,-1.14,+2.95,1083,cm CMR,"FW,MF",fr Ligue 1,26-017,2000,3.5,0,0,0,4,3,1,1,0,7,0
1084,Diogo Lobão,pt POR,MF,Strasbourg,fr Ligue 1,20.0,2006,4,4,293,3.3,1,1,2,1,0,0,0,0,0.61,,,,,,,,,,,,,,,,,,,,,,,,,1084,pt POR,MF,fr Ligue 1,20-237,2006,3.3,1,5,4,80.0,1.54,1.23,0.20,0.25,0,0,1347,pt POR,MF,fr Ligue 1,20-237,2006,4,293,73,81.4,3.3,4,73,2,0,,0,1.75,8,5,+3,+0.92,+3.61,1084,pt POR,MF,fr Ligue 1,20-237,2006,3.3,0,0,0,6,0,1,3,2,2,0
1085,Julen Lobete,es ESP,"FW,MF",Málaga,es La Liga,25.0,2000,1,0,6,0.1,0,0,0,0,0,0,0,0,0.00,,,,,,,,,,,,,,,,,,,,,,,,,1085,es ESP,"FW,MF",es La Liga,25-361,2000,0.1,0,0,0,,0.00,0.00,,,0,0,1348,es ESP,"FW,MF",es La Liga,25-361,2000,1,6,6,1.3,0.1,0,,0,1,6,2,1.00,0,0,0,0.00,+1.22,1085,es ESP,"FW,MF",es La Liga,25-361,2000,0.1,0,0,0,0,0,0,0,0,0,0
1086,Stanislav Lobotka,sk SVK,MF,Napoli,it Serie A,31.0,1994,4,4,348,3.9,1,0,1,1,0,0,0,0,0.26,,,,,,,,,,,,,,,,,,,,,,,,,1086,sk SVK,MF,it Serie A,31-293,1994,3.9,1,4,2,50.0,1.03,0.52,0.25,0.50,0,0,1349,sk SVK,MF,it Serie A,31-293,1994,4,348,87,96.7,3.9,4,87,3,0,,0,1.50,6,3,+3,+0.78,+15.78,1086,sk SVK,MF,it Serie A,31-293,1994,3.9,0,0,0,1,8,0,1,2,2,0
1087,Manuel Locatelli,it ITA,MF,Juventus,it Serie A,28.0,1998,3,3,270,3.0,0,1,1,0,0,0,1,0,0.33,,,,,,,,,,,,,,,,,,,,,,,,,1087,it ITA,MF,it Serie A,28-249,1998,3.0,0,2,0,0.0,0.67,0.00,0.00,,0,0,1350,it ITA,MF,it Serie A,28-249,1998,3,270,90,75.0,3.0,3,90,3,0,,0,2.33,4,1,+3,+1.00,+2.00,1087,it ITA,MF,it Serie A,28-249,1998,3.0,1,0,0,8,8,0,2,7,4,0
1088,Luka Lochoshvili,ge GEO,DF,Köln,de Bundesliga,28.0,1998,3,3,270,3.0,0,0,0,0,0,0,0,0,0.00,,,,,,,,,,,,,,,,,,,,,,,,,1088,ge GEO,DF,de Bundesliga,28-108,1998,3.0,0,3,0,0.0,1.00,0.00,0.00,,0,0,1351,ge GEO,DF,de Bundesliga,28-108,1998,3,270,90,100.0,3.0,3,90,3,0,,0,1.33,5,7,-2,-0.67,,1088,ge GEO,DF,de Bundesliga,28-108,1998,3.0,0,0,0,2,2,0,0,1,1,0
1089,Bradley Locko,fr FRA,DF,Brest,fr Ligue 1,24.0,2002,4,4,357,4.0,0,0,0,0,0,0,1,0,0.00,,,,,,,,,,,,,,,,,,,,,,,,,1089,fr FRA,DF,fr Ligue 1,24-131,2002,4.0,0,0,0,,0.00,0.00,,,0,0,1352,fr FRA,DF,fr Ligue 1,24-131,2002,4,357,89,99.2,4.0,4,89,3,0,,0,1.25,6,6,0,0.00,0.00,1089,fr FRA,DF,fr Ligue 1,24-131,2002,4.0,1,0,0,3,9,0,15,6,9,0
1090,Ruben Loftus-Cheek,eng ENG,MF,Milan,it Serie A,30.0,1996,4,3,188,2.1,0,0,0,0,0,0,1,0,0.00,,,,,,,,,,,,,,,,,,,,,,,,,1090,eng ENG,MF,it Serie A,30-234,1996,2.1,0,5,0,0.0,2.39,0.00,0.00,,0,0,1353,eng ENG,MF,it Serie A,30-234,1996,4,188,47,52.2,2.1,3,53,0,1,30,0,2.00,1,3,-2,-0.96,-3.57,1090,eng ENG,MF,it Serie A,30-234,1996,2.1,1,0,0,2,2,0,4,1,0,0
1091,Sean Longstaff,eng ENG,MF,Leeds United,eng Premier League,28.0,1997,1,0,9,0.1,0,0,0,0,0,0,0,0,0.00,,,,,,,,,,,,,,,,,,,,,,,,,1091,eng ENG,MF,eng Premier League,28-319,1997,0.1,0,0,0,,0.00,0.00,,,0,0,1355,eng ENG,MF,eng Premier League,28-319,1997,1,9,9,3.3,0.1,0,,0,1,9,2,3.00,1,0,+1,+10.00,+10.00,1091,eng ENG,MF,eng Premier League,28-319,1997,0.1,0,0,0,0,0,0,0,0,0,0
1092,Simone Lontani,it ITA,FW,Parma,it Serie A,18.0,2008,3,2,171,1.9,1,0,1,1,0,0,0,0,0.53,,,,,,,,,,,,,,,,,,,,,,,,,1092,it ITA,FW,it Serie A,18-238,2008,1.9,1,3,2,66.7,1.58,1.05,0.33,0.50,0,0,1356,it ITA,FW,it Serie A,18-238,2008,3,171,57,63.3,1.9,2,68,0,1,36,0,0.33,1,1,0,0.00,+2.73,1092,it ITA,FW,it Serie A,18-238,2008,1.9,0,0,0,0,6,0,7,1,1,0
1093,Ademola Lookman,ng NGA,"FW,MF",Atlético Madrid,es La Liga,28.0,1997,5,5,365,4.1,1,0,1,1,0,0,0,0,0.25,,,,,,,,,,,,,,,,,,,,,,,,,1093,ng NGA,"FW,MF",es La Liga,28-329,1997,4.1,1,7,3,42.9,1.73,0.74,0.14,0.33,0,0,1357,ng NGA,"FW,MF",es La Liga,28-329,1997,5,365,73,81.1,4.1,5,73,1,0,,0,2.00,6,5,+1,+0.25,-2.93,1093,ng NGA,"FW,MF",es La Liga,28-329,1997,4.1,0,0,0,6,6,3,2,1,1,0
1094,Anthony Lopes,pt POR,GK,Angers,fr Ligue 1,35.0,1990,4,4,360,4.0,0,0,0,0,0,0,0,0,0.00,53,pt POR,GK,fr Ligue 1,35-348,1990,4,4,360,4.0,5,1.25,28,23,82.1,1,1,2,1,25.0,0,0,0,0,1094,pt POR,GK,fr Ligue 1,35-348,1990,4.0,0,0,0,,0.00,0.00,,,0,0,1358,pt POR,GK,fr Ligue 1,35-348,1990,4,360,90,100.0,4.0,4,90,4,0,,0,1.00,4,5,-1,-0.25,,1094,pt POR,GK,fr Ligue 1,35-348,1990,4.0,0,0,0,0,0,0,0,0,1,0
1095,Fermin López,es ESP,MF,Barcelona,es La Liga,23.0,2003,5,4,371,4.1,4,2,6,4,0,0,1,0,1.46,,,,,,,,,,,,,,,,,,,,,,,,,1095,es ESP,MF,es La Liga,23-126,2003,4.1,4,11,8,72.7,2.67,1.94,0.36,0.50,0,0,1360,es ESP,MF,es La Liga,23-126,2003,5,371,74,82.4,4.1,4,86,3,1,27,0,3.00,16,2,+14,+3.40,-0.02,1095,es ESP,MF,es La Liga,23-126,2003,4.1,1,0,0,6,6,2,7,2,4,0
1096,Maxime Lopez,fr FRA,MF,Paris FC,fr Ligue 1,28.0,1997,4,3,297,3.3,0,0,0,0,0,0,0,0,0.00,,,,,,,,,,,,,,,,,,,,,,,,,1096,fr FRA,MF,fr Ligue 1,28-284,1997,3.3,0,1,1,100.0,0.30,0.30,0.00,0.00,0,0,1362,fr FRA,MF,fr Ligue 1,28-284,1997,4,297,74,82.5,3.3,3,90,2,1,28,0,2.00,6,2,+4,+1.21,+1.21,1096,fr FRA,MF,fr Ligue 1,28-284,1997,3.3,0,0,0,4,1,0,1,5,2,0
1097,Oscar Lopez,bo BOL,MF,Getafe,es La Liga,20.0,2006,1,0,1,0.0,0,0,0,0,0,0,0,0,0.00,,,,,,,,,,,,,,,,,,,,,,,,,1097,bo BOL,MF,es La Liga,20-032,2006,0.0,0,0,0,,0.00,0.00,,,0,0,1363,bo BOL,MF,es La Liga,20-032,2006,1,1,1,0.2,0.0,0,,0,1,1,3,1.00,0,0,0,0.00,+0.60,1097,bo BOL,MF,es La Liga,20-032,2006,0.0,0,0,0,0,0,0,0,0,0,0
1098,Unai López,es ESP,MF,Rayo Vallecano,es La Liga,30.0,1995,5,5,405,4.5,0,3,3,0,0,0,1,0,0.67,,,,,,,,,,,,,,,,,,,,,,,,,1098,es ESP,MF,es La Liga,30-319,1995,4.5,0,3,1,33.3,0.67,0.22,0.00,0.00,0,0,1364,es ESP,MF,es La Liga,30-319,1995,5,405,81,90.0,4.5,5,81,2,0,,0,0.80,8,11,-3,-0.67,+5.33,1098,es ESP,MF,es La Liga,30-319,1995,4.5,1,0,0,8,2,0,30,3,7,0
1099,Dani Lorenzo,es ESP,MF,Málaga,es La Liga,23.0,2003,4,4,295,3.3,0,0,0,0,0,0,1,0,0.00,,,,,,,,,,,,,,,,,,,,,,,,,1099,es ESP,MF,es La Liga,23-162,2003,3.3,0,1,0,0.0,0.31,0.00,0.00,,0,0,1365,es ESP,MF,es La Liga,23-162,2003,4,295,74,65.6,3.3,4,74,0,0,,0,0.75,1,3,-2,-0.61,+1.71,1099,es ESP,MF,es La Liga,23-162,2003,3.3,1,0,0,2,6,0,0,3,2,0
1100,Marius Louer,fr FRA,MF,Angers,fr Ligue 1,19.0,2007,1,0,4,0.0,0,0,0,0,0,0,0,0,0.00,,,,,,,,,,,,,,,,,,,,,,,,,1100,fr FRA,MF,fr Ligue 1,19-187,2007,0.0,0,0,0,,0.00,0.00,,,0,0,1368,fr FRA,MF,fr Ligue 1,19-187,2007,1,4,4,1.1,0.0,0,,0,1,4,2,3.00,0,0,0,0.00,+0.25,1100,fr FRA,MF,fr Ligue 1,19-187,2007,0.0,0,0,0,0,0,0,0,1,0,0
1101,Johaneko Louisjean,fr FRA,DF,Athletic Club,es La Liga,22.0,2004,4,1,125,1.4,0,0,0,0,0,0,1,0,0.00,,,,,,,,,,,,,,,,,,,,,,,,,1101,fr FRA,DF,es La Liga,22-078,2004,1.4,0,0,0,,0.00,0.00,,,0,0,1369,fr FRA,DF,es La Liga,22-078,2004,4,125,31,27.8,1.4,1,69,0,3,19,1,1.75,2,1,+1,+0.72,+0.72,1101,fr FRA,DF,es La Liga,22-078,2004,1.4,1,0,0,2,3,0,3,6,3,0
1102,Miguel Loureiro,es ESP,DF,Dep. A Coruña,es La Liga,29.0,1996,3,1,106,1.2,0,0,0,0,0,0,0,0,0.00,,,,,,,,,,,,,,,,,,,,,,,,,1102,es ESP,DF,es La Liga,29-297,1996,1.2,0,0,0,,0.00,0.00,,,0,0,1370,es ESP,DF,es La Liga,29-297,1996,3,106,35,23.6,1.2,1,73,0,2,17,2,2.33,3,2,+1,+0.85,+0.33,1102,es ESP,DF,es La Liga,29-297,1996,1.2,0,0,0,2,1,0,0,3,2,0
1103,Pol Lozano,es ESP,MF,Espanyol,es La Liga,26.0,1999,2,0,35,0.4,0,0,0,0,0,0,1,0,0.00,,,,,,,,,,,,,,,,,,,,,,,,,1103,es ESP,MF,es La Liga,26-343,1999,0.4,0,1,0,0.0,2.57,0.00,0.00,,0,0,1372,es ESP,MF,es La Liga,26-343,1999,2,35,18,7.8,0.4,0,,0,2,18,3,1.50,1,1,0,0.00,-0.65,1103,es ESP,MF,es La Liga,26-343,1999,0.4,1,0,0,1,0,0,0,0,2,0
1104,Lorenzo Lucca,it ITA,FW,Napoli,it Serie A,26.0,2000,4,0,59,0.7,0,0,0,0,0,0,0,0,0.00,,,,,,,,,,,,,,,,,,,,,,,,,1104,it ITA,FW,it Serie A,26-004,2000,0.7,0,2,1,50.0,3.05,1.53,0.00,0.00,0,0,1374,it ITA,FW,it Serie A,26-004,2000,4,59,15,16.4,0.7,0,,0,4,15,0,1.50,2,2,0,0.00,-0.30,1104,it ITA,FW,it Serie A,26-004,2000,0.7,0,0,0,3,0,3,0,2,0,0
1105,Lorenzo Lucchesi,it ITA,DF,Monza,it Serie A,23.0,2003,4,4,327,3.6,0,0,0,0,0,0,2,0,0.00,,,,,,,,,,,,,,,,,,,,,,,,,1105,it ITA,DF,it Serie A,23-128,2003,3.6,0,3,2,66.7,0.83,0.55,0.00,0.00,0,0,1375,it ITA,DF,it Serie A,23-128,2003,4,327,82,90.8,3.6,4,82,2,0,,0,0.25,5,11,-6,-1.65,-4.38,1105,it ITA,DF,it Serie A,23-128,2003,3.6,2,0,0,8,2,0,0,12,2,0
1106,Jhon Lucumí,co COL,DF,Juventus,it Serie A,28.0,1998,3,3,209,2.3,0,0,0,0,0,0,2,0,0.00,,,,,,,,,,,,,,,,,,,,,,,,,1106,co COL,DF,it Serie A,28-080,1998,2.3,0,1,0,0.0,0.43,0.00,0.00,,0,0,1376,co COL,DF,it Serie A,28-080,1998,3,209,70,58.1,2.3,3,70,1,0,,1,1.33,2,1,+1,+0.43,-0.17,1106,co COL,DF,it Serie A,28-080,1998,2.3,2,0,0,2,0,0,0,1,3,0
1107,Florentino Luís,pt POR,MF,Ipswich Town,eng Premier League,27.0,1999,1,0,14,0.2,0,0,0,0,0,0,0,0,0.00,,,,,,,,,,,,,,,,,,,,,,,,,1107,pt POR,MF,eng Premier League,27-026,1999,0.2,0,0,0,,0.00,0.00,,,0,0,1377,pt POR,MF,eng Premier League,27-026,1999,1,14,14,3.9,0.2,0,,0,1,14,1,3.00,1,0,+1,+6.43,+7.47,1107,pt POR,MF,eng Premier League,27-026,1999,0.2,0,0,0,0,0,0,1,1,1,0
1108,José Luis Gayà,es ESP,DF,Valencia,es La Liga,31.0,1995,3,2,187,2.1,0,0,0,0,0,0,0,0,0.00,,,,,,,,,,,,,,,,,,,,,,,,,1108,es ESP,DF,es La Liga,31-112,1995,2.1,0,0,0,,0.00,0.00,,,0,0,1378,es ESP,DF,es La Liga,31-112,1995,3,187,62,41.6,2.1,2,75,0,1,37,2,0.33,0,3,-3,-1.44,+0.61,1108,es ESP,DF,es La Liga,31-112,1995,2.1,0,0,0,4,4,0,5,0,6,0
1109,Luismi,es ESP,MF,Dep. A Coruña,es La Liga,25.0,2001,5,4,310,3.4,1,1,2,1,0,0,0,0,0.58,,,,,,,,,,,,,,,,,,,,,,,,,1109,es ESP,MF,es La Liga,25-114,2001,3.4,1,4,2,50.0,1.16,0.58,0.25,0.50,0,0,1379,es ESP,MF,es La Liga,25-114,2001,5,310,62,68.9,3.4,4,73,0,1,20,0,1.80,5,6,-1,-0.29,-2.86,1109,es ESP,MF,es La Liga,25-114,2001,3.4,0,0,0,11,7,0,10,1,2,0
1110,Douglas Luiz,br BRA,MF,Juventus,it Serie A,28.0,1998,4,4,333,3.7,0,0,0,0,0,0,1,0,0.00,,,,,,,,,,,,,,,,,,,,,,,,,1110,br BRA,MF,it Serie A,28-128,1998,3.7,0,11,3,27.3,2.97,0.81,0.00,0.00,0,0,1380,br BRA,MF,it Serie A,28-128,1998,4,333,83,92.5,3.7,4,83,2,0,,0,1.75,5,4,+1,+0.27,-3.06,1110,br BRA,MF,it Serie A,28-128,1998,3.7,1,0,0,13,6,0,15,1,3,0
1111,Castello Lukeba,fr FRA,DF,RB Leipzig,de Bundesliga,23.0,2002,2,2,162,1.8,0,0,0,0,0,0,1,0,0.00,,,,,,,,,,,,,,,,,,,,,,,,,1111,fr FRA,DF,de Bundesliga,23-271,2002,1.8,0,1,0,0.0,0.56,0.00,0.00,,0,0,1381,fr FRA,DF,de Bundesliga,23-271,2002,2,162,81,60.0,1.8,2,81,1,0,,0,3.00,6,0,+6,+3.33,+3.33,1111,fr FRA,DF,de Bundesliga,23-271,2002,1.8,1,0,0,2,1,0,0,3,0,0
1112,Saša Lukić,rs SRB,MF,Ipswich Town,eng Premier League,30.0,1996,4,4,328,3.6,0,1,1,0,0,0,2,0,0.27,,,,,,,,,,,,,,,,,,,,,,,,,1112,rs SRB,MF,eng Premier League,30-032,1996,3.6,0,1,0,0.0,0.27,0.00,0.00,,0,0,1382,rs SRB,MF,eng Premier League,30-032,1996,4,328,82,91.1,3.6,4,82,2,0,,0,1.50,5,9,-4,-1.10,-3.91,1112,rs SRB,MF,eng Premier League,30-032,1996,3.6,2,0,0,8,1,0,7,5,3,0
1113,Emanuele Lulli,it ITA,MF,Roma,it Serie A,19.0,2007,3,3,233,2.6,0,0,0,0,0,0,0,0,0.00,,,,,,,,,,,,,,,,,,,,,,,,,1113,it ITA,MF,it Serie A,19-028,2007,2.6,0,1,0,0.0,0.39,0.00,0.00,,0,0,1383,it ITA,MF,it Serie A,19-028,2007,3,233,78,86.3,2.6,3,78,2,0,,0,3.00,8,1,+7,+2.70,-2.16,1113,it ITA,MF,it Serie A,19-028,2007,2.6,0,0,0,2,3,1,9,2,5,0
1114,Iker Luque,es ESP,DF,Racing Sant,es La Liga,21.0,2005,1,0,17,0.2,0,0,0,0,0,0,0,0,0.00,,,,,,,,,,,,,,,,,,,,,,,,,1114,es ESP,DF,es La Liga,21-101,2005,0.2,0,1,0,0.0,5.29,0.00,0.00,,0,0,1386,es ESP,DF,es La Liga,21-101,2005,1,17,17,3.8,0.2,0,,0,1,17,0,3.00,0,0,0,0.00,0.00,1114,es ESP,DF,es La Liga,21-101,2005,0.2,0,0,0,0,0,1,0,0,0,0
1115,Senne Lynen,be BEL,MF,Werder Bremen,de Bundesliga,27.0,1999,1,1,45,0.5,0,0,0,0,0,0,0,0,0.00,,,,,,,,,,,,,,,,,,,,,,,,,1115,be BEL,MF,de Bundesliga,27-207,1999,0.5,0,0,0,,0.00,0.00,,,0,0,1388,be BEL,MF,de Bundesliga,27-207,1999,1,45,45,16.7,0.5,1,45,0,0,,0,0.00,0,2,-2,-4.00,-4.40,1115,be BEL,MF,de Bundesliga,27-207,1999,0.5,0,0,0,1,0,0,0,1,0,0
1116,Ian Maatsen,nl NED,DF,Aston Villa,eng Premier League,24.0,2002,4,4,335,3.7,0,0,0,0,0,0,1,0,0.00,,,,,,,,,,,,,,,,,,,,,,,,,1116,nl NED,DF,eng Premier League,24-188,2002,3.7,0,5,1,20.0,1.34,0.27,0.00,0.00,0,0,1390,nl NED,DF,eng Premier League,24-188,2002,4,335,84,93.1,3.7,4,84,2,0,,0,0.25,1,7,-6,-1.61,-1.61,1116,nl NED,DF,eng Premier League,24-188,2002,3.7,1,0,0,5,0,0,6,6,2,0
1117,Alexis Mac Allister,ar ARG,MF,Liverpool,eng Premier League,27.0,1998,4,2,218,2.4,0,0,0,0,0,0,1,0,0.00,,,,,,,,,,,,,,,,,,,,,,,,,1117,ar ARG,MF,eng Premier League,27-264,1998,2.4,0,3,1,33.3,1.24,0.41,0.00,0.00,0,0,1391,ar ARG,MF,eng Premier League,27-264,1998,4,218,55,60.6,2.4,2,80,0,2,30,0,1.50,4,2,+2,+0.83,+0.83,1117,ar ARG,MF,eng Premier League,27-264,1998,2.4,1,0,0,4,3,0,0,2,5,0
1118,Tommaso Macchioni,it ITA,DF,Sassuolo,it Serie A,20.0,2006,1,1,73,0.8,0,0,0,0,0,0,0,0,0.00,,,,,,,,,,,,,,,,,,,,,,,,,1118,it ITA,DF,it Serie A,20-163,2006,0.8,0,0,0,,0.00,0.00,,,0,0,1392,it ITA,DF,it Serie A,20-163,2006,1,73,73,20.3,0.8,1,73,0,0,,0,0.00,1,2,-1,-1.23,-1.86,1118,it ITA,DF,it Serie A,20-163,2006,0.8,0,0,0,0,0,0,0,0,0,0
1119,Koki Machida,jp JPN,DF,Hoffenheim,de Bundesliga,29.0,1997,1,0,22,0.2,0,0,0,0,0,0,0,0,0.00,,,,,,,,,,,,,,,,,,,,,,,,,1119,jp JPN,DF,de Bundesliga,29-020,1997,0.2,0,0,0,,0.00,0.00,,,0,0,1393,jp JPN,DF,de Bundesliga,29-020,1997,1,22,22,8.1,0.2,0,,0,1,22,0,3.00,0,0,0,0.00,+0.36,1119,jp JPN,DF,de Bundesliga,29-020,1997,0.2,0,0,0,0,0,0,0,1,0,0
1120,Shuto Machino,jp JPN,FW,Gladbach,de Bundesliga,26.0,1999,1,0,45,0.5,0,0,0,0,0,0,0,0,0.00,,,,,,,,,,,,,,,,,,,,,,,,,1120,jp JPN,FW,de Bundesliga,26-349,1999,0.5,0,1,0,0.0,2.00,0.00,0.00,,0,0,1394,jp JPN,FW,de Bundesliga,26-349,1999,1,45,45,16.7,0.5,0,,0,1,45,2,0.00,0,3,-3,-6.00,-3.60,1120,jp JPN,FW,de Bundesliga,26-349,1999,0.5,0,0,0,0,1,0,0,0,0,0
1121,Carlos Macià,es ESP,MF,Villarreal,es La Liga,18.0,2008,2,0,47,0.5,0,0,0,0,0,0,0,0,0.00,,,,,,,,,,,,,,,,,,,,,,,,,1121,es ESP,MF,es La Liga,18-013,2008,0.5,0,0,0,,0.00,0.00,,,0,0,1395,es ESP,MF,es La Liga,18-013,2008,2,47,24,13.1,0.5,0,,0,2,24,2,1.00,0,1,-1,-1.91,-1.63,1121,es ESP,MF,es La Liga,18-013,2008,0.5,0,0,0,1,0,0,0,1,3,0
1122,James Maddison,eng ENG,"FW,MF",Tottenham,eng Premier League,29.0,1996,2,0,37,0.4,0,0,0,0,0,0,0,0,0.00,,,,,,,,,,,,,,,,,,,,,,,,,1122,eng ENG,"FW,MF",eng Premier League,29-295,1996,0.4,0,0,0,,0.00,0.00,,,0,0,1396,eng ENG,"FW,MF",eng Premier League,29-295,1996,2,37,19,10.3,0.4,0,,0,2,19,0,0.50,0,0,0,0.00,+1.39,1122,eng ENG,"FW,MF",eng Premier League,29-295,1996,0.4,0,0,0,0,2,0,2,1,0,0
1123,Noni Madueke,eng ENG,"FW,MF",Arsenal,eng Premier League,24.0,2002,2,0,24,0.3,0,0,0,0,0,0,0,0,0.00,,,,,,,,,,,,,,,,,,,,,,,,,1123,eng ENG,"FW,MF",eng Premier League,24-188,2002,0.3,0,0,0,,0.00,0.00,,,0,0,1397,eng ENG,"FW,MF",eng Premier League,24-188,2002,2,24,12,6.7,0.3,0,,0,2,12,2,3.00,0,0,0,0.00,-1.87,1123,eng ENG,"FW,MF",eng Premier League,24-188,2002,0.3,0,0,0,0,0,0,1,0,0,0
1124,Daizen Maeda,jp JPN,MF,Ipswich Town,eng Premier League,28.0,1997,4,3,244,2.7,0,0,0,0,0,0,0,0,0.00,,,,,,,,,,,,,,,,,,,,,,,,,1124,jp JPN,MF,eng Premier League,28-329,1997,2.7,0,3,2,66.7,1.11,0.74,0.00,0.00,0,0,1398,jp JPN,MF,eng Premier League,28-329,1997,4,244,61,67.8,2.7,3,72,0,1,28,0,1.50,3,8,-5,-1.84,-3.40,1124,jp JPN,MF,eng Premier League,28-329,1997,2.7,0,0,0,6,0,0,3,0,5,0
1125,Pablo Maffeo,es ESP,DF,Valencia,es La Liga,29.0,1997,4,2,158,1.8,0,0,0,0,0,0,1,0,0.00,,,,,,,,,,,,,,,,,,,,,,,,,1125,es ESP,DF,es La Liga,29-064,1997,1.8,0,0,0,,0.00,0.00,,,0,0,1399,es ESP,DF,es La Liga,29-064,1997,4,158,40,35.1,1.8,2,54,0,2,26,0,0.25,0,4,-4,-2.28,-0.74,1125,es ESP,DF,es La Liga,29-064,1997,1.8,1,0,0,3,2,0,6,3,1,0
1126,Louis Mafouta,cf CTA,FW,Le Mans,fr Ligue 1,32.0,1994,4,4,332,3.7,3,1,4,2,1,1,0,0,0.81,,,,,,,,,,,,,,,,,,,,,,,,,1126,cf CTA,FW,fr Ligue 1,32-074,1994,3.7,3,10,6,60.0,2.71,1.63,0.30,0.50,1,1,1400,cf CTA,FW,fr Ligue 1,32-074,1994,4,332,83,92.2,3.7,4,83,3,0,,0,0.75,7,8,-1,-0.27,-0.27,1126,cf CTA,FW,fr Ligue 1,32-074,1994,3.7,0,0,0,5,3,0,0,0,1,0
1127,Gabriel Magalhães,br BRA,DF,Arsenal,eng Premier League,28.0,1997,4,4,360,4.0,0,0,0,0,0,0,2,0,0.00,,,,,,,,,,,,,,,,,,,,,,,,,1127,br BRA,DF,eng Premier League,28-269,1997,4.0,0,5,2,40.0,1.25,0.50,0.00,0.00,0,0,1401,br BRA,DF,eng Premier League,28-269,1997,4,360,90,100.0,4.0,4,90,4,0,,0,3.00,8,1,+7,+1.75,,1127,br BRA,DF,eng Premier League,28-269,1997,4.0,2,0,0,4,4,0,1,6,0,0
1128,Hugo Magnetti,fr FRA,MF,Brest,fr Ligue 1,28.0,1998,3,2,180,2.0,0,1,1,0,0,0,0,0,0.50,,,,,,,,,,,,,,,,,,,,,,,,,1128,fr FRA,MF,fr Ligue 1,28-107,1998,2.0,0,3,1,33.3,1.50,0.50,0.00,0.00,0,0,1402,fr FRA,MF,fr Ligue 1,28-107,1998,3,180,60,50.0,2.0,2,82,1,1,16,0,1.33,3,1,+2,+1.00,+2.00,1128,fr FRA,MF,fr Ligue 1,28-107,1998,2.0,0,0,0,3,3,0,1,7,4,0
1129,Harry Maguire,eng ENG,DF,Manchester Utd,eng Premier League,33.0,1993,4,4,360,4.0,0,0,0,0,0,0,2,0,0.00,,,,,,,,,,,,,,,,,,,,,,,,,1129,eng ENG,DF,eng Premier League,33-193,1993,4.0,0,5,1,20.0,1.25,0.25,0.00,0.00,0,0,1403,eng ENG,DF,eng Premier League,33-193,1993,4,360,90,100.0,4.0,4,90,4,0,,0,1.00,7,7,0,0.00,,1129,eng ENG,DF,eng Premier League,33-193,1993,4.0,2,0,0,7,1,0,2,5,1,0
1130,Mike Maignan,fr FRA,GK,Milan,it Serie A,31.0,1995,4,4,360,4.0,0,0,0,0,0,0,0,0,0.00,54,fr FRA,GK,it Serie A,31-073,1995,4,4,360,4.0,4,1.00,14,10,71.4,2,2,0,1,25.0,0,0,0,0,1130,fr FRA,GK,it Serie A,31-073,1995,4.0,0,0,0,,0.00,0.00,,,0,0,1404,fr FRA,GK,it Serie A,31-073,1995,4,360,90,100.0,4.0,4,90,4,0,,0,2.00,7,4,+3,+0.75,,1130,fr FRA,GK,it Serie A,31-073,1995,4.0,0,0,0,0,2,0,0,0,0,0
1131,Linton Maina,de GER,"MF,FW",Köln,de Bundesliga,27.0,1999,3,2,164,1.8,1,1,2,1,0,0,0,0,1.10,,,,,,,,,,,,,,,,,,,,,,,,,1131,de GER,"MF,FW",de Bundesliga,27-083,1999,1.8,1,2,1,50.0,1.10,0.55,0.50,1.00,0,0,1406,de GER,"MF,FW",de Bundesliga,27-083,1999,3,164,55,60.7,1.8,2,69,0,1,26,0,1.33,3,4,-1,-0.55,+0.30,1131,de GER,"MF,FW",de Bundesliga,27-083,1999,1.8,0,0,0,0,4,0,5,0,1,0
1132,Kobbie Mainoo,eng ENG,MF,Manchester Utd,eng Premier League,21.0,2005,4,3,276,3.1,0,1,1,0,0,0,0,0,0.33,,,,,,,,,,,,,,,,,,,,,,,,,1132,eng ENG,MF,eng Premier League,21-148,2005,3.1,0,5,0,0.0,1.63,0.00,0.00,,0,0,1407,eng ENG,MF,eng Premier League,21-148,2005,4,276,69,76.7,3.1,3,84,1,1,24,0,1.00,5,3,+2,+0.65,+2.80,1132,eng ENG,MF,eng Premier League,21-148,2005,3.1,0,0,0,3,5,0,1,5,3,0
1133,Ainsley Maitland-Niles,eng ENG,DF,Everton,eng Premier League,29.0,1997,2,1,88,1.0,1,0,1,1,0,0,0,0,1.02,,,,,,,,,,,,,,,,,,,,,,,,,1133,eng ENG,DF,eng Premier League,29-016,1997,1.0,1,2,1,50.0,2.05,1.02,0.50,1.00,0,0,1408,eng ENG,DF,eng Premier League,29-016,1997,2,88,44,24.4,1.0,1,74,0,1,14,0,1.00,2,1,+1,+1.02,+0.69,1133,eng ENG,DF,eng Premier League,29-016,1997,1.0,0,0,0,0,0,0,2,1,1,0
1134,Josh Maja,ng NGA,FW,Le Havre,fr Ligue 1,27.0,1998,4,2,187,2.1,0,0,0,0,0,0,0,0,0.00,,,,,,,,,,,,,,,,,,,,,,,,,1134,ng NGA,FW,fr Ligue 1,27-261,1998,2.1,0,3,1,33.3,1.44,0.48,0.00,0.00,0,0,1410,ng NGA,FW,fr Ligue 1,27-261,1998,4,187,47,51.9,2.1,2,70,0,2,24,0,0.50,1,3,-2,-0.96,-0.96,1134,ng NGA,FW,fr Ligue 1,27-261,1998,2.1,0,0,0,4,2,0,0,0,0,0
1135,Jean-Victor Makengo,fr FRA,MF,Lorient,fr Ligue 1,28.0,1998,4,4,342,3.8,1,0,1,1,0,0,0,0,0.26,,,,,,,,,,,,,,,,,,,,,,,,,1135,fr FRA,MF,fr Ligue 1,28-094,1998,3.8,1,7,2,28.6,1.84,0.53,0.14,0.50,0,0,1412,fr FRA,MF,fr Ligue 1,28-094,1998,4,342,86,95.0,3.8,4,86,3,0,,0,1.25,4,4,0,0.00,0.00,1135,fr FRA,MF,fr Ligue 1,28-094,1998,3.8,0,0,0,4,13,0,2,1,5,0
1136,Jordy Makengo,fr FRA,DF,Freiburg,de Bundesliga,25.0,2001,3,3,270,3.0,0,1,1,0,0,0,0,0,0.33,,,,,,,,,,,,,,,,,,,,,,,,,1136,fr FRA,DF,de Bundesliga,25-042,2001,3.0,0,1,1,100.0,0.33,0.33,0.00,0.00,0,0,1413,fr FRA,DF,de Bundesliga,25-042,2001,3,270,90,100.0,3.0,3,90,3,0,,0,3.00,10,1,+9,+3.00,,1136,fr FRA,DF,de Bundesliga,25-042,2001,3.0,0,0,0,3,8,0,4,5,1,0
1137,Christ Makosso,cg CGO,DF,Auxerre,fr Ligue 1,22.0,2004,3,3,214,2.4,0,1,1,0,0,0,0,1,0.42,,,,,,,,,,,,,,,,,,,,,,,,,1137,cg CGO,DF,fr Ligue 1,22-128,2004,2.4,0,0,0,,0.00,0.00,,,0,0,1414,cg CGO,DF,fr Ligue 1,22-128,2004,3,214,71,59.4,2.4,3,71,2,0,,0,1.00,2,4,-2,-0.84,+1.62,1137,cg CGO,DF,fr Ligue 1,22-128,2004,2.4,0,1,0,2,1,0,3,7,3,0
1138,Andrija Maksimović,rs SRB,FW,RB Leipzig,de Bundesliga,19.0,2007,1,0,7,0.1,0,1,1,0,0,0,0,0,12.86,,,,,,,,,,,,,,,,,,,,,,,,,1138,rs SRB,FW,de Bundesliga,19-101,2007,0.1,0,0,0,,0.00,0.00,,,0,0,1415,rs SRB,FW,de Bundesliga,19-101,2007,1,7,7,2.6,0.1,0,,0,1,7,2,0.00,1,0,+1,+12.86,+11.15,1138,rs SRB,FW,de Bundesliga,19-101,2007,0.1,0,0,0,0,0,0,1,0,1,0
1139,Said El Mala,de GER,FW,Köln,de Bundesliga,20.0,2006,2,1,81,0.9,1,0,1,1,0,0,0,0,1.11,,,,,,,,,,,,,,,,,,,,,,,,,1139,de GER,FW,de Bundesliga,20-019,2006,0.9,1,6,3,50.0,6.67,3.33,0.17,0.33,0,0,1416,de GER,FW,de Bundesliga,20-019,2006,2,81,41,30.0,0.9,1,64,0,1,17,0,2.00,1,1,0,0.00,+0.95,1139,de GER,FW,de Bundesliga,20-019,2006,0.9,0,0,0,1,1,0,2,0,1,0
1140,Daniel Maldini,it ITA,MF,Cagliari,it Serie A,24.0,2001,4,4,306,3.4,2,0,2,1,1,1,0,0,0.29,,,,,,,,,,,,,,,,,,,,,,,,,1140,it ITA,MF,it Serie A,24-338,2001,3.4,2,9,3,33.3,2.65,0.88,0.22,0.67,1,1,1418,it ITA,MF,it Serie A,24-338,2001,4,306,77,85.0,3.4,4,77,0,0,,0,2.25,4,2,+2,+0.59,+0.59,1140,it ITA,MF,it Serie A,24-338,2001,3.4,0,0,0,4,7,0,2,4,2,0
1141,Youssef Maleh,ma MAR,MF,Lecce,it Serie A,28.0,1998,4,1,184,2.0,0,0,0,0,0,0,0,0,0.00,,,,,,,,,,,,,,,,,,,,,,,,,1141,ma MAR,MF,it Serie A,28-023,1998,2.0,0,4,1,25.0,1.96,0.49,0.00,0.00,0,0,1419,ma MAR,MF,it Serie A,28-023,1998,4,184,46,51.1,2.0,1,84,0,3,33,0,1.50,4,2,+2,+0.98,+3.02,1141,ma MAR,MF,it Serie A,28-023,1998,2.0,0,0,0,3,2,0,7,3,2,0
1142,Donyell Malen,nl NED,FW,Roma,it Serie A,27.0,1999,3,3,195,2.2,5,0,5,5,0,0,1,0,2.31,,,,,,,,,,,,,,,,,,,,,,,,,1142,nl NED,FW,it Serie A,27-248,1999,2.2,5,13,7,53.8,6.00,3.23,0.38,0.71,0,0,1420,nl NED,FW,it Serie A,27-248,1999,3,195,65,72.2,2.2,3,65,0,0,,0,3.00,7,1,+6,+2.77,-0.83,1142,nl NED,FW,it Serie A,27-248,1999,2.2,1,0,0,2,3,5,1,2,1,0
1143,Lennard Maloney,us USA,"DF,MF",Mainz 05,de Bundesliga,26.0,1999,1,0,3,0.0,0,0,0,0,0,0,0,0,0.00,,,,,,,,,,,,,,,,,,,,,,,,,1143,us USA,"DF,MF",de Bundesliga,26-341,1999,0.0,0,0,0,,0.00,0.00,,,0,0,1421,us USA,"DF,MF",de Bundesliga,26-341,1999,1,3,3,1.1,0.0,0,,0,1,3,2,3.00,1,0,+1,+30.00,+29.33,1143,us USA,"DF,MF",de Bundesliga,26-341,1999,0.0,0,0,0,0,0,0,0,0,0,0
1144,Jeremiaha Maluze,de GER,DF,Frankfurt,de Bundesliga,21.0,2004,2,2,180,2.0,0,1,1,0,0,0,1,0,0.50,,,,,,,,,,,,,,,,,,,,,,,,,1144,de GER,DF,de Bundesliga,21-307,2004,2.0,0,0,0,,0.00,0.00,,,0,0,1422,de GER,DF,de Bundesliga,21-307,2004,2,180,90,66.7,2.0,2,90,2,0,,1,2.00,6,4,+2,+1.00,+4.00,1144,de GER,DF,de Bundesliga,21-307,2004,2.0,1,0,0,0,1,0,0,6,4,0
1145,Aitor Mañas,es ESP,FW,Alavés,es La Liga,23.0,2003,4,1,89,1.0,0,0,0,0,0,0,0,0,0.00,,,,,,,,,,,,,,,,,,,,,,,,,1145,es ESP,FW,es La Liga,23-252,2003,1.0,0,0,0,,0.00,0.00,,,0,0,1424,es ESP,FW,es La Liga,23-252,2003,4,89,22,19.8,1.0,1,56,0,3,11,1,2.25,1,0,+1,+1.01,-0.24,1145,es ESP,FW,es La Liga,23-252,2003,1.0,0,0,0,3,3,0,0,1,0,0
1146,Gianluca Mancini,it ITA,DF,Roma,it Serie A,30.0,1996,3,3,241,2.7,0,1,1,0,0,0,0,0,0.37,,,,,,,,,,,,,,,,,,,,,,,,,1146,it ITA,DF,it Serie A,30-150,1996,2.7,0,2,1,50.0,0.75,0.37,0.00,0.00,0,0,1425,it ITA,DF,it Serie A,30-150,1996,3,241,80,89.3,2.7,3,80,2,0,,0,3.00,8,1,+7,+2.61,-3.59,1146,it ITA,DF,it Serie A,30-150,1996,2.7,0,0,0,4,3,0,0,3,2,0
1147,Christos Mandas,gr GRE,GK,Lazio,it Serie A,24.0,2001,4,4,360,4.0,0,0,0,0,0,0,0,0,0.00,55,gr GRE,GK,it Serie A,24-362,2001,4,4,360,4.0,3,0.75,17,14,82.4,3,1,0,2,50.0,0,0,0,0,1147,gr GRE,GK,it Serie A,24-362,2001,4.0,0,0,0,,0.00,0.00,,,0,0,1426,gr GRE,GK,it Serie A,24-362,2001,4,360,90,100.0,4.0,4,90,4,0,,0,2.50,6,3,+3,+0.75,,1147,gr GRE,GK,it Serie A,24-362,2001,4.0,0,0,0,0,0,0,0,0,0,0
1148,Reinildo Mandava,mz MOZ,DF,Sunderland,eng Premier League,32.0,1994,4,4,359,4.0,0,0,0,0,0,0,2,1,0.00,,,,,,,,,,,,,,,,,,,,,,,,,1148,mz MOZ,DF,eng Premier League,32-236,1994,4.0,0,0,0,,0.00,0.00,,,0,0,1427,mz MOZ,DF,eng Premier League,32-236,1994,4,359,90,99.7,4.0,4,90,3,0,,0,1.00,3,4,-1,-0.25,+89.75,1148,mz MOZ,DF,eng Premier League,32-236,1994,4.0,2,1,1,8,5,0,3,9,4,0
1149,Aïssa Mandi,dz ALG,DF,Levante,es La Liga,34.0,1991,5,5,450,5.0,0,0,0,0,0,0,1,0,0.00,,,,,,,,,,,,,,,,,,,,,,,,,1149,dz ALG,DF,es La Liga,34-327,1991,5.0,0,1,0,0.0,0.20,0.00,0.00,,0,0,1428,dz ALG,DF,es La Liga,34-327,1991,5,450,90,100.0,5.0,5,90,5,0,,0,1.00,7,9,-2,-0.40,,1149,dz ALG,DF,es La Liga,34-327,1991,5.0,1,0,0,1,2,1,0,7,6,0
1150,Rolando Mandragora,it ITA,MF,Torino,it Serie A,29.0,1997,1,1,90,1.0,1,0,1,1,0,0,0,0,1.00,,,,,,,,,,,,,,,,,,,,,,,,,1150,it ITA,MF,it Serie A,29-077,1997,1.0,1,3,2,66.7,3.00,2.00,0.33,0.50,0,0,1429,it ITA,MF,it Serie A,29-077,1997,1,90,90,33.3,1.0,1,90,1,0,,0,3.00,2,1,+1,+1.00,+2.00,1150,it ITA,MF,it Serie A,29-077,1997,1.0,0,0,0,2,1,0,5,3,0,0
1151,Rolando Mandragora,it ITA,MF,Fiorentina,it Serie A,29.0,1997,2,0,37,0.4,0,0,0,0,0,0,0,0,0.00,,,,,,,,,,,,,,,,,,,,,,,,,1151,it ITA,MF,it Serie A,29-077,1997,0.4,0,1,1,100.0,2.43,2.43,0.00,0.00,0,0,1430,it ITA,MF,it Serie A,29-077,1997,2,37,19,10.3,0.4,0,,0,2,19,0,0.00,0,1,-1,-2.43,-1.04,1151,it ITA,MF,it Serie A,29-077,1997,0.4,0,0,0,1,1,0,0,0,0,0
1152,Xavier Mandza Tsiendi,fr FRA,DF,Nice,fr Ligue 1,17.0,2009,4,4,357,4.0,0,0,0,0,0,0,0,0,0.00,,,,,,,,,,,,,,,,,,,,,,,,,1152,fr FRA,DF,fr Ligue 1,17-161,2009,4.0,0,4,1,25.0,1.01,0.25,0.00,0.00,0,0,1431,fr FRA,DF,fr Ligue 1,17-161,2009,4,357,89,99.2,4.0,4,89,3,0,,0,0.50,1,5,-4,-1.01,-1.01,1152,fr FRA,DF,fr Ligue 1,17-161,2009,4.0,0,0,0,1,2,0,4,9,5,0
1153,Filippo Mane,it ITA,DF,Dortmund,de Bundesliga,21.0,2005,2,1,48,0.5,0,0,0,0,0,0,0,0,0.00,,,,,,,,,,,,,,,,,,,,,,,,,1153,it ITA,DF,de Bundesliga,21-190,2005,0.5,0,0,0,,0.00,0.00,,,0,0,1432,it ITA,DF,de Bundesliga,21-190,2005,2,48,24,17.8,0.5,1,31,0,1,17,0,3.00,0,0,0,0.00,-2.43,1153,it ITA,DF,de Bundesliga,21-190,2005,0.5,0,0,0,2,1,0,0,2,0,0
1154,Orel Mangala,be BEL,MF,Getafe,es La Liga,28.0,1998,5,5,448,5.0,0,0,0,0,0,0,1,0,0.00,,,,,,,,,,,,,,,,,,,,,,,,,1154,be BEL,MF,es La Liga,28-180,1998,5.0,0,3,0,0.0,0.60,0.00,0.00,,0,0,1433,be BEL,MF,es La Liga,28-180,1998,5,448,90,99.6,5.0,5,90,3,0,,0,1.00,3,6,-3,-0.60,-0.60,1154,be BEL,MF,es La Liga,28-180,1998,5.0,1,0,0,7,5,0,1,10,2,0
1155,Ricardo Mangas,pt POR,"MF,FW",Monza,it Serie A,28.0,1998,4,4,315,3.5,1,2,3,1,0,0,0,0,0.86,,,,,,,,,,,,,,,,,,,,,,,,,1155,pt POR,"MF,FW",it Serie A,28-179,1998,3.5,1,2,2,100.0,0.57,0.57,0.50,0.50,0,0,1434,pt POR,"MF,FW",it Serie A,28-179,1998,4,315,79,87.5,3.5,4,79,3,0,,0,0.25,5,11,-6,-1.71,-3.71,1155,pt POR,"MF,FW",it Serie A,28-179,1998,3.5,0,0,0,3,6,3,14,4,3,0
1156,Mantilla,es ESP,DF,Racing Sant,es La Liga,26.0,2000,5,5,449,5.0,0,0,0,0,0,0,2,0,0.00,,,,,,,,,,,,,,,,,,,,,,,,,1156,es ESP,DF,es La Liga,26-128,2000,5.0,0,2,0,0.0,0.40,0.00,0.00,,0,0,1435,es ESP,DF,es La Liga,26-128,2000,5,449,90,99.8,5.0,5,90,4,0,,0,1.40,9,9,0,0.00,0.00,1156,es ESP,DF,es La Liga,26-128,2000,5.0,2,0,0,6,1,0,4,5,6,0
1157,Johan Manzambi,ch SUI,MF,Aston Villa,eng Premier League,20.0,2005,1,0,28,0.3,0,0,0,0,0,0,0,0,0.00,,,,,,,,,,,,,,,,,,,,,,,,,1157,ch SUI,MF,eng Premier League,20-335,2005,0.3,0,0,0,,0.00,0.00,,,0,0,1437,ch SUI,MF,eng Premier League,20-335,2005,1,28,28,7.8,0.3,0,,0,1,28,0,0.00,1,1,0,0.00,+1.63,1157,ch SUI,MF,eng Premier League,20-335,2005,0.3,0,0,0,0,0,0,0,0,0,0
1158,Sekou Mara,fr FRA,FW,Strasbourg,fr Ligue 1,24.0,2002,2,1,76,0.8,0,0,0,0,0,0,1,0,0.00,,,,,,,,,,,,,,,,,,,,,,,,,1158,fr FRA,FW,fr Ligue 1,24-046,2002,0.8,0,0,0,,0.00,0.00,,,0,0,1438,fr FRA,FW,fr Ligue 1,24-046,2002,2,76,38,21.1,0.8,1,68,0,1,8,0,1.50,1,2,-1,-1.18,-1.82,1158,fr FRA,FW,fr Ligue 1,24-046,2002,0.8,1,0,0,1,1,0,0,0,1,0
1159,Alessandro Marcandalli,it ITA,DF,Genoa,it Serie A,23.0,2002,4,4,350,3.9,0,0,0,0,0,0,0,0,0.00,,,,,,,,,,,,,,,,,,,,,,,,,1159,it ITA,DF,it Serie A,23-324,2002,3.9,0,0,0,,0.00,0.00,,,0,0,1439,it ITA,DF,it Serie A,23-324,2002,4,350,88,97.2,3.9,4,88,3,0,,0,0.25,2,8,-6,-1.54,-1.54,1159,it ITA,DF,it Serie A,23-324,2002,3.9,0,0,0,2,2,0,4,0,2,0
1160,Alex Marchal,es ESP,MF,Real Sociedad,es La Liga,18.0,2007,4,0,104,1.2,0,0,0,0,0,0,0,0,0.00,,,,,,,,,,,,,,,,,,,,,,,,,1160,es ESP,MF,es La Liga,18-362,2007,1.2,0,3,1,33.3,2.60,0.87,0.00,0.00,0,0,1441,es ESP,MF,es La Liga,18-362,2007,4,104,26,19.3,1.2,0,,0,4,26,2,1.75,0,3,-3,-2.60,-2.18,1160,es ESP,MF,es La Liga,18-362,2007,1.2,0,0,0,1,0,0,3,0,1,0
1161,Vincent Marchetti,fr FRA,"DF,MF",Paris FC,fr Ligue 1,29.0,1997,1,0,8,0.1,1,0,1,1,0,0,0,0,11.25,,,,,,,,,,,,,,,,,,,,,,,,,1161,fr FRA,"DF,MF",fr Ligue 1,29-072,1997,0.1,1,2,1,50.0,22.50,11.25,0.50,1.00,0,0,1442,fr FRA,"DF,MF",fr Ligue 1,29-072,1997,1,8,8,2.2,0.1,0,,0,1,8,3,3.00,1,0,+1,+11.25,+10.48,1161,fr FRA,"DF,MF",fr Ligue 1,29-072,1997,0.1,0,0,0,0,0,0,0,0,0,0
1162,José María Giménez,uy URU,DF,Dep. A Coruña,es La Liga,31.0,1995,2,2,155,1.7,0,0,0,0,0,0,0,0,0.00,,,,,,,,,,,,,,,,,,,,,,,,,1162,uy URU,DF,es La Liga,31-237,1995,1.7,0,2,0,0.0,1.16,0.00,0.00,,0,0,1443,uy URU,DF,es La Liga,31-237,1995,2,155,78,34.4,1.7,2,78,1,0,,0,2.00,2,2,0,0.00,-0.92,1162,uy URU,DF,es La Liga,31-237,1995,1.7,0,0,0,0,0,0,0,3,0,0
1163,José María Giménez,uy URU,DF,Atlético Madrid,es La Liga,31.0,1995,2,0,37,0.4,0,0,0,0,0,0,1,0,0.00,,,,,,,,,,,,,,,,,,,,,,,,,1163,uy URU,DF,es La Liga,31-237,1995,0.4,0,0,0,,0.00,0.00,,,0,0,1444,uy URU,DF,es La Liga,31-237,1995,2,37,19,8.2,0.4,0,,0,2,19,1,2.00,1,0,+1,+2.43,+1.78,1163,uy URU,DF,es La Liga,31-237,1995,0.4,1,0,0,2,0,0,0,0,0,0
1164,Mariano,do DOM,FW,Alavés,es La Liga,33.0,1993,5,2,236,2.6,3,3,6,3,0,0,2,0,2.29,,,,,,,,,,,,,,,,,,,,,,,,,1164,do DOM,FW,es La Liga,33-044,1993,2.6,3,9,8,88.9,3.43,3.05,0.33,0.38,0,0,1445,do DOM,FW,es La Liga,33-044,1993,5,236,47,52.4,2.6,2,68,0,3,33,0,2.00,9,4,+5,+1.91,+1.49,1164,do DOM,FW,es La Liga,33-044,1993,2.6,2,0,0,4,1,7,2,0,0,0
1165,Rafa Marín,es ESP,DF,Napoli,it Serie A,24.0,2002,4,4,350,3.9,0,0,0,0,0,0,1,0,0.00,,,,,,,,,,,,,,,,,,,,,,,,,1165,es ESP,DF,it Serie A,24-118,2002,3.9,0,2,0,0.0,0.51,0.00,0.00,,0,0,1446,es ESP,DF,it Serie A,24-118,2002,4,350,88,97.2,3.9,4,88,3,0,,0,1.50,4,5,-1,-0.26,-18.26,1165,es ESP,DF,it Serie A,24-118,2002,3.9,1,0,0,9,3,0,0,3,5,0
1166,Stefano Marino,de GER,FW,Paderborn 07,de Bundesliga,22.0,2004,3,2,141,1.6,0,0,0,0,0,0,0,0,0.00,,,,,,,,,,,,,,,,,,,,,,,,,1166,de GER,FW,de Bundesliga,22-186,2004,1.6,0,4,0,0.0,2.55,0.00,0.00,,0,0,1447,de GER,FW,de Bundesliga,22-186,2004,3,141,47,52.2,1.6,2,66,0,1,9,0,0.33,0,1,-1,-0.64,+1.45,1166,de GER,FW,de Bundesliga,22-186,2004,1.6,0,0,0,1,1,2,1,0,0,0
1167,João Mário Lopes,pt POR,DF,Fiorentina,it Serie A,26.0,2000,3,2,176,2.0,0,0,0,0,0,0,0,0,0.00,,,,,,,,,,,,,,,,,,,,,,,,,1167,pt POR,DF,it Serie A,26-254,2000,2.0,0,0,0,,0.00,0.00,,,0,0,1448,pt POR,DF,it Serie A,26-254,2000,3,176,59,48.9,2.0,2,85,1,1,7,1,0.00,1,5,-4,-2.05,-1.07,1167,pt POR,DF,it Serie A,26-254,2000,2.0,0,0,0,3,7,0,9,2,3,0
1168,Omar Marmoush,eg EGY,"FW,MF",Tottenham,eng Premier League,27.0,1999,3,3,249,2.8,0,0,0,0,0,0,0,0,0.00,,,,,,,,,,,,,,,,,,,,,,,,,1168,eg EGY,"FW,MF",eng Premier League,27-219,1999,2.8,0,6,1,16.7,2.17,0.36,0.00,0.00,0,0,1449,eg EGY,"FW,MF",eng Premier League,27-219,1999,3,249,83,69.2,2.8,3,83,1,0,,0,0.67,0,2,-2,-0.72,+1.71,1168,eg EGY,"FW,MF",eng Premier League,27-219,1999,2.8,0,0,0,7,3,1,0,0,1,0
1169,Lucas Maronnier,fr FRA,DF,Troyes,fr Ligue 1,26.0,2000,3,3,213,2.4,1,0,1,1,0,0,0,0,0.42,,,,,,,,,,,,,,,,,,,,,,,,,1169,fr FRA,DF,fr Ligue 1,26-189,2000,2.4,1,3,1,33.3,1.27,0.42,0.33,1.00,0,0,1451,fr FRA,DF,fr Ligue 1,26-189,2000,3,213,71,59.2,2.4,3,71,0,0,,0,1.00,3,5,-2,-0.85,+0.99,1169,fr FRA,DF,fr Ligue 1,26-189,2000,2.4,0,0,0,3,3,2,11,2,5,0
1170,Marquinhos,br BRA,DF,Paris SG,fr Ligue 1,32.0,1994,4,4,360,4.0,2,0,2,2,0,0,1,0,0.50,,,,,,,,,,,,,,,,,,,,,,,,,1170,br BRA,DF,fr Ligue 1,32-123,1994,4.0,2,2,2,100.0,0.50,0.50,1.00,1.00,0,0,1452,br BRA,DF,fr Ligue 1,32-123,1994,4,360,90,100.0,4.0,4,90,4,0,,0,1.25,6,6,0,0.00,,1170,br BRA,DF,fr Ligue 1,32-123,1994,4.0,1,0,0,4,2,0,0,1,2,0
1171,Unai Marrero,es ESP,GK,Real Sociedad,es La Liga,24.0,2001,1,1,90,1.0,0,0,0,0,0,0,0,0,0.00,56,es ESP,GK,es La Liga,24-340,2001,1,1,90,1.0,2,2.00,10,8,80.0,1,0,0,0,0.0,0,0,0,0,1171,es ESP,GK,es La Liga,24-340,2001,1.0,0,0,0,,0.00,0.00,,,0,0,1453,es ESP,GK,es La Liga,24-340,2001,1,90,90,16.7,1.0,1,90,1,0,,5,3.00,3,2,+1,+1.00,+2.20,1171,es ESP,GK,es La Liga,24-340,2001,1.0,0,0,0,0,0,0,0,0,0,0
1172,Aarón Martín,es ESP,"DF,MF",Racing Sant,es La Liga,29.0,1997,1,0,1,0.0,0,0,0,0,0,0,0,0,0.00,,,,,,,,,,,,,,,,,,,,,,,,,1172,es ESP,"DF,MF",es La Liga,29-145,1997,0.0,0,0,0,,0.00,0.00,,,0,0,1455,es ESP,"DF,MF",es La Liga,29-145,1997,1,1,1,0.2,0.0,0,,0,1,1,1,0.00,0,0,0,0.00,0.00,1172,es ESP,"DF,MF",es La Liga,29-145,1997,0.0,0,0,0,0,0,0,1,0,0,0
1173,Andrés Martín,es ESP,MF,Racing Sant,es La Liga,27.0,1999,3,3,238,2.6,1,0,1,0,1,2,0,0,0.00,,,,,,,,,,,,,,,,,,,,,,,,,1173,es ESP,MF,es La Liga,27-065,1999,2.6,1,9,3,33.3,3.40,1.13,0.11,0.33,1,2,1456,es ESP,MF,es La Liga,27-065,1999,3,238,79,52.9,2.6,3,79,2,0,,0,1.33,5,3,+2,+0.76,+1.61,1173,es ESP,MF,es La Liga,27-065,1999,2.6,0,0,0,3,5,2,12,4,1,0
1174,Carlos Martín,es ESP,MF,Atlético Madrid,es La Liga,24.0,2002,1,1,56,0.6,0,0,0,0,0,0,0,0,0.00,,,,,,,,,,,,,,,,,,,,,,,,,1174,es ESP,MF,es La Liga,24-145,2002,0.6,0,2,0,0.0,3.21,0.00,0.00,,0,0,1457,es ESP,MF,es La Liga,24-145,2002,1,56,56,12.4,0.6,1,56,0,0,,2,3.00,0,0,0,0.00,-0.91,1174,es ESP,MF,es La Liga,24-145,2002,0.6,0,0,0,4,0,0,1,0,0,0
1175,Gerard Martín,es ESP,DF,Barcelona,es La Liga,24.0,2002,4,4,315,3.5,0,0,0,0,0,0,1,0,0.00,,,,,,,,,,,,,,,,,,,,,,,,,1175,es ESP,DF,es La Liga,24-200,2002,3.5,0,1,0,0.0,0.29,0.00,0.00,,0,0,1458,es ESP,DF,es La Liga,24-200,2002,4,315,79,70.0,3.5,4,79,3,0,,1,3.00,14,0,+14,+4.00,+2.00,1175,es ESP,DF,es La Liga,24-200,2002,3.5,1,0,0,4,2,0,0,7,1,0
1176,Iván Martín,es ESP,MF,Racing Sant,es La Liga,27.0,1999,4,3,315,3.5,0,0,0,0,0,0,0,0,0.00,,,,,,,,,,,,,,,,,,,,,,,,,1176,es ESP,MF,es La Liga,27-212,1999,3.5,0,1,0,0.0,0.29,0.00,0.00,,0,0,1459,es ESP,MF,es La Liga,27-212,1999,4,315,79,70.0,3.5,3,90,3,1,45,0,1.50,7,7,0,0.00,0.00,1176,es ESP,MF,es La Liga,27-212,1999,3.5,0,0,0,4,4,1,3,0,9,0
1177,Jon Martin,es ESP,DF,Real Sociedad,es La Liga,20.0,2006,5,4,366,4.1,0,0,0,0,0,0,0,1,0.00,,,,,,,,,,,,,,,,,,,,,,,,,1177,es ESP,DF,es La Liga,20-144,2006,4.1,0,2,1,50.0,0.49,0.25,0.00,0.00,0,0,1460,es ESP,DF,es La Liga,20-144,2006,5,366,73,67.8,4.1,4,90,4,1,6,0,1.40,3,6,-3,-0.74,+0.30,1177,es ESP,DF,es La Liga,20-144,2006,4.1,0,1,0,5,3,0,0,1,6,0
1178,Mario Martín,es ESP,MF,Getafe,es La Liga,22.0,2004,3,3,245,2.7,0,0,0,0,0,0,2,0,0.00,,,,,,,,,,,,,,,,,,,,,,,,,1178,es ESP,MF,es La Liga,22-193,2004,2.7,0,4,1,25.0,1.47,0.37,0.00,0.00,0,0,1462,es ESP,MF,es La Liga,22-193,2004,3,245,82,54.4,2.7,3,82,2,0,,0,0.67,2,2,0,0.00,+1.32,1178,es ESP,MF,es La Liga,22-193,2004,2.7,2,0,0,5,8,0,4,2,0,0
1179,Arnau Martinez,es ESP,DF,Valencia,es La Liga,23.0,2003,3,3,232,2.6,0,0,0,0,0,0,1,0,0.00,,,,,,,,,,,,,,,,,,,,,,,,,1179,es ESP,DF,es La Liga,23-142,2003,2.6,0,1,0,0.0,0.39,0.00,0.00,,0,0,1463,es ESP,DF,es La Liga,23-142,2003,3,232,77,51.6,2.6,3,77,1,0,,0,0.00,1,8,-7,-2.72,-1.89,1179,es ESP,DF,es La Liga,23-142,2003,2.6,1,0,0,1,0,1,3,2,2,0
1180,Daniel Martinez,es ESP,DF,Atlético Madrid,es La Liga,22.0,2004,1,1,90,1.0,0,0,0,0,0,0,0,0,0.00,,,,,,,,,,,,,,,,,,,,,,,,,1180,es ESP,DF,es La Liga,22-132,2004,1.0,0,1,0,0.0,1.00,0.00,0.00,,0,0,1464,es ESP,DF,es La Liga,22-132,2004,1,90,90,20.0,1.0,1,90,1,0,,4,3.00,2,0,+2,+2.00,+1.50,1180,es ESP,DF,es La Liga,22-132,2004,1.0,0,0,0,0,0,0,2,0,1,0
1181,Emiliano Martínez,ar ARG,GK,Chelsea,eng Premier League,34.0,1992,3,3,270,3.0,0,0,0,0,0,0,0,0,0.00,57,ar ARG,GK,eng Premier League,34-012,1992,3,3,270,3.0,7,2.33,22,15,68.2,1,1,1,0,0.0,0,0,0,0,1181,ar ARG,GK,eng Premier League,34-012,1992,3.0,0,0,0,,0.00,0.00,,,0,0,1465,ar ARG,GK,eng Premier League,34-012,1992,3,270,90,75.0,3.0,3,90,3,0,,0,1.33,7,7,0,0.00,-1.00,1181,ar ARG,GK,eng Premier League,34-012,1992,3.0,0,0,0,0,2,0,0,0,0,0
1182,Joaquín Martínez Gauna,es ESP,MF,Sevilla,es La Liga,23.0,2003,2,2,154,1.7,1,1,2,1,0,0,0,0,1.17,,,,,,,,,,,,,,,,,,,,,,,,,1182,es ESP,MF,es La Liga,23-067,2003,1.7,1,4,1,25.0,2.34,0.58,0.25,1.00,0,0,1466,es ESP,MF,es La Liga,23-067,2003,2,154,77,34.2,1.7,2,77,0,0,,0,3.00,4,2,+2,+1.17,+1.17,1182,es ESP,MF,es La Liga,23-067,2003,1.7,0,0,0,1,2,0,9,2,3,0
1183,Joaquín Martínez Gauna,es ESP,DF,Strasbourg,fr Ligue 1,23.0,2003,2,2,180,2.0,0,0,0,0,0,0,0,0,0.00,,,,,,,,,,,,,,,,,,,,,,,,,1183,es ESP,DF,fr Ligue 1,23-067,2003,2.0,0,4,0,0.0,2.00,0.00,0.00,,0,0,1467,es ESP,DF,fr Ligue 1,23-067,2003,2,180,90,50.0,2.0,2,90,2,0,,0,2.00,7,3,+4,+2.00,+3.50,1183,es ESP,DF,fr Ligue 1,23-067,2003,2.0,0,0,0,0,3,0,5,5,1,0
1184,Josep Martinez,es ESP,GK,Inter,it Serie A,28.0,1998,3,3,270,3.0,0,0,0,0,0,0,0,0,0.00,58,es ESP,GK,it Serie A,28-110,1998,3,3,270,3.0,3,1.00,11,8,72.7,3,0,0,1,33.3,0,0,0,0,1184,es ESP,GK,it Serie A,28-110,1998,3.0,0,0,0,,0.00,0.00,,,0,0,1468,es ESP,GK,it Serie A,28-110,1998,3,270,90,100.0,3.0,3,90,3,0,,0,3.00,8,3,+5,+1.67,,1184,es ESP,GK,it Serie A,28-110,1998,3.0,0,0,0,0,1,0,0,0,0,0
1185,Lautaro Martínez,ar ARG,FW,Inter,it Serie A,29.0,1997,3,3,233,2.6,2,0,2,2,0,0,2,0,0.77,,,,,,,,,,,,,,,,,,,,,,,,,1185,ar ARG,FW,it Serie A,29-023,1997,2.6,2,16,4,25.0,6.18,1.55,0.13,0.50,0,0,1469,ar ARG,FW,it Serie A,29-023,1997,3,233,78,86.3,2.6,3,78,2,0,,0,3.00,6,3,+3,+1.16,-3.71,1185,ar ARG,FW,it Serie A,29-023,1997,2.6,2,0,0,4,4,1,2,1,2,0
1186,Lisandro Martínez,ar ARG,DF,Manchester Utd,eng Premier League,28.0,1998,3,3,270,3.0,0,0,0,0,0,0,0,0,0.00,,,,,,,,,,,,,,,,,,,,,,,,,1186,ar ARG,DF,eng Premier League,28-239,1998,3.0,0,2,1,50.0,0.67,0.33,0.00,0.00,0,0,1470,ar ARG,DF,eng Premier League,28-239,1998,3,270,90,75.0,3.0,3,90,3,0,,1,1.33,7,5,+2,+0.67,+2.67,1186,ar ARG,DF,eng Premier League,28-239,1998,3.0,0,0,0,2,0,0,0,1,3,0
1187,Pablo Martínez,es ESP,MF,Málaga,es La Liga,28.0,1998,3,2,193,2.1,0,1,1,0,0,0,1,0,0.47,,,,,,,,,,,,,,,,,,,,,,,,,1187,es ESP,MF,es La Liga,28-204,1998,2.1,0,3,1,33.3,1.40,0.47,0.00,0.00,0,0,1471,es ESP,MF,es La Liga,28-204,1998,3,193,64,42.9,2.1,2,74,1,1,45,1,0.67,1,2,-1,-0.47,+1.28,1187,es ESP,MF,es La Liga,28-204,1998,2.1,1,0,0,3,0,0,13,5,0,0
1188,Sergio Martínez,es ESP,MF,Racing Sant,es La Liga,19.0,2007,2,2,113,1.3,1,0,1,1,0,0,0,0,0.80,,,,,,,,,,,,,,,,,,,,,,,,,1188,es ESP,MF,es La Liga,19-122,2007,1.3,1,1,1,100.0,0.80,0.80,1.00,1.00,0,0,1473,es ESP,MF,es La Liga,19-122,2007,2,113,57,25.1,1.3,2,57,0,0,,1,0.50,2,2,0,0.00,0.00,1188,es ESP,MF,es La Liga,19-122,2007,1.3,0,0,0,3,1,0,0,1,3,0
1189,Toni Martínez,es ESP,FW,Alavés,es La Liga,29.0,1997,4,3,257,2.9,0,0,0,0,0,0,0,0,0.00,,,,,,,,,,,,,,,,,,,,,,,,,1189,es ESP,FW,es La Liga,29-076,1997,2.9,0,8,0,0.0,2.80,0.00,0.00,,0,0,1474,es ESP,FW,es La Liga,29-076,1997,4,257,64,57.1,2.9,3,78,2,1,24,0,1.75,5,1,+4,+1.40,+0.47,1189,es ESP,FW,es La Liga,29-076,1997,2.9,0,0,0,2,7,1,0,0,3,0
1190,Adam Marušić,me MNE,DF,Lazio,it Serie A,33.0,1992,1,1,18,0.2,0,0,0,0,0,0,0,0,0.00,,,,,,,,,,,,,,,,,,,,,,,,,1190,me MNE,DF,it Serie A,33-332,1992,0.2,0,0,0,,0.00,0.00,,,0,0,1476,me MNE,DF,it Serie A,33-332,1992,1,18,18,5.0,0.2,1,18,0,0,,0,3.00,0,0,0,0.00,-0.79,1190,me MNE,DF,it Serie A,33-332,1992,0.2,0,0,0,1,1,0,0,0,1,0
1191,Diego Mascardi,it ITA,GK,Torino,it Serie A,19.0,2006,2,2,180,2.0,0,0,0,0,0,0,0,0,0.00,59,it ITA,GK,it Serie A,19-353,2006,2,2,180,2.0,4,2.00,11,7,63.6,0,0,2,0,0.0,0,0,0,0,1191,it ITA,GK,it Serie A,19-353,2006,2.0,0,0,0,,0.00,0.00,,,0,0,1477,it ITA,GK,it Serie A,19-353,2006,2,180,90,66.7,2.0,2,90,2,0,,1,0.00,2,4,-2,-1.00,-2.00,1191,it ITA,GK,it Serie A,19-353,2006,2.0,0,0,0,0,0,0,0,0,0,0
1192,Patrizio Masini,it ITA,MF,Frosinone,it Serie A,25.0,2001,4,3,302,3.4,0,1,1,0,0,0,0,0,0.30,,,,,,,,,,,,,,,,,,,,,,,,,1192,it ITA,MF,it Serie A,25-230,2001,3.4,0,3,0,0.0,0.89,0.00,0.00,,0,0,1478,it ITA,MF,it Serie A,25-230,2001,4,302,76,83.9,3.4,3,90,3,1,32,0,1.75,7,3,+4,+1.19,+2.74,1192,it ITA,MF,it Serie A,25-230,2001,3.4,0,0,0,5,5,0,2,7,10,0
1193,Ephron Mason-Clark,jm JAM,MF,Coventry City,eng Premier League,27.0,1999,3,3,187,2.1,0,0,0,0,0,0,0,0,0.00,,,,,,,,,,,,,,,,,,,,,,,,,1193,jm JAM,MF,eng Premier League,27-020,1999,2.1,0,3,2,66.7,1.44,0.96,0.00,0.00,0,0,1479,jm JAM,MF,eng Premier League,27-020,1999,3,187,62,51.9,2.1,3,62,0,0,,0,0.00,0,3,-3,-1.44,+2.20,1193,jm JAM,MF,eng Premier League,27-020,1999,2.1,0,0,0,7,3,2,8,0,0,0
1194,Han-Noah Massengo,fr FRA,MF,Augsburg,de Bundesliga,25.0,2001,3,3,264,2.9,0,1,1,0,0,0,0,0,0.34,,,,,,,,,,,,,,,,,,,,,,,,,1194,fr FRA,MF,de Bundesliga,25-069,2001,2.9,0,1,0,0.0,0.34,0.00,0.00,,0,0,1480,fr FRA,MF,de Bundesliga,25-069,2001,3,264,88,97.8,2.9,3,88,2,0,,0,2.33,9,2,+7,+2.39,+17.39,1194,fr FRA,MF,de Bundesliga,25-069,2001,2.9,0,0,0,1,1,0,7,5,2,0
1195,Franco Mastantuono,ar ARG,"MF,FW",Fiorentina,it Serie A,19.0,2007,4,4,285,3.2,3,0,3,3,0,0,0,0,0.95,,,,,,,,,,,,,,,,,,,,,,,,,1195,ar ARG,"MF,FW",it Serie A,19-031,2007,3.2,3,18,7,38.9,5.68,2.21,0.17,0.43,0,0,1482,ar ARG,"MF,FW",it Serie A,19-031,2007,4,285,71,79.2,3.2,4,71,1,0,,0,0.75,4,8,-4,-1.26,+1.14,1195,ar ARG,"MF,FW",it Serie A,19-031,2007,3.2,0,0,0,2,8,0,9,2,1,0
1196,Clinton Mata,ao ANG,DF,Lyon,fr Ligue 1,33.0,1992,1,1,90,1.0,0,0,0,0,0,0,0,0,0.00,,,,,,,,,,,,,,,,,,,,,,,,,1196,ao ANG,DF,fr Ligue 1,33-311,1992,1.0,0,0,0,,0.00,0.00,,,0,0,1483,ao ANG,DF,fr Ligue 1,33-311,1992,1,90,90,25.0,1.0,1,90,1,0,,3,3.00,2,0,+2,+2.00,+1.33,1196,ao ANG,DF,fr Ligue 1,33-311,1992,1.0,0,0,0,0,3,0,0,1,1,0
1197,Igor Matanović,hr CRO,FW,Freiburg,de Bundesliga,23.0,2003,3,3,239,2.7,3,1,4,3,0,0,0,0,1.51,,,,,,,,,,,,,,,,,,,,,,,,,1197,hr CRO,FW,de Bundesliga,23-167,2003,2.7,3,13,7,53.8,4.90,2.64,0.23,0.43,0,0,1484,hr CRO,FW,de Bundesliga,23-167,2003,3,239,80,88.5,2.7,3,80,1,0,,0,3.00,8,0,+8,+3.01,+0.11,1197,hr CRO,FW,de Bundesliga,23-167,2003,2.7,0,0,0,1,5,1,0,0,1,0
1198,Pape Matar Sarr,sn SEN,MF,Juventus,it Serie A,24.0,2002,1,0,20,0.2,0,0,0,0,0,0,0,0,0.00,,,,,,,,,,,,,,,,,,,,,,,,,1198,sn SEN,MF,it Serie A,24-000,2002,0.2,0,0,0,,0.00,0.00,,,0,0,1485,sn SEN,MF,it Serie A,24-000,2002,1,20,20,5.6,0.2,0,,0,1,20,0,0.00,2,2,0,0.00,-0.53,1198,sn SEN,MF,it Serie A,24-000,2002,0.2,0,0,0,0,0,0,0,0,0,0
1199,Jean-Philippe Mateta,fr FRA,FW,Crystal Palace,eng Premier League,29.0,1997,1,1,62,0.7,0,0,0,0,0,0,0,0,0.00,,,,,,,,,,,,,,,,,,,,,,,,,1199,fr FRA,FW,eng Premier League,29-078,1997,0.7,0,2,0,0.0,2.90,0.00,0.00,,0,0,1486,fr FRA,FW,eng Premier League,29-078,1997,1,62,62,17.2,0.7,1,62,0,0,,0,0.00,0,2,-2,-2.90,-2.00,1199,fr FRA,FW,eng Premier League,29-078,1997,0.7,0,0,0,2,0,0,0,0,0,0
1200,Nemanja Matić,rs SRB,MF,Sassuolo,it Serie A,38.0,1988,4,4,331,3.7,0,1,1,0,0,0,1,0,0.27,,,,,,,,,,,,,,,,,,,,,,,,,1200,rs SRB,MF,it Serie A,38-044,1988,3.7,0,3,0,0.0,0.82,0.00,0.00,,0,0,1487,rs SRB,MF,it Serie A,38-044,1988,4,331,83,91.9,3.7,4,83,1,0,,0,1.75,8,6,+2,+0.54,+3.65,1200,rs SRB,MF,it Serie A,38-044,1988,3.7,1,0,0,3,1,0,3,5,4,0
1201,Rudy Matondo,fr FRA,MF,Paris FC,fr Ligue 1,18.0,2008,4,1,129,1.4,0,0,0,0,0,0,1,0,0.00,,,,,,,,,,,,,,,,,,,,,,,,,1201,fr FRA,MF,fr Ligue 1,18-185,2008,1.4,0,1,1,100.0,0.70,0.70,0.00,0.00,0,0,1488,fr FRA,MF,fr Ligue 1,18-185,2008,4,129,32,35.8,1.4,1,62,0,3,22,0,2.00,2,0,+2,+1.40,+0.62,1201,fr FRA,MF,fr Ligue 1,18-185,2008,1.4,1,0,0,2,0,0,0,0,3,0
1202,Chrislain Matsima,fr FRA,DF,Augsburg,de Bundesliga,24.0,2002,3,3,270,3.0,0,0,0,0,0,0,0,0,0.00,,,,,,,,,,,,,,,,,,,,,,,,,1202,fr FRA,DF,de Bundesliga,24-122,2002,3.0,0,1,1,100.0,0.33,0.33,0.00,0.00,0,0,1489,fr FRA,DF,de Bundesliga,24-122,2002,3,270,90,100.0,3.0,3,90,3,0,,0,2.33,9,3,+6,+2.00,,1202,fr FRA,DF,de Bundesliga,24-122,2002,3.0,0,0,0,0,0,1,0,6,1,0
1203,Neal Maupay,fr FRA,"FW,MF",Marseille,fr Ligue 1,30.0,1996,3,0,32,0.4,0,0,0,0,0,0,0,0,0.00,,,,,,,,,,,,,,,,,,,,,,,,,1203,fr FRA,"FW,MF",fr Ligue 1,30-031,1996,0.4,0,1,0,0.0,2.81,0.00,0.00,,0,0,1493,fr FRA,"FW,MF",fr Ligue 1,30-031,1996,3,32,11,8.9,0.4,0,,0,3,11,1,1.00,1,0,+1,+2.81,+3.09,1203,fr FRA,"FW,MF",fr Ligue 1,30-031,1996,0.4,0,0,0,0,0,0,1,1,0,0
1204,Christian Mawissa,fr FRA,DF,Monaco,fr Ligue 1,21.0,2005,1,0,4,0.0,0,0,0,0,0,0,0,0,0.00,,,,,,,,,,,,,,,,,,,,,,,,,1204,fr FRA,DF,fr Ligue 1,21-149,2005,0.0,0,0,0,,0.00,0.00,,,0,0,1494,fr FRA,DF,fr Ligue 1,21-149,2005,1,4,4,1.1,0.0,0,,0,1,4,2,3.00,0,0,0,0.00,-1.01,1204,fr FRA,DF,fr Ligue 1,21-149,2005,0.0,0,0,0,0,0,0,0,1,0,0
1205,Yvan Maye,fr FRA,DF,Monza,it Serie A,20.0,2006,1,0,10,0.1,0,0,0,0,0,0,0,0,0.00,,,,,,,,,,,,,,,,,,,,,,,,,1205,fr FRA,DF,it Serie A,20-177,2006,0.1,0,1,0,0.0,9.00,0.00,0.00,,0,0,1495,fr FRA,DF,it Serie A,20-177,2006,1,10,10,2.8,0.1,0,,0,1,10,2,1.00,0,0,0,0.00,+1.29,1205,fr FRA,DF,it Serie A,20-177,2006,0.1,0,0,0,0,1,0,0,0,0,0
1206,Eliezer Mayenda,es ESP,FW,Rennes,fr Ligue 1,21.0,2005,3,0,36,0.4,0,0,0,0,0,0,0,0,0.00,,,,,,,,,,,,,,,,,,,,,,,,,1206,es ESP,FW,fr Ligue 1,21-129,2005,0.4,0,4,0,0.0,10.00,0.00,0.00,,0,0,1496,es ESP,FW,fr Ligue 1,21-129,2005,3,36,12,10.0,0.4,0,,0,3,12,1,3.00,1,0,+1,+2.50,+1.94,1206,es ESP,FW,fr Ligue 1,21-129,2005,0.4,0,0,0,1,3,0,1,0,0,0
1207,Borja Mayoral,es ESP,FW,Getafe,es La Liga,29.0,1997,2,0,6,0.1,0,0,0,0,0,0,0,0,0.00,,,,,,,,,,,,,,,,,,,,,,,,,1207,es ESP,FW,es La Liga,29-162,1997,0.1,0,0,0,,0.00,0.00,,,0,0,1498,es ESP,FW,es La Liga,29-162,1997,2,6,3,1.3,0.1,0,,0,2,3,3,1.50,0,0,0,0.00,+0.61,1207,es ESP,FW,es La Liga,29-162,1997,0.1,0,0,0,0,1,0,1,0,0,0
1208,Senny Mayulu,fr FRA,MF,Paris SG,fr Ligue 1,20.0,2006,1,0,19,0.2,0,0,0,0,0,0,0,0,0.00,,,,,,,,,,,,,,,,,,,,,,,,,1208,fr FRA,MF,fr Ligue 1,20-120,2006,0.2,0,0,0,,0.00,0.00,,,0,0,1499,fr FRA,MF,fr Ligue 1,20-120,2006,1,19,19,5.3,0.2,0,,0,1,19,1,1.00,2,1,+1,+4.74,+5.00,1208,fr FRA,MF,fr Ligue 1,20-120,2006,0.2,0,0,0,1,0,0,1,0,0,0
1209,Ibrahim Maza,dz ALG,MF,Leverkusen,de Bundesliga,20.0,2005,3,3,270,3.0,1,1,2,1,0,0,2,0,0.67,,,,,,,,,,,,,,,,,,,,,,,,,1209,dz ALG,MF,de Bundesliga,20-294,2005,3.0,1,13,2,15.4,4.33,0.67,0.08,0.50,0,0,1500,dz ALG,MF,de Bundesliga,20-294,2005,3,270,90,100.0,3.0,3,90,3,0,,0,1.33,8,5,+3,+1.00,,1209,dz ALG,MF,de Bundesliga,20-294,2005,3.0,2,0,0,4,3,1,13,3,1,0
1210,Noussair Mazraoui,ma MAR,DF,Manchester Utd,eng Premier League,28.0,1997,3,1,98,1.1,0,0,0,0,0,0,0,0,0.00,,,,,,,,,,,,,,,,,,,,,,,,,1210,ma MAR,DF,eng Premier League,28-304,1997,1.1,0,1,0,0.0,0.92,0.00,0.00,,0,0,1501,ma MAR,DF,eng Premier League,28-304,1997,3,98,33,27.2,1.1,1,79,0,2,10,1,1.33,1,4,-3,-2.76,-3.79,1210,ma MAR,DF,eng Premier League,28-304,1997,1.1,0,0,0,1,0,0,5,0,1,0
1211,Noah Mbamba,be BEL,MF,Lorient,fr Ligue 1,21.0,2005,3,2,141,1.6,1,0,1,1,0,0,0,0,0.64,,,,,,,,,,,,,,,,,,,,,,,,,1211,be BEL,MF,fr Ligue 1,21-252,2005,1.6,1,1,1,100.0,0.64,0.64,1.00,1.00,0,0,1505,be BEL,MF,fr Ligue 1,21-252,2005,3,141,47,39.2,1.6,2,67,0,1,7,1,1.33,3,2,+1,+0.64,+1.05,1211,be BEL,MF,fr Ligue 1,21-252,2005,1.6,0,0,0,3,5,0,0,3,1,0
1212,Samuel Mbangula,be BEL,MF,Bologna,it Serie A,22.0,2004,2,0,14,0.2,0,0,0,0,0,0,0,0,0.00,,,,,,,,,,,,,,,,,,,,,,,,,1212,be BEL,MF,it Serie A,22-241,2004,0.2,0,1,1,100.0,6.43,6.43,0.00,0.00,0,0,1506,be BEL,MF,it Serie A,22-241,2004,2,14,7,3.9,0.2,0,,0,2,7,0,0.50,1,0,+1,+6.43,+7.47,1212,be BEL,MF,it Serie A,22-241,2004,0.2,0,0,0,0,0,0,2,0,0,0
1213,Ethan Mbappé,fr FRA,MF,Lille,fr Ligue 1,19.0,2006,4,3,206,2.3,1,0,1,1,0,0,0,0,0.44,,,,,,,,,,,,,,,,,,,,,,,,,1213,fr FRA,MF,fr Ligue 1,19-259,2006,2.3,1,8,6,75.0,3.50,2.62,0.13,0.17,0,0,1508,fr FRA,MF,fr Ligue 1,19-259,2006,4,206,52,57.2,2.3,3,62,0,1,20,0,2.50,4,0,+4,+1.75,+1.16,1213,fr FRA,MF,fr Ligue 1,19-259,2006,2.3,0,0,0,2,4,0,3,1,0,0
1214,Kylian Mbappé,fr FRA,FW,Real Madrid,es La Liga,27.0,1998,5,5,450,5.0,6,1,7,5,1,2,0,0,1.20,,,,,,,,,,,,,,,,,,,,,,,,,1214,fr FRA,FW,es La Liga,27-268,1998,5.0,6,36,21,58.3,7.20,4.20,0.17,0.29,1,2,1509,fr FRA,FW,es La Liga,27-268,1998,5,450,90,100.0,5.0,5,90,5,0,,0,2.40,14,4,+10,+2.00,,1214,fr FRA,FW,es La Liga,27-268,1998,5.0,0,0,0,6,3,2,4,1,1,0
1215,Ibrahim Mbaye,sn SEN,FW,Aston Villa,eng Premier League,18.0,2008,1,0,28,0.3,0,0,0,0,0,0,0,0,0.00,,,,,,,,,,,,,,,,,,,,,,,,,1215,sn SEN,FW,eng Premier League,18-233,2008,0.3,0,1,1,100.0,3.21,3.21,0.00,0.00,0,0,1510,sn SEN,FW,eng Premier League,18-233,2008,1,28,28,7.8,0.3,0,,0,1,28,1,0.00,1,1,0,0.00,+1.63,1215,sn SEN,FW,eng Premier League,18-233,2008,0.3,0,0,0,1,0,0,1,0,0,0
1216,Bryan Mbeumo,cm CMR,MF,Manchester Utd,eng Premier League,27.0,1999,4,4,360,4.0,2,0,2,2,0,0,1,0,0.50,,,,,,,,,,,,,,,,,,,,,,,,,1216,cm CMR,MF,eng Premier League,27-038,1999,4.0,2,14,5,35.7,3.50,1.25,0.14,0.40,0,0,1511,cm CMR,MF,eng Premier League,27-038,1999,4,360,90,100.0,4.0,4,90,4,0,,0,1.00,7,7,0,0.00,,1216,cm CMR,MF,eng Premier League,27-038,1999,4.0,1,0,0,3,4,2,19,3,3,0
1217,Pathé Mboup,sn SEN,MF,Brest,fr Ligue 1,22.0,2003,4,4,316,3.5,0,0,0,0,0,0,1,0,0.00,,,,,,,,,,,,,,,,,,,,,,,,,1217,sn SEN,MF,fr Ligue 1,22-330,2003,3.5,0,14,7,50.0,3.99,1.99,0.00,0.00,0,0,1512,sn SEN,MF,fr Ligue 1,22-330,2003,4,316,79,87.8,3.5,4,79,1,0,,0,1.25,5,5,0,0.00,0.00,1217,sn SEN,MF,fr Ligue 1,22-330,2003,3.5,1,0,0,17,4,3,4,4,4,0
1218,Moustapha Mbow,sn SEN,DF,Paris FC,fr Ligue 1,26.0,2000,2,1,91,1.0,0,0,0,0,0,0,0,0,0.00,,,,,,,,,,,,,,,,,,,,,,,,,1218,sn SEN,DF,fr Ligue 1,26-190,2000,1.0,0,0,0,,0.00,0.00,,,0,0,1513,sn SEN,DF,fr Ligue 1,26-190,2000,2,91,46,25.3,1.0,1,90,1,1,1,2,2.00,0,0,0,0.00,-1.34,1218,sn SEN,DF,fr Ligue 1,26-190,2000,1.0,0,0,0,1,0,0,0,0,1,0
1219,Ryan Mcaidoo,eng ENG,FW,Manchester City,eng Premier League,18.0,2008,2,0,13,0.1,0,0,0,0,0,0,0,0,0.00,,,,,,,,,,,,,,,,,,,,,,,,,1219,eng ENG,FW,eng Premier League,18-082,2008,0.1,0,1,0,0.0,6.92,0.00,0.00,,0,0,1515,eng ENG,FW,eng Premier League,18-082,2008,2,13,7,3.6,0.1,0,,0,2,7,0,3.00,1,0,+1,+6.92,+5.63,1219,eng ENG,FW,eng Premier League,18-082,2008,0.1,0,0,0,0,1,0,1,0,0,0
1220,James Mcatee,eng ENG,MF,Nottingham,eng Premier League,23.0,2002,4,4,333,3.7,0,0,0,0,0,0,2,0,0.00,,,,,,,,,,,,,,,,,,,,,,,,,1220,eng ENG,MF,eng Premier League,23-331,2002,3.7,0,5,2,40.0,1.35,0.54,0.00,0.00,0,0,1516,eng ENG,MF,eng Premier League,23-331,2002,4,333,83,92.5,3.7,4,83,1,0,,0,1.25,3,3,0,0.00,0.00,1220,eng ENG,MF,eng Premier League,23-331,2002,3.7,2,0,0,7,9,0,11,1,8,0
1221,Kasey McAteer,ie IRL,MF,Ipswich Town,eng Premier League,24.0,2001,3,0,45,0.5,0,0,0,0,0,0,0,0,0.00,,,,,,,,,,,,,,,,,,,,,,,,,1221,ie IRL,MF,eng Premier League,24-296,2001,0.5,0,1,1,100.0,2.00,2.00,0.00,0.00,0,0,1517,ie IRL,MF,eng Premier League,24-296,2001,3,45,15,12.5,0.5,0,,0,3,15,0,1.00,2,0,+2,+4.00,+5.43,1221,ie IRL,MF,eng Premier League,24-296,2001,0.5,0,0,0,1,0,0,0,0,1,0
1222,Oliver McBurnie,sct SCO,FW,Hull City,eng Premier League,30.0,1996,4,4,351,3.9,0,1,1,0,0,0,2,0,0.26,,,,,,,,,,,,,,,,,,,,,,,,,1222,sct SCO,FW,eng Premier League,30-102,1996,3.9,0,6,3,50.0,1.54,0.77,0.00,0.00,0,0,1518,sct SCO,FW,eng Premier League,30-102,1996,4,351,88,97.5,3.9,4,88,3,0,,0,2.00,5,2,+3,+0.77,+0.77,1222,sct SCO,FW,eng Premier League,30-102,1996,3.9,2,0,0,5,9,0,0,0,1,0
1223,John McGinn,sct SCO,MF,Aston Villa,eng Premier League,31.0,1994,4,4,351,3.9,0,1,1,0,0,0,2,0,0.26,,,,,,,,,,,,,,,,,,,,,,,,,1223,sct SCO,MF,eng Premier League,31-331,1994,3.9,0,4,0,0.0,1.03,0.00,0.00,,0,0,1520,sct SCO,MF,eng Premier League,31-331,1994,4,351,88,97.5,3.9,4,88,3,0,,0,0.25,1,7,-6,-1.54,-1.54,1223,sct SCO,MF,eng Premier League,31-331,1994,3.9,2,0,0,5,13,0,17,4,2,0
1224,Weston McKennie,us USA,MF,Juventus,it Serie A,28.0,1998,1,1,90,1.0,0,0,0,0,0,0,0,0,0.00,,,,,,,,,,,,,,,,,,,,,,,,,1224,us USA,MF,it Serie A,28-017,1998,1.0,0,2,0,0.0,2.00,0.00,0.00,,0,0,1521,us USA,MF,it Serie A,28-017,1998,1,90,90,25.0,1.0,1,90,1,0,,0,3.00,1,0,+1,+1.00,+0.67,1224,us USA,MF,it Serie A,28-017,1998,1.0,0,0,0,0,1,0,0,0,0,0
1225,Mark McKenzie,us USA,DF,Toulouse,fr Ligue 1,27.0,1999,4,4,360,4.0,0,0,0,0,0,0,0,0,0.00,,,,,,,,,,,,,,,,,,,,,,,,,1225,us USA,DF,fr Ligue 1,27-201,1999,4.0,0,0,0,,0.00,0.00,,,0,0,1522,us USA,DF,fr Ligue 1,27-201,1999,4,360,90,100.0,4.0,4,90,4,0,,0,0.50,4,7,-3,-0.75,,1225,us USA,DF,fr Ligue 1,27-201,1999,4.0,0,0,0,5,3,0,0,5,2,0
1226,Paddy McNair,nir NIR,"DF,MF",Hull City,eng Premier League,31.0,1995,1,0,27,0.3,0,0,0,0,0,0,0,0,0.00,,,,,,,,,,,,,,,,,,,,,,,,,1226,nir NIR,"DF,MF",eng Premier League,31-140,1995,0.3,0,0,0,,0.00,0.00,,,0,0,1523,nir NIR,"DF,MF",eng Premier League,31-140,1995,1,27,27,7.5,0.3,0,,0,1,27,1,3.00,0,0,0,0.00,-0.81,1226,nir NIR,"DF,MF",eng Premier League,31-140,1995,0.3,0,0,0,0,0,0,0,0,0,0
1227,Dwight McNeil,eng ENG,MF,Crystal Palace,eng Premier League,26.0,1999,2,1,85,0.9,0,0,0,0,0,0,0,0,0.00,,,,,,,,,,,,,,,,,,,,,,,,,1227,eng ENG,MF,eng Premier League,26-296,1999,0.9,0,1,0,0.0,1.06,0.00,0.00,,0,0,1524,eng ENG,MF,eng Premier League,26-296,1999,2,85,43,23.6,0.9,1,62,0,1,23,1,0.00,0,3,-3,-3.18,-2.52,1227,eng ENG,MF,eng Premier League,26-296,1999,0.9,0,0,0,1,0,0,0,1,0,0
1228,Scott McTominay,sct SCO,MF,Napoli,it Serie A,29.0,1996,2,2,145,1.6,0,0,0,0,0,0,0,0,0.00,,,,,,,,,,,,,,,,,,,,,,,,,1228,sct SCO,MF,it Serie A,29-280,1996,1.6,0,2,1,50.0,1.24,0.62,0.00,0.00,0,0,1525,sct SCO,MF,it Serie A,29-280,1996,2,145,73,40.3,1.6,2,73,1,0,,0,1.50,3,2,+1,+0.62,+0.62,1228,sct SCO,MF,it Serie A,29-280,1996,1.6,0,0,0,3,0,0,1,2,0,0
1229,Facundo Medina,ar ARG,DF,Leverkusen,de Bundesliga,27.0,1999,3,2,190,2.1,1,0,1,1,0,0,1,0,0.47,,,,,,,,,,,,,,,,,,,,,,,,,1229,ar ARG,DF,de Bundesliga,27-109,1999,2.1,1,1,1,100.0,0.47,0.47,1.00,1.00,0,0,1526,ar ARG,DF,de Bundesliga,27-109,1999,3,190,63,70.4,2.1,2,77,0,1,36,0,1.33,7,2,+5,+2.37,+4.62,1229,ar ARG,DF,de Bundesliga,27-109,1999,2.1,1,0,0,4,2,0,0,2,0,0
1230,Franz-Ethan Meichtry,ch SUI,MF,Genoa,it Serie A,21.0,2005,4,0,51,0.6,0,0,0,0,0,0,0,0,0.00,,,,,,,,,,,,,,,,,,,,,,,,,1230,ch SUI,MF,it Serie A,21-068,2005,0.6,0,2,0,0.0,3.53,0.00,0.00,,0,0,1527,ch SUI,MF,it Serie A,21-068,2005,4,51,13,14.2,0.6,0,,0,4,13,0,0.25,0,2,-2,-3.53,-2.36,1230,ch SUI,MF,it Serie A,21-068,2005,0.6,0,0,0,1,1,0,1,0,0,0
1231,David Mella,es ESP,MF,Dep. A Coruña,es La Liga,21.0,2005,2,0,49,0.5,0,0,0,0,0,0,0,0,0.00,,,,,,,,,,,,,,,,,,,,,,,,,1231,es ESP,MF,es La Liga,21-114,2005,0.5,0,0,0,,0.00,0.00,,,0,0,1529,es ESP,MF,es La Liga,21-114,2005,2,49,25,10.9,0.5,0,,0,2,25,3,1.00,0,1,-1,-1.84,-2.73,1231,es ESP,MF,es La Liga,21-114,2005,0.5,0,0,0,1,1,1,3,1,1,0
1232,Nuno Mendes,pt POR,DF,Paris SG,fr Ligue 1,24.0,2002,1,1,90,1.0,0,0,0,0,0,0,0,0,0.00,,,,,,,,,,,,,,,,,,,,,,,,,1232,pt POR,DF,fr Ligue 1,24-087,2002,1.0,0,1,0,0.0,1.00,0.00,0.00,,0,0,1530,pt POR,DF,fr Ligue 1,24-087,2002,1,90,90,25.0,1.0,1,90,1,0,,0,3.00,1,0,+1,+1.00,+1.33,1232,pt POR,DF,fr Ligue 1,24-087,2002,1.0,0,0,0,0,2,0,2,0,2,0
1233,Rodrigo Mendoza,es ESP,MF,Atlético Madrid,es La Liga,21.0,2005,3,2,107,1.2,0,0,0,0,0,0,0,0,0.00,,,,,,,,,,,,,,,,,,,,,,,,,1233,es ESP,MF,es La Liga,21-183,2005,1.2,0,5,3,60.0,4.21,2.52,0.00,0.00,0,0,1531,es ESP,MF,es La Liga,21-183,2005,3,107,36,23.8,1.2,2,51,0,1,6,2,2.33,0,0,0,0.00,-1.05,1233,es ESP,MF,es La Liga,21-183,2005,1.2,0,0,0,1,1,0,1,0,2,0
1234,Antoine Mendy,sn SEN,DF,Nice,fr Ligue 1,22.0,2004,3,1,126,1.4,0,0,0,0,0,0,0,0,0.00,,,,,,,,,,,,,,,,,,,,,,,,,1234,sn SEN,DF,fr Ligue 1,22-110,2004,1.4,0,3,0,0.0,2.14,0.00,0.00,,0,0,1532,sn SEN,DF,fr Ligue 1,22-110,2004,3,126,42,35.0,1.4,1,90,1,2,18,0,0.67,0,1,-1,-0.71,+0.44,1234,sn SEN,DF,fr Ligue 1,22-110,2004,1.4,0,0,0,1,2,0,0,2,4,0
1235,Nobel Mendy,sn SEN,DF,Hull City,eng Premier League,22.0,2004,4,4,249,2.8,1,0,1,1,0,0,0,0,0.36,,,,,,,,,,,,,,,,,,,,,,,,,1235,sn SEN,DF,eng Premier League,22-011,2004,2.8,1,4,3,75.0,1.45,1.08,0.25,0.33,0,0,1533,sn SEN,DF,eng Premier League,22-011,2004,4,249,62,69.2,2.8,4,62,0,0,,0,2.00,4,1,+3,+1.08,+1.08,1235,sn SEN,DF,eng Premier League,22-011,2004,2.8,0,0,0,3,1,1,1,3,3,0
1236,Paul Mendy,sn SEN,FW,Cagliari,it Serie A,19.0,2007,4,4,272,3.0,1,0,1,1,0,0,0,0,0.33,,,,,,,,,,,,,,,,,,,,,,,,,1236,sn SEN,FW,it Serie A,19-256,2007,3.0,1,7,3,42.9,2.32,0.99,0.14,0.33,0,0,1534,sn SEN,FW,it Serie A,19-256,2007,4,272,68,75.6,3.0,4,68,0,0,,0,2.25,3,2,+1,+0.33,-0.69,1236,sn SEN,FW,it Serie A,19-256,2007,3.0,0,0,0,6,4,5,1,0,1,0
1237,Gideon Mensah,gh GHA,DF,Köln,de Bundesliga,28.0,1998,3,3,270,3.0,0,0,0,0,0,0,1,0,0.00,,,,,,,,,,,,,,,,,,,,,,,,,1237,gh GHA,DF,de Bundesliga,28-058,1998,3.0,0,4,0,0.0,1.33,0.00,0.00,,0,0,1535,gh GHA,DF,de Bundesliga,28-058,1998,3,270,90,100.0,3.0,3,90,3,0,,0,1.33,5,7,-2,-0.67,,1237,gh GHA,DF,de Bundesliga,28-058,1998,3.0,1,0,0,5,2,0,11,4,2,0
1238,Khalis Merah,fr FRA,MF,Lyon,fr Ligue 1,19.0,2007,1,0,24,0.3,0,0,0,0,0,0,0,0,0.00,,,,,,,,,,,,,,,,,,,,,,,,,1238,fr FRA,MF,fr Ligue 1,19-202,2007,0.3,0,0,0,,0.00,0.00,,,0,0,1536,fr FRA,MF,fr Ligue 1,19-202,2007,1,24,24,6.7,0.3,0,,0,1,24,2,3.00,0,0,0,0.00,-1.07,1238,fr FRA,MF,fr Ligue 1,19-202,2007,0.3,0,0,0,0,0,0,0,0,2,0
1239,Alex Meret,it ITA,GK,Napoli,it Serie A,29.0,1997,3,3,270,3.0,0,0,0,0,0,0,0,0,0.00,60,it ITA,GK,it Serie A,29-176,1997,3,3,270,3.0,5,1.67,16,11,68.8,1,0,2,1,33.3,0,0,0,0,1239,it ITA,GK,it Serie A,29-176,1997,3.0,0,0,0,,0.00,0.00,,,0,0,1537,it ITA,GK,it Serie A,29-176,1997,3,270,90,75.0,3.0,3,90,3,0,,0,1.00,5,5,0,0.00,-1.00,1239,it ITA,GK,it Serie A,29-176,1997,3.0,0,0,0,0,1,0,0,0,0,0
1240,Izan Merino,es ESP,MF,Málaga,es La Liga,20.0,2006,5,4,358,4.0,0,0,0,0,0,0,0,0,0.00,,,,,,,,,,,,,,,,,,,,,,,,,1240,es ESP,MF,es La Liga,20-152,2006,4.0,0,1,0,0.0,0.25,0.00,0.00,,0,0,1538,es ESP,MF,es La Liga,20-152,2006,5,358,72,79.6,4.0,4,82,1,1,32,0,0.60,1,7,-6,-1.51,-1.51,1240,es ESP,MF,es La Liga,20-152,2006,4.0,0,0,0,5,1,0,0,3,3,0
1241,Mikel Merino,es ESP,MF,Arsenal,eng Premier League,30.0,1996,4,0,54,0.6,0,0,0,0,0,0,1,0,0.00,,,,,,,,,,,,,,,,,,,,,,,,,1241,es ESP,MF,eng Premier League,30-084,1996,0.6,0,2,1,50.0,3.33,1.67,0.00,0.00,0,0,1539,es ESP,MF,eng Premier League,30-084,1996,4,54,14,15.0,0.6,0,,0,4,14,0,3.00,1,0,+1,+1.67,-0.10,1241,es ESP,MF,eng Premier League,30-084,1996,0.6,1,0,0,3,2,0,0,0,0,0
1242,Quentin Merlin,fr FRA,DF,Rennes,fr Ligue 1,24.0,2002,3,2,157,1.7,0,0,0,0,0,0,0,0,0.00,,,,,,,,,,,,,,,,,,,,,,,,,1242,fr FRA,DF,fr Ligue 1,24-121,2002,1.7,0,0,0,,0.00,0.00,,,0,0,1540,fr FRA,DF,fr Ligue 1,24-121,2002,3,157,52,43.6,1.7,2,72,0,1,13,1,2.33,4,4,0,0.00,-1.33,1242,fr FRA,DF,fr Ligue 1,24-121,2002,1.7,0,0,0,5,1,0,7,4,0,0
1243,Rafik Messali,fr FRA,DF,Toulouse,fr Ligue 1,23.0,2003,4,2,175,1.9,0,0,0,0,0,0,0,0,0.00,,,,,,,,,,,,,,,,,,,,,,,,,1243,fr FRA,DF,fr Ligue 1,23-139,2003,1.9,0,0,0,,0.00,0.00,,,0,0,1541,fr FRA,DF,fr Ligue 1,23-139,2003,4,175,44,48.6,1.9,2,55,0,2,33,0,0.50,1,4,-3,-1.54,-1.54,1243,fr FRA,DF,fr Ligue 1,23-139,2003,1.9,0,0,0,5,4,0,6,4,3,0
1244,Junior Messias,br BRA,"FW,MF",Genoa,it Serie A,35.0,1991,4,0,128,1.4,0,0,0,0,0,0,0,0,0.00,,,,,,,,,,,,,,,,,,,,,,,,,1244,br BRA,"FW,MF",it Serie A,35-124,1991,1.4,0,6,0,0.0,4.22,0.00,0.00,,0,0,1542,br BRA,"FW,MF",it Serie A,35-124,1991,4,128,32,35.6,1.4,0,,0,4,32,0,0.25,1,3,-2,-1.41,+0.15,1244,br BRA,"FW,MF",it Serie A,35-124,1991,1.4,0,0,0,0,4,1,4,1,5,0
1245,Thomas Meunier,be BEL,"MF,DF",Sunderland,eng Premier League,35.0,1991,4,4,318,3.5,0,0,0,0,0,0,0,0,0.00,,,,,,,,,,,,,,,,,,,,,,,,,1245,be BEL,"MF,DF",eng Premier League,35-002,1991,3.5,0,7,4,57.1,1.98,1.13,0.00,0.00,0,0,1545,be BEL,"MF,DF",eng Premier League,35-002,1991,4,318,80,88.3,3.5,4,80,2,0,,0,1.00,2,4,-2,-0.57,-0.57,1245,be BEL,"MF,DF",eng Premier League,35-002,1991,3.5,0,0,0,2,0,0,8,4,1,0
1246,Nicholas Mickelson,th THA,DF,Elversberg,de Bundesliga,27.0,1999,1,0,16,0.2,0,0,0,0,0,0,0,0,0.00,,,,,,,,,,,,,,,,,,,,,,,,,1246,th THA,DF,de Bundesliga,27-052,1999,0.2,0,0,0,,0.00,0.00,,,0,0,1548,th THA,DF,de Bundesliga,27-052,1999,1,16,16,5.9,0.2,0,,0,1,16,2,3.00,2,0,+2,+11.25,+11.60,1246,th THA,DF,de Bundesliga,27-052,1999,0.2,0,0,0,0,0,0,0,1,0,0
1247,Georges Mikautadze,ge GEO,FW,Villarreal,es La Liga,25.0,2000,4,3,278,3.1,1,1,2,0,1,1,0,0,0.32,,,,,,,,,,,,,,,,,,,,,,,,,1247,ge GEO,FW,es La Liga,25-318,2000,3.1,1,12,4,33.3,3.88,1.29,0.08,0.25,1,1,1549,ge GEO,FW,es La Liga,25-318,2000,4,278,70,77.2,3.1,3,83,1,1,29,0,0.50,5,6,-1,-0.32,+0.77,1247,ge GEO,FW,es La Liga,25-318,2000,3.1,0,0,0,2,4,1,3,0,0,0
1248,Nikola Milenković,rs SRB,DF,Nottingham,eng Premier League,28.0,1997,3,3,270,3.0,0,0,0,0,0,0,1,0,0.00,,,,,,,,,,,,,,,,,,,,,,,,,1248,rs SRB,DF,eng Premier League,28-337,1997,3.0,0,2,0,0.0,0.67,0.00,0.00,,0,0,1550,rs SRB,DF,eng Premier League,28-337,1997,3,270,90,75.0,3.0,3,90,3,0,,0,0.67,2,3,-1,-0.33,-1.33,1248,rs SRB,DF,eng Premier League,28-337,1997,3.0,1,0,0,5,2,0,0,3,2,0
1249,Lewis Miley,eng ENG,MF,Newcastle,eng Premier League,20.0,2006,3,3,227,2.5,0,0,0,0,0,0,1,0,0.00,,,,,,,,,,,,,,,,,,,,,,,,,1249,eng ENG,MF,eng Premier League,20-136,2006,2.5,0,1,0,0.0,0.40,0.00,0.00,,0,0,1551,eng ENG,MF,eng Premier League,20-136,2006,3,227,76,84.1,2.5,3,76,1,0,,0,1.67,5,3,+2,+0.79,+0.79,1249,eng ENG,MF,eng Premier League,20-136,2006,2.5,1,0,0,2,2,0,0,2,1,0
1250,Vanja Milinković-Savić,rs SRB,GK,Napoli,it Serie A,29.0,1997,1,1,90,1.0,0,0,0,0,0,0,0,0,0.00,61,rs SRB,GK,it Serie A,29-206,1997,1,1,90,1.0,0,0.00,2,2,100.0,1,0,0,1,100.0,0,0,0,0,1250,rs SRB,GK,it Serie A,29-206,1997,1.0,0,0,0,,0.00,0.00,,,0,0,1553,rs SRB,GK,it Serie A,29-206,1997,1,90,90,25.0,1.0,1,90,1,0,,3,3.00,1,0,+1,+1.00,+1.00,1250,rs SRB,GK,it Serie A,29-206,1997,1.0,0,0,0,0,0,0,0,0,0,0
1251,Luis Milla,es ESP,MF,Como,it Serie A,31.0,1994,3,2,191,2.1,0,0,0,0,0,0,0,0,0.00,,,,,,,,,,,,,,,,,,,,,,,,,1251,es ESP,MF,it Serie A,31-342,1994,2.1,0,0,0,,0.00,0.00,,,0,0,1554,es ESP,MF,it Serie A,31-342,1994,3,191,64,70.7,2.1,2,90,2,1,11,0,2.33,3,2,+1,+0.47,-2.95,1251,es ESP,MF,it Serie A,31-342,1994,2.1,0,0,0,1,3,0,17,8,2,0
1252,Pere Milla,es ESP,"FW,MF",Espanyol,es La Liga,33.0,1992,4,0,44,0.5,0,0,0,0,0,0,1,0,0.00,,,,,,,,,,,,,,,,,,,,,,,,,1252,es ESP,"FW,MF",es La Liga,33-356,1992,0.5,0,1,0,0.0,2.05,0.00,0.00,,0,0,1555,es ESP,"FW,MF",es La Liga,33-356,1992,4,44,11,9.8,0.5,0,,0,4,11,1,1.50,0,1,-1,-2.05,-2.93,1252,es ESP,"FW,MF",es La Liga,33-356,1992,0.5,1,0,0,1,1,1,1,0,1,0
1253,Liam Millar,ca CAN,"FW,MF",Hull City,eng Premier League,26.0,1999,2,0,52,0.6,1,0,1,1,0,0,1,0,1.73,,,,,,,,,,,,,,,,,,,,,,,,,1253,ca CAN,"FW,MF",eng Premier League,26-352,1999,0.6,1,3,1,33.3,5.19,1.73,0.33,1.00,0,0,1556,ca CAN,"FW,MF",eng Premier League,26-352,1999,2,52,26,14.4,0.6,0,,0,2,26,0,3.00,1,0,+1,+1.73,+1.15,1253,ca CAN,"FW,MF",eng Premier League,26-352,1999,0.6,1,0,0,1,1,0,0,0,1,0
1254,Antoine Mille,fr FRA,MF,Troyes,fr Ligue 1,29.0,1997,4,3,262,2.9,1,1,2,1,0,0,0,0,0.69,,,,,,,,,,,,,,,,,,,,,,,,,1254,fr FRA,MF,fr Ligue 1,29-031,1997,2.9,1,6,1,16.7,2.06,0.34,0.17,1.00,0,0,1557,fr FRA,MF,fr Ligue 1,29-031,1997,4,262,66,72.8,2.9,3,82,1,1,16,0,1.00,4,8,-4,-1.37,-0.46,1254,fr FRA,MF,fr Ligue 1,29-031,1997,2.9,0,0,0,8,2,1,8,2,5,0
1255,Lennon Miller,sct SCO,MF,Udinese,it Serie A,20.0,2006,3,0,127,1.4,0,0,0,0,0,0,1,0,0.00,,,,,,,,,,,,,,,,,,,,,,,,,1255,sct SCO,MF,it Serie A,20-020,2006,1.4,0,1,1,100.0,0.71,0.71,0.00,0.00,0,0,1558,sct SCO,MF,it Serie A,20-020,2006,3,127,42,47.0,1.4,0,,0,3,42,0,1.33,1,3,-2,-1.42,-2.68,1255,sct SCO,MF,it Serie A,20-020,2006,1.4,1,0,0,8,2,0,1,6,1,0
1256,Kim Min-jae,kr KOR,DF,Bayern Munich,de Bundesliga,29.0,1996,2,2,173,1.9,0,0,0,0,0,0,1,0,0.00,,,,,,,,,,,,,,,,,,,,,,,,,1256,kr KOR,DF,de Bundesliga,29-303,1996,1.9,0,0,0,,0.00,0.00,,,0,0,1559,kr KOR,DF,de Bundesliga,29-303,1996,2,173,87,64.1,1.9,2,87,1,0,,1,3.00,6,2,+4,+2.08,+1.15,1256,kr KOR,DF,de Bundesliga,29-303,1996,1.9,1,0,0,2,0,0,1,3,2,0
1257,Tyrone Mings,eng ENG,DF,Aston Villa,eng Premier League,33.0,1993,3,1,173,1.9,0,0,0,0,0,0,1,0,0.00,,,,,,,,,,,,,,,,,,,,,,,,,1257,eng ENG,DF,eng Premier League,33-185,1993,1.9,0,4,0,0.0,2.08,0.00,0.00,,0,0,1561,eng ENG,DF,eng Premier League,33-185,1993,3,173,58,48.1,1.9,1,90,1,2,42,1,0.33,1,2,-1,-0.52,+1.89,1257,eng ENG,DF,eng Premier League,33-185,1993,1.9,1,0,0,1,2,0,0,0,2,0
1258,Óscar Mingueza,es ESP,"DF,MF",Crystal Palace,eng Premier League,27.0,1999,2,0,18,0.2,0,0,0,0,0,0,0,0,0.00,,,,,,,,,,,,,,,,,,,,,,,,,1258,es ESP,"DF,MF",eng Premier League,27-124,1999,0.2,0,0,0,,0.00,0.00,,,0,0,1562,es ESP,"DF,MF",eng Premier League,27-124,1999,2,18,9,5.0,0.2,0,,0,2,9,2,1.50,0,1,-1,-5.00,-3.95,1258,es ESP,"DF,MF",eng Premier League,27-124,1999,0.2,0,0,0,1,0,0,0,0,2,0
1259,Juan Miranda,es ESP,DF,Bologna,it Serie A,26.0,2000,3,2,225,2.5,0,1,1,0,0,0,0,0,0.40,,,,,,,,,,,,,,,,,,,,,,,,,1259,es ESP,DF,it Serie A,26-238,2000,2.5,0,0,0,,0.00,0.00,,,0,0,1563,es ESP,DF,it Serie A,26-238,2000,3,225,75,62.5,2.5,2,90,2,1,45,1,0.33,2,3,-1,-0.40,+0.93,1259,es ESP,DF,it Serie A,26-238,2000,2.5,0,0,0,1,1,0,15,2,3,0
1260,Jeyland Mitchell,cr CRC,DF,Strasbourg,fr Ligue 1,21.0,2004,3,3,270,3.0,0,0,0,0,0,0,1,0,0.00,,,,,,,,,,,,,,,,,,,,,,,,,1260,cr CRC,DF,fr Ligue 1,21-350,2004,3.0,0,1,0,0.0,0.33,0.00,0.00,,0,0,1567,cr CRC,DF,fr Ligue 1,21-350,2004,3,270,90,75.0,3.0,3,90,3,0,,1,2.33,9,4,+5,+1.67,+5.67,1260,cr CRC,DF,fr Ligue 1,21-350,2004,3.0,1,0,0,2,0,1,0,5,3,0
1261,Tyrick Mitchell,eng ENG,MF,Crystal Palace,eng Premier League,27.0,1999,4,4,329,3.7,2,0,2,2,0,0,0,0,0.55,,,,,,,,,,,,,,,,,,,,,,,,,1261,eng ENG,MF,eng Premier League,27-013,1999,3.7,2,5,2,40.0,1.37,0.55,0.40,1.00,0,0,1568,eng ENG,MF,eng Premier League,27-013,1999,4,329,82,91.4,3.7,4,82,2,0,,0,0.75,5,10,-5,-1.37,-1.37,1261,eng ENG,MF,eng Premier League,27-013,1999,3.7,0,0,0,2,0,0,10,2,3,0
1262,Maximilian Mittelstädt,de GER,"MF,DF",Stuttgart,de Bundesliga,29.0,1997,3,3,257,2.9,1,1,2,1,0,0,1,0,0.70,,,,,,,,,,,,,,,,,,,,,,,,,1262,de GER,"MF,DF",de Bundesliga,29-180,1997,2.9,1,3,1,33.3,1.05,0.35,0.33,1.00,0,0,1569,de GER,"MF,DF",de Bundesliga,29-180,1997,3,257,86,95.2,2.9,3,86,2,0,,0,1.00,5,7,-2,-0.70,-0.70,1262,de GER,"MF,DF",de Bundesliga,29-180,1997,2.9,1,0,0,2,1,0,29,5,5,0
1263,Kaito Mizuta,jp JPN,MF,Le Havre,fr Ligue 1,26.0,2000,3,2,151,1.7,0,0,0,0,0,0,0,0,0.00,,,,,,,,,,,,,,,,,,,,,,,,,1263,jp JPN,MF,fr Ligue 1,26-159,2000,1.7,0,3,0,0.0,1.79,0.00,0.00,,0,0,1570,jp JPN,MF,fr Ligue 1,26-159,2000,3,151,50,41.9,1.7,2,74,0,1,3,1,0.67,0,0,0,0.00,+0.86,1263,jp JPN,MF,fr Ligue 1,26-159,2000,1.7,0,0,0,4,2,1,15,0,3,0
1264,Tadjidine Mmadi,fr FRA,FW,Marseille,fr Ligue 1,19.0,2007,2,0,22,0.2,0,0,0,0,0,0,0,0,0.00,,,,,,,,,,,,,,,,,,,,,,,,,1264,fr FRA,FW,fr Ligue 1,19-195,2007,0.2,0,1,0,0.0,4.09,0.00,0.00,,0,0,1573,fr FRA,FW,fr Ligue 1,19-195,2007,2,22,11,6.1,0.2,0,,0,2,11,2,0.00,0,1,-1,-4.09,-4.36,1264,fr FRA,FW,fr Ligue 1,19-195,2007,0.2,0,0,0,1,1,0,3,1,1,0
1265,Luka Modrić,hr CRO,MF,Milan,it Serie A,41.0,1985,4,3,234,2.6,0,0,0,0,0,0,0,0,0.00,,,,,,,,,,,,,,,,,,,,,,,,,1265,hr CRO,MF,it Serie A,41-005,1985,2.6,0,0,0,,0.00,0.00,,,0,0,1574,hr CRO,MF,it Serie A,41-005,1985,4,234,59,65.0,2.6,3,66,0,1,35,0,2.00,4,3,+1,+0.38,-1.04,1265,hr CRO,MF,it Serie A,41-005,1985,2.6,0,0,0,0,3,0,10,4,1,0
1266,Max Moerstedt,de GER,FW,Hoffenheim,de Bundesliga,20.0,2006,2,0,45,0.5,0,0,0,0,0,1,1,0,0.00,,,,,,,,,,,,,,,,,,,,,,,,,1266,de GER,FW,de Bundesliga,20-242,2006,0.5,0,3,2,66.7,6.00,4.00,0.00,0.00,0,1,1575,de GER,FW,de Bundesliga,20-242,2006,2,45,23,16.7,0.5,0,,0,2,23,1,0.00,1,3,-2,-4.00,-4.40,1266,de GER,FW,de Bundesliga,20-242,2006,0.5,1,0,0,0,1,0,0,0,1,0
1267,Terem Moffi,ng NGA,FW,Hamburger SV,de Bundesliga,27.0,1999,3,1,132,1.5,0,0,0,0,0,0,0,0,0.00,,,,,,,,,,,,,,,,,,,,,,,,,1267,ng NGA,FW,de Bundesliga,27-112,1999,1.5,0,3,2,66.7,2.05,1.36,0.00,0.00,0,0,1576,ng NGA,FW,de Bundesliga,27-112,1999,3,132,44,48.9,1.5,1,63,0,2,35,0,0.00,0,6,-6,-4.09,-0.18,1267,ng NGA,FW,de Bundesliga,27-112,1999,1.5,0,0,0,1,0,1,1,1,1,0
1268,Niklas Mohr,de GER,DF,Paderborn 07,de Bundesliga,22.0,2004,1,0,2,0.0,0,0,0,0,0,0,0,0,0.00,,,,,,,,,,,,,,,,,,,,,,,,,1268,de GER,DF,de Bundesliga,22-053,2004,0.0,0,0,0,,0.00,0.00,,,0,0,1577,de GER,DF,de Bundesliga,22-053,2004,1,2,2,0.7,0.0,0,,0,1,2,1,0.00,0,0,0,0.00,+1.34,1268,de GER,DF,de Bundesliga,22-053,2004,0.0,0,0,0,1,0,0,0,0,0,0
1269,Wael Mohya,de GER,MF,Gladbach,de Bundesliga,17.0,2008,3,2,155,1.7,0,0,0,0,0,0,0,0,0.00,,,,,,,,,,,,,,,,,,,,,,,,,1269,de GER,MF,de Bundesliga,17-257,2008,1.7,0,3,1,33.3,1.74,0.58,0.00,0.00,0,0,1578,de GER,MF,de Bundesliga,17-257,2008,3,155,52,57.4,1.7,2,66,0,1,24,0,0.00,3,7,-4,-2.32,+1.59,1269,de GER,MF,de Bundesliga,17-257,2008,1.7,0,0,0,3,1,1,1,1,1,0
1270,Johan Mojica,co COL,"DF,MF",Getafe,es La Liga,34.0,1992,4,4,360,4.0,0,0,0,0,0,0,2,0,0.00,,,,,,,,,,,,,,,,,,,,,,,,,1270,co COL,"DF,MF",es La Liga,34-024,1992,4.0,0,2,0,0.0,0.50,0.00,0.00,,0,0,1579,co COL,"DF,MF",es La Liga,34-024,1992,4,360,90,80.0,4.0,4,90,4,0,,1,1.25,3,3,0,0.00,+3.00,1270,co COL,"DF,MF",es La Liga,34-024,1992,4.0,2,0,0,3,10,0,32,1,3,0
1271,David Mokwa,fr FRA,FW,Elversberg,de Bundesliga,22.0,2004,3,3,233,2.6,2,0,2,2,0,0,0,0,0.77,,,,,,,,,,,,,,,,,,,,,,,,,1271,fr FRA,FW,de Bundesliga,22-134,2004,2.6,2,4,2,50.0,1.55,0.77,0.50,1.00,0,0,1580,fr FRA,FW,de Bundesliga,22-134,2004,3,233,78,86.3,2.6,3,78,0,0,,0,2.00,7,5,+2,+0.77,+3.20,1271,fr FRA,FW,de Bundesliga,22-134,2004,2.6,0,0,0,2,2,0,0,1,0,0
1272,Alberto Moleiro,es ESP,MF,Villarreal,es La Liga,22.0,2003,4,3,203,2.3,0,1,1,0,0,0,0,0,0.44,,,,,,,,,,,,,,,,,,,,,,,,,1272,es ESP,MF,es La Liga,22-349,2003,2.3,0,2,2,100.0,0.89,0.89,0.00,0.00,0,0,1581,es ESP,MF,es La Liga,22-349,2003,4,203,51,56.4,2.3,3,58,0,1,28,0,0.50,3,4,-1,-0.44,+0.13,1272,es ESP,MF,es La Liga,22-349,2003,2.3,0,0,0,2,2,1,9,0,3,0
1273,Nahuel Molina,ar ARG,"DF,MF",Roma,it Serie A,28.0,1998,2,0,68,0.8,0,0,0,0,0,0,0,0,0.00,,,,,,,,,,,,,,,,,,,,,,,,,1273,ar ARG,"DF,MF",it Serie A,28-161,1998,0.8,0,0,0,,0.00,0.00,,,0,0,1583,ar ARG,"DF,MF",it Serie A,28-161,1998,2,68,34,25.2,0.8,0,,0,2,34,1,3.00,3,0,+3,+3.97,+1.30,1273,ar ARG,"DF,MF",it Serie A,28-161,1998,0.8,0,0,0,0,0,0,7,0,2,0
1274,Jon Moncayola,es ESP,MF,Osasuna,es La Liga,28.0,1998,5,5,405,4.5,0,0,0,0,0,0,1,0,0.00,,,,,,,,,,,,,,,,,,,,,,,,,1274,es ESP,MF,es La Liga,28-124,1998,4.5,0,2,1,50.0,0.44,0.22,0.00,0.00,0,0,1584,es ESP,MF,es La Liga,28-124,1998,5,405,81,90.0,4.5,5,81,4,0,,0,1.40,3,8,-5,-1.11,-5.11,1274,es ESP,MF,es La Liga,28-124,1998,4.5,1,0,0,4,0,0,9,5,7,0
1275,Adrien Monfray,fr FRA,DF,Troyes,fr Ligue 1,35.0,1990,4,4,360,4.0,0,0,0,0,0,0,0,0,0.00,,,,,,,,,,,,,,,,,,,,,,,,,1275,fr FRA,DF,fr Ligue 1,35-268,1990,4.0,0,6,1,16.7,1.50,0.25,0.00,0.00,0,0,1585,fr FRA,DF,fr Ligue 1,35-268,1990,4,360,90,100.0,4.0,4,90,4,0,,0,1.00,4,9,-5,-1.25,,1275,fr FRA,DF,fr Ligue 1,35-268,1990,4.0,0,0,0,0,3,0,1,5,10,0
1276,Joel Monteiro,ch SUI,"MF,FW",Lecce,it Serie A,27.0,1999,2,2,138,1.5,0,0,0,0,0,0,0,0,0.00,,,,,,,,,,,,,,,,,,,,,,,,,1276,ch SUI,"MF,FW",it Serie A,27-040,1999,1.5,0,1,0,0.0,0.65,0.00,0.00,,0,0,1587,ch SUI,"MF,FW",it Serie A,27-040,1999,2,138,69,38.3,1.5,2,69,0,0,,0,1.50,3,2,+1,+0.65,+1.87,1276,ch SUI,"MF,FW",it Serie A,27-040,1999,1.5,0,0,0,4,0,0,0,1,4,0
1277,Ilario Monterisi,it ITA,DF,Frosinone,it Serie A,24.0,2001,4,2,213,2.4,0,0,0,0,0,0,0,0,0.00,,,,,,,,,,,,,,,,,,,,,,,,,1277,it ITA,DF,it Serie A,24-269,2001,2.4,0,4,1,25.0,1.69,0.42,0.00,0.00,0,0,1588,it ITA,DF,it Serie A,24-269,2001,4,213,53,59.2,2.4,2,78,1,2,29,0,1.75,4,2,+2,+0.85,+0.23,1277,it ITA,DF,it Serie A,24-269,2001,2.4,0,0,0,5,1,0,0,3,4,0
1278,Mikey Moore,eng ENG,MF,Tottenham,eng Premier League,19.0,2007,2,1,90,1.0,0,0,0,0,0,0,0,0,0.00,,,,,,,,,,,,,,,,,,,,,,,,,1278,eng ENG,MF,eng Premier League,19-034,2007,1.0,0,4,3,75.0,4.00,3.00,0.00,0.00,0,0,1590,eng ENG,MF,eng Premier League,19-034,2007,2,90,45,25.0,1.0,1,67,0,1,23,0,0.00,0,4,-4,-4.00,-3.67,1278,eng ENG,MF,eng Premier League,19-034,2007,1.0,0,0,0,0,1,1,2,0,0,0
1279,Mikey Moore,eng ENG,MF,Köln,de Bundesliga,19.0,2007,2,1,118,1.3,0,0,0,0,0,0,0,0,0.00,,,,,,,,,,,,,,,,,,,,,,,,,1279,eng ENG,MF,de Bundesliga,19-034,2007,1.3,0,5,3,60.0,3.81,2.29,0.00,0.00,0,0,1591,eng ENG,MF,de Bundesliga,19-034,2007,2,118,59,43.7,1.3,1,73,0,1,45,0,0.50,2,4,-2,-1.53,-1.53,1279,eng ENG,MF,de Bundesliga,19-034,2007,1.3,0,0,0,0,1,0,1,0,0,0
1280,Rodrigo Mora,pt POR,MF,Roma,it Serie A,19.0,2007,3,2,137,1.5,1,0,1,1,0,0,0,0,0.66,,,,,,,,,,,,,,,,,,,,,,,,,1280,pt POR,MF,it Serie A,19-132,2007,1.5,1,9,3,33.3,5.91,1.97,0.11,0.33,0,0,1592,pt POR,MF,it Serie A,19-132,2007,3,137,46,50.7,1.5,2,53,0,1,31,0,3.00,3,1,+2,+1.31,-3.42,1280,pt POR,MF,it Serie A,19-132,2007,1.5,0,0,0,0,1,1,4,0,2,0
1281,Djelan Morana,fr FRA,FW,Nice,fr Ligue 1,18.0,2008,1,0,9,0.1,0,0,0,0,0,0,0,0,0.00,,,,,,,,,,,,,,,,,,,,,,,,,1281,fr FRA,FW,fr Ligue 1,18-132,2008,0.1,0,0,0,,0.00,0.00,,,0,0,1593,fr FRA,FW,fr Ligue 1,18-132,2008,1,9,9,2.5,0.1,0,,0,1,9,2,0.00,0,1,-1,-10.00,-9.23,1281,fr FRA,FW,fr Ligue 1,18-132,2008,0.1,0,0,0,0,0,0,0,0,0,0
1282,Javi Morcillo,es ESP,MF,Elche,es La Liga,20.0,2006,4,2,219,2.4,0,0,0,0,0,0,0,0,0.00,,,,,,,,,,,,,,,,,,,,,,,,,1282,es ESP,MF,es La Liga,20-183,2006,2.4,0,0,0,,0.00,0.00,,,0,0,1595,es ESP,MF,es La Liga,20-183,2006,4,219,55,48.7,2.4,2,90,2,2,20,1,0.50,5,4,+1,+0.41,+3.53,1282,es ESP,MF,es La Liga,20-183,2006,2.4,0,0,0,3,0,0,0,4,6,0
1283,Afonso Moreira,pt POR,MF,Leverkusen,de Bundesliga,21.0,2005,3,3,248,2.8,0,0,0,0,0,0,0,0,0.00,,,,,,,,,,,,,,,,,,,,,,,,,1283,pt POR,MF,de Bundesliga,21-179,2005,2.8,0,7,3,42.9,2.54,1.09,0.00,0.00,0,0,1596,pt POR,MF,de Bundesliga,21-179,2005,3,248,83,91.9,2.8,3,83,1,0,,0,1.33,6,5,+1,+0.36,-7.82,1283,pt POR,MF,de Bundesliga,21-179,2005,2.8,0,0,0,5,7,0,8,0,1,0
1284,Diego Moreira,be BEL,MF,Milan,it Serie A,22.0,2004,2,1,105,1.2,2,0,2,2,0,0,0,0,1.71,,,,,,,,,,,,,,,,,,,,,,,,,1284,be BEL,MF,it Serie A,22-039,2004,1.2,2,4,2,50.0,3.43,1.71,0.50,1.00,0,0,1597,be BEL,MF,it Serie A,22-039,2004,2,105,53,29.2,1.2,1,60,0,1,45,2,1.00,2,0,+2,+1.71,+1.36,1284,be BEL,MF,it Serie A,22-039,2004,1.2,0,0,0,1,1,0,7,1,1,0
1285,Gerard Moreno,es ESP,FW,Villarreal,es La Liga,34.0,1992,4,2,211,2.3,1,0,1,0,1,1,0,0,0.00,,,,,,,,,,,,,,,,,,,,,,,,,1285,es ESP,FW,es La Liga,34-160,1992,2.3,1,5,2,40.0,2.13,0.85,0.20,0.50,1,1,1598,es ESP,FW,es La Liga,34-160,1992,4,211,53,58.6,2.3,2,73,0,2,33,0,0.50,4,3,+1,+0.43,+2.24,1285,es ESP,FW,es La Liga,34-160,1992,2.3,0,0,0,3,1,1,4,0,1,0
1286,Matias Moreno,ar ARG,DF,Venezia,it Serie A,22.0,2003,2,1,84,0.9,0,0,0,0,0,0,1,0,0.00,,,,,,,,,,,,,,,,,,,,,,,,,1286,ar ARG,DF,it Serie A,22-355,2003,0.9,0,1,0,0.0,1.07,0.00,0.00,,0,0,1599,ar ARG,DF,it Serie A,22-355,2003,2,84,42,23.3,0.9,1,68,0,1,16,0,0.00,1,4,-3,-3.21,-1.91,1286,ar ARG,DF,it Serie A,22-355,2003,0.9,1,0,0,1,0,0,0,1,0,0
1287,Tete Morente,es ESP,MF,Elche,es La Liga,29.0,1996,5,3,304,3.4,0,2,2,0,0,0,1,0,0.59,,,,,,,,,,,,,,,,,,,,,,,,,1287,es ESP,MF,es La Liga,29-284,1996,3.4,0,2,0,0.0,0.59,0.00,0.00,,0,0,1600,es ESP,MF,es La Liga,29-284,1996,5,304,61,67.6,3.4,3,76,1,2,38,0,0.40,6,5,+1,+0.30,+5.23,1287,es ESP,MF,es La Liga,29-284,1996,3.4,1,0,0,7,4,0,19,4,1,0
1288,Ilaix Moriba,gn GUI,MF,Celta Vigo,es La Liga,23.0,2003,6,5,402,4.5,0,0,0,0,0,0,0,0,0.00,,,,,,,,,,,,,,,,,,,,,,,,,1288,gn GUI,MF,es La Liga,23-238,2003,4.5,0,4,0,0.0,0.90,0.00,0.00,,0,0,1601,gn GUI,MF,es La Liga,23-238,2003,6,402,67,74.4,4.5,5,78,3,1,14,0,0.67,3,5,-2,-0.45,+0.20,1288,gn GUI,MF,es La Liga,23-238,2003,4.5,0,0,0,2,5,0,1,2,4,0
1289,Hidemasa Morita,jp JPN,MF,Hull City,eng Premier League,31.0,1995,1,1,45,0.5,0,0,0,0,0,0,0,0,0.00,,,,,,,,,,,,,,,,,,,,,,,,,1289,jp JPN,MF,eng Premier League,31-127,1995,0.5,0,0,0,,0.00,0.00,,,0,0,1602,jp JPN,MF,eng Premier League,31-127,1995,1,45,45,12.5,0.5,1,45,0,0,,0,3.00,0,0,0,0.00,-0.86,1289,jp JPN,MF,eng Premier League,31-127,1995,0.5,0,0,0,0,0,0,1,0,0,0
1290,Nikola Moro,hr CRO,MF,Bologna,it Serie A,28.0,1998,3,0,81,0.9,0,0,0,0,0,0,0,0,0.00,,,,,,,,,,,,,,,,,,,,,,,,,1290,hr CRO,MF,it Serie A,28-186,1998,0.9,0,0,0,,0.00,0.00,,,0,0,1603,hr CRO,MF,it Serie A,28-186,1998,3,81,27,22.5,0.9,0,,0,3,27,1,0.33,2,2,0,0.00,+0.97,1290,hr CRO,MF,it Serie A,28-186,1998,0.9,0,0,0,1,2,0,4,0,1,0
1291,Raúl Moro,es ESP,MF,Osasuna,es La Liga,23.0,2002,3,0,81,0.9,0,0,0,0,0,0,0,0,0.00,,,,,,,,,,,,,,,,,,,,,,,,,1291,es ESP,MF,es La Liga,23-283,2002,0.9,0,3,1,33.3,3.33,1.11,0.00,0.00,0,0,1604,es ESP,MF,es La Liga,23-283,2002,3,81,27,18.0,0.9,0,,0,3,27,2,0.33,1,2,-1,-1.11,-0.62,1291,es ESP,MF,es La Liga,23-283,2002,0.9,0,0,0,0,1,0,7,0,0,0
1292,Tyler Morton,eng ENG,MF,Lyon,fr Ligue 1,23.0,2002,4,3,287,3.2,0,0,0,0,0,0,1,0,0.00,,,,,,,,,,,,,,,,,,,,,,,,,1292,eng ENG,MF,fr Ligue 1,23-318,2002,3.2,0,2,0,0.0,0.63,0.00,0.00,,0,0,1605,eng ENG,MF,fr Ligue 1,23-318,2002,4,287,72,79.7,3.2,3,88,2,1,22,0,2.00,5,2,+3,+0.94,-0.29,1292,eng ENG,MF,fr Ligue 1,23-318,2002,3.2,1,0,0,5,0,0,9,2,0,0
1293,Gabriel Moscardo,br BRA,MF,Espanyol,es La Liga,20.0,2005,3,1,128,1.4,0,0,0,0,0,0,1,0,0.00,,,,,,,,,,,,,,,,,,,,,,,,,1293,br BRA,MF,es La Liga,20-351,2005,1.4,0,1,1,100.0,0.70,0.70,0.00,0.00,0,0,1606,br BRA,MF,es La Liga,20-351,2005,3,128,43,28.4,1.4,1,58,0,2,35,2,1.33,0,1,-1,-0.70,-1.82,1293,br BRA,MF,es La Liga,20-351,2005,1.4,1,0,0,2,1,1,0,1,3,0
1294,Daren Mosengo,fr FRA,MF,Le Havre,fr Ligue 1,20.0,2006,1,0,6,0.1,0,0,0,0,0,0,0,0,0.00,,,,,,,,,,,,,,,,,,,,,,,,,1294,fr FRA,MF,fr Ligue 1,20-034,2006,0.1,0,0,0,,0.00,0.00,,,0,0,1607,fr FRA,MF,fr Ligue 1,20-034,2006,1,6,6,1.7,0.1,0,,0,1,6,3,1.00,0,0,0,0.00,+0.51,1294,fr FRA,MF,fr Ligue 1,20-034,2006,0.1,0,0,0,0,2,0,0,0,0,0
1295,Cristhian Mosquera,es ESP,DF,Arsenal,eng Premier League,22.0,2004,2,2,168,1.9,0,0,0,0,0,0,0,0,0.00,,,,,,,,,,,,,,,,,,,,,,,,,1295,es ESP,DF,eng Premier League,22-079,2004,1.9,0,0,0,,0.00,0.00,,,0,0,1608,es ESP,DF,eng Premier League,22-079,2004,2,168,84,46.7,1.9,2,84,1,0,,0,3.00,4,0,+4,+2.14,+0.74,1295,es ESP,DF,eng Premier League,22-079,2004,1.9,0,0,0,1,0,0,0,2,0,0
1296,Dany Mota,pt POR,FW,Monza,it Serie A,28.0,1998,2,1,68,0.8,0,0,0,0,0,0,0,0,0.00,,,,,,,,,,,,,,,,,,,,,,,,,1296,pt POR,FW,it Serie A,28-135,1998,0.8,0,4,1,25.0,5.29,1.32,0.00,0.00,0,0,1609,pt POR,FW,it Serie A,28-135,1998,2,68,34,18.9,0.8,1,61,0,1,7,1,0.50,1,1,0,0.00,+1.54,1296,pt POR,FW,it Serie A,28-135,1998,0.8,0,0,0,1,1,2,1,0,1,0
1297,Samir El Mourabet,ma MAR,MF,Strasbourg,fr Ligue 1,20.0,2005,2,1,68,0.8,0,0,0,0,0,0,0,1,0.00,,,,,,,,,,,,,,,,,,,,,,,,,1297,ma MAR,MF,fr Ligue 1,20-343,2005,0.8,0,0,0,,0.00,0.00,,,0,0,1612,ma MAR,MF,fr Ligue 1,20-343,2005,2,68,34,18.9,0.8,1,58,0,1,10,0,0.50,0,1,-1,-1.32,-1.94,1297,ma MAR,MF,fr Ligue 1,20-343,2005,0.8,0,1,0,2,0,0,3,1,0,0
1298,Santiago Mouriño,uy URU,DF,Villarreal,es La Liga,24.0,2002,3,3,238,2.6,0,0,0,0,0,0,2,0,0.00,,,,,,,,,,,,,,,,,,,,,,,,,1298,uy URU,DF,es La Liga,24-213,2002,2.6,0,2,1,50.0,0.76,0.38,0.00,0.00,0,0,1613,uy URU,DF,es La Liga,24-213,2002,3,238,79,66.1,2.6,3,79,1,0,,1,0.67,4,5,-1,-0.38,+0.36,1298,uy URU,DF,es La Liga,24-213,2002,2.6,2,0,0,6,3,1,2,1,8,0
1299,Mathis Mout,it ITA,MF,Monza,it Serie A,19.0,2007,4,2,139,1.5,0,1,1,0,0,0,0,0,0.65,,,,,,,,,,,,,,,,,,,,,,,,,1299,it ITA,MF,it Serie A,19-039,2007,1.5,0,2,0,0.0,1.29,0.00,0.00,,0,0,1614,it ITA,MF,it Serie A,19-039,2007,4,139,35,38.6,1.5,2,61,0,2,9,0,0.25,3,7,-4,-2.59,-2.18,1299,it ITA,MF,it Serie A,19-039,2007,1.5,0,0,0,0,2,0,2,3,3,0
1300,Louis Mouton,fr FRA,MF,Angers,fr Ligue 1,24.0,2002,1,0,3,0.0,0,0,0,0,0,0,0,0,0.00,,,,,,,,,,,,,,,,,,,,,,,,,1300,fr FRA,MF,fr Ligue 1,24-103,2002,0.0,0,0,0,,0.00,0.00,,,0,0,1615,fr FRA,MF,fr Ligue 1,24-103,2002,1,3,3,0.8,0.0,0,,0,1,3,0,1.00,0,0,0,0.00,+0.25,1300,fr FRA,MF,fr Ligue 1,24-103,2002,0.0,0,0,0,0,0,0,0,0,0,0
1301,Lionel Mpasi,cd COD,GK,Le Havre,fr Ligue 1,32.0,1994,3,3,269,3.0,0,0,0,0,0,0,1,0,0.00,62,cd COD,GK,fr Ligue 1,32-044,1994,3,3,269,3.0,4,1.34,23,19,82.6,0,1,2,0,0.0,1,1,0,0,1301,cd COD,GK,fr Ligue 1,32-044,1994,3.0,0,0,0,,0.00,0.00,,,0,0,1617,cd COD,GK,fr Ligue 1,32-044,1994,3,269,90,74.7,3.0,3,90,2,0,,0,0.33,2,4,-2,-0.67,-0.67,1301,cd COD,GK,fr Ligue 1,32-044,1994,3.0,1,0,0,1,0,0,0,0,0,0
1302,Mykhailo Mudryk,ua UKR,MF,Tottenham,eng Premier League,25.0,2001,1,0,17,0.2,0,0,0,0,0,0,0,0,0.00,,,,,,,,,,,,,,,,,,,,,,,,,1302,ua UKR,MF,eng Premier League,25-252,2001,0.2,0,0,0,,0.00,0.00,,,0,0,1619,ua UKR,MF,eng Premier League,25-252,2001,1,17,17,4.7,0.2,0,,0,1,17,0,1.00,0,0,0,0.00,+1.31,1302,ua UKR,MF,eng Premier League,25-252,2001,0.2,0,0,0,1,1,0,1,0,0,0
1303,Tarik Muharemovic,ba BIH,DF,Leeds United,eng Premier League,23.0,2003,3,3,270,3.0,0,0,0,0,0,0,0,0,0.00,,,,,,,,,,,,,,,,,,,,,,,,,1303,ba BIH,DF,eng Premier League,23-198,2003,3.0,0,1,1,100.0,0.33,0.33,0.00,0.00,0,0,1620,ba BIH,DF,eng Premier League,23-198,2003,3,270,90,100.0,3.0,3,90,3,0,,0,1.67,3,2,+1,+0.33,,1303,ba BIH,DF,eng Premier League,23-198,2003,3.0,0,0,0,1,3,1,1,6,1,0
1304,Ngal'Ayel Mukau,cd COD,MF,Lille,fr Ligue 1,21.0,2004,4,2,238,2.6,0,0,0,0,0,0,0,0,0.00,,,,,,,,,,,,,,,,,,,,,,,,,1304,cd COD,MF,fr Ligue 1,21-315,2004,2.6,0,1,1,100.0,0.38,0.38,0.00,0.00,0,0,1621,cd COD,MF,fr Ligue 1,21-315,2004,4,238,60,66.1,2.6,2,88,1,2,32,0,2.50,5,2,+3,+1.13,-0.34,1304,cd COD,MF,fr Ligue 1,21-315,2004,2.6,0,0,0,3,0,0,0,3,3,0
1305,Nordi Mukiele,fr FRA,DF,Sunderland,eng Premier League,28.0,1997,3,3,270,3.0,0,0,0,0,0,0,1,0,0.00,,,,,,,,,,,,,,,,,,,,,,,,,1305,fr FRA,DF,eng Premier League,28-317,1997,3.0,0,4,1,25.0,1.33,0.33,0.00,0.00,0,0,1622,fr FRA,DF,eng Premier League,28-317,1997,3,270,90,75.0,3.0,3,90,3,0,,1,1.33,2,3,-1,-0.33,+0.67,1305,fr FRA,DF,eng Premier League,28-317,1997,3.0,1,0,0,4,2,1,4,2,6,0
1306,Romaine Mundle,eng ENG,MF,Sunderland,eng Premier League,23.0,2003,1,0,1,0.0,0,0,0,0,0,0,0,0,0.00,,,,,,,,,,,,,,,,,,,,,,,,,1306,eng ENG,MF,eng Premier League,23-143,2003,0.0,0,1,1,100.0,90.00,90.00,0.00,0.00,0,0,1625,eng ENG,MF,eng Premier League,23-143,2003,1,1,1,0.3,0.0,0,,0,1,1,1,3.00,0,0,0,0.00,+0.50,1306,eng ENG,MF,eng Premier League,23-143,2003,0.0,0,0,0,0,0,0,0,0,0,0
1307,Rodrigo Muniz,br BRA,FW,Fulham,eng Premier League,25.0,2001,3,0,31,0.3,0,0,0,0,0,0,0,0,0.00,,,,,,,,,,,,,,,,,,,,,,,,,1307,br BRA,FW,eng Premier League,25-133,2001,0.3,0,3,2,66.7,8.71,5.81,0.00,0.00,0,0,1626,br BRA,FW,eng Premier League,25-133,2001,3,31,10,8.6,0.3,0,,0,3,10,1,0.33,0,0,0,0.00,+0.82,1307,br BRA,FW,eng Premier League,25-133,2001,0.3,0,0,0,0,1,0,0,0,0,0
1308,Aihen Muñoz,es ESP,DF,Real Sociedad,es La Liga,29.0,1997,1,0,19,0.2,0,0,0,0,0,0,0,0,0.00,,,,,,,,,,,,,,,,,,,,,,,,,1308,es ESP,DF,es La Liga,29-029,1997,0.2,0,0,0,,0.00,0.00,,,0,0,1627,es ESP,DF,es La Liga,29-029,1997,1,19,19,3.5,0.2,0,,0,1,19,5,0.00,0,0,0,0.00,+0.86,1308,es ESP,DF,es La Liga,29-029,1997,0.2,0,0,0,0,0,0,2,0,1,0
1309,Daniel Muñoz,co COL,MF,Crystal Palace,eng Premier League,30.0,1996,1,1,54,0.6,0,0,0,0,0,0,0,0,0.00,,,,,,,,,,,,,,,,,,,,,,,,,1309,co COL,MF,eng Premier League,30-111,1996,0.6,0,2,1,50.0,3.33,1.67,0.00,0.00,0,0,1628,co COL,MF,eng Premier League,30-111,1996,1,54,54,15.0,0.6,1,54,0,0,,1,0.00,0,2,-2,-3.33,-2.45,1309,co COL,MF,eng Premier League,30-111,1996,0.6,0,0,0,1,0,0,0,1,1,0
1310,Daniel Muñoz,co COL,MF,Nottingham,eng Premier League,30.0,1996,2,1,122,1.4,0,0,0,0,0,0,0,0,0.00,,,,,,,,,,,,,,,,,,,,,,,,,1310,co COL,MF,eng Premier League,30-111,1996,1.4,0,2,1,50.0,1.48,0.74,0.00,0.00,0,0,1629,co COL,MF,eng Premier League,30-111,1996,2,122,61,33.9,1.4,1,90,1,1,32,0,2.00,2,1,+1,+0.74,+1.12,1310,co COL,MF,eng Premier League,30-111,1996,1.4,0,0,0,1,1,2,6,0,4,0
1311,Iker Muñoz,es ESP,MF,Osasuna,es La Liga,23.0,2002,5,4,385,4.3,0,0,0,0,0,0,1,0,0.00,,,,,,,,,,,,,,,,,,,,,,,,,1311,es ESP,MF,es La Liga,23-313,2002,4.3,0,2,1,50.0,0.47,0.23,0.00,0.00,0,0,1630,es ESP,MF,es La Liga,23-313,2002,5,385,77,85.6,4.3,4,85,3,1,45,0,1.40,5,7,-2,-0.47,+0.92,1311,es ESP,MF,es La Liga,23-313,2002,4.3,1,0,0,8,7,0,3,6,1,0
1312,Joaquín Muñoz,es ESP,MF,Málaga,es La Liga,27.0,1999,5,4,290,3.2,0,0,0,0,0,0,0,0,0.00,,,,,,,,,,,,,,,,,,,,,,,,,1312,es ESP,MF,es La Liga,27-188,1999,3.2,0,3,0,0.0,0.93,0.00,0.00,,0,0,1631,es ESP,MF,es La Liga,27-188,1999,5,290,58,64.4,3.2,4,65,0,1,32,0,0.60,1,5,-4,-1.24,-0.12,1312,es ESP,MF,es La Liga,27-188,1999,3.2,0,0,0,4,10,0,4,1,2,0
1313,Víctor Muñoz,es ESP,MF,Liverpool,eng Premier League,23.0,2003,4,3,240,2.7,1,0,1,1,0,0,1,0,0.37,,,,,,,,,,,,,,,,,,,,,,,,,1313,es ESP,MF,eng Premier League,23-063,2003,2.7,1,7,2,28.6,2.62,0.75,0.14,0.50,0,0,1632,es ESP,MF,eng Premier League,23-063,2003,4,240,60,66.7,2.7,3,71,1,1,28,0,1.50,5,2,+3,+1.13,+1.87,1313,es ESP,MF,eng Premier League,23-063,2003,2.7,1,0,0,5,7,0,8,3,0,0
1314,Arijanet Muric,xk KVX,GK,Sassuolo,it Serie A,27.0,1998,4,4,360,4.0,0,0,0,0,0,0,0,0,0.00,63,xk KVX,GK,it Serie A,27-311,1998,4,4,360,4.0,7,1.75,24,17,70.8,2,1,1,0,0.0,0,0,0,0,1314,xk KVX,GK,it Serie A,27-311,1998,4.0,0,0,0,,0.00,0.00,,,0,0,1633,xk KVX,GK,it Serie A,27-311,1998,4,360,90,100.0,4.0,4,90,4,0,,0,1.75,8,7,+1,+0.25,,1314,xk KVX,GK,it Serie A,27-311,1998,4.0,0,0,0,0,2,0,0,0,0,0
1315,Murillo,br BRA,DF,Nottingham,eng Premier League,24.0,2002,4,4,358,4.0,0,1,1,0,0,0,1,0,0.25,,,,,,,,,,,,,,,,,,,,,,,,,1315,br BRA,DF,eng Premier League,24-072,2002,4.0,0,3,0,0.0,0.75,0.00,0.00,,0,0,1634,br BRA,DF,eng Premier League,24-072,2002,4,358,90,99.4,4.0,4,90,2,0,,0,1.25,4,4,0,0.00,0.00,1315,br BRA,DF,eng Premier League,24-072,2002,4.0,1,0,0,9,1,0,0,4,6,0
1316,Jacob Murphy,eng ENG,"DF,FW",Newcastle,eng Premier League,31.0,1995,3,0,38,0.4,0,0,0,0,0,0,1,0,0.00,,,,,,,,,,,,,,,,,,,,,,,,,1316,eng ENG,"DF,FW",eng Premier League,31-202,1995,0.4,0,0,0,,0.00,0.00,,,0,0,1635,eng ENG,"DF,FW",eng Premier League,31-202,1995,3,38,13,14.1,0.4,0,,0,3,13,0,1.67,1,1,0,0.00,-0.78,1316,eng ENG,"DF,FW",eng Premier League,31-202,1995,0.4,1,0,0,1,2,0,2,0,0,0
1317,Salim Musah,de GER,FW,Werder Bremen,de Bundesliga,20.0,2006,2,0,38,0.4,0,0,0,0,0,0,0,0,0.00,,,,,,,,,,,,,,,,,,,,,,,,,1317,de GER,FW,de Bundesliga,20-204,2006,0.4,0,0,0,,0.00,0.00,,,0,0,1636,de GER,FW,de Bundesliga,20-204,2006,2,38,19,14.1,0.4,0,,0,2,19,1,1.50,1,1,0,0.00,+0.39,1317,de GER,FW,de Bundesliga,20-204,2006,0.4,0,0,0,0,0,1,0,0,0,0
1318,Yunus Musah,us USA,MF,Milan,it Serie A,23.0,2002,4,3,315,3.5,0,0,0,0,0,0,0,0,0.00,,,,,,,,,,,,,,,,,,,,,,,,,1318,us USA,MF,it Serie A,23-289,2002,3.5,0,1,0,0.0,0.29,0.00,0.00,,0,0,1637,us USA,MF,it Serie A,23-289,2002,4,315,79,87.5,3.5,3,90,3,1,45,0,2.00,7,2,+5,+1.43,+5.43,1318,us USA,MF,it Serie A,23-289,2002,3.5,0,0,0,1,6,0,1,3,2,0
1319,Jamal Musiala,de GER,MF,Bayern Munich,de Bundesliga,23.0,2003,2,0,60,0.7,0,0,0,0,0,0,0,0,0.00,,,,,,,,,,,,,,,,,,,,,,,,,1319,de GER,MF,de Bundesliga,23-200,2003,0.7,0,3,0,0.0,4.50,0.00,0.00,,0,0,1638,de GER,MF,de Bundesliga,23-200,2003,2,60,30,22.2,0.7,0,,0,2,30,0,2.00,1,0,+1,+1.50,-0.21,1319,de GER,MF,de Bundesliga,23-200,2003,0.7,0,0,0,1,0,0,1,0,0,0
1320,Yanis Musuayi,be BEL,FW,Levante,es La Liga,19.0,2007,1,0,31,0.3,0,0,0,0,0,0,0,0,0.00,,,,,,,,,,,,,,,,,,,,,,,,,1320,be BEL,FW,es La Liga,19-080,2007,0.3,0,0,0,,0.00,0.00,,,0,0,1640,be BEL,FW,es La Liga,19-080,2007,1,31,31,6.9,0.3,0,,0,1,31,2,1.00,0,0,0,0.00,+0.43,1320,be BEL,FW,es La Liga,19-080,2007,0.3,0,0,0,2,1,0,0,0,0,0
1321,Kingstone Mutandwa,zm ZAM,FW,Cagliari,it Serie A,23.0,2003,1,0,4,0.0,0,0,0,0,0,0,0,0,0.00,,,,,,,,,,,,,,,,,,,,,,,,,1321,zm ZAM,FW,it Serie A,23-252,2003,0.0,0,0,0,,0.00,0.00,,,0,0,1641,zm ZAM,FW,it Serie A,23-252,2003,1,4,4,1.1,0.0,0,,0,1,4,0,3.00,0,0,0,0.00,-0.51,1321,zm ZAM,FW,it Serie A,23-252,2003,0.0,0,0,0,2,0,0,0,0,0,0
1322,Yvon Mvogo,ch SUI,GK,Lorient,fr Ligue 1,32.0,1994,4,4,360,4.0,0,0,0,0,0,0,0,0,0.00,64,ch SUI,GK,fr Ligue 1,32-100,1994,4,4,360,4.0,4,1.00,13,9,69.2,1,2,1,2,50.0,1,1,0,0,1322,ch SUI,GK,fr Ligue 1,32-100,1994,4.0,0,0,0,,0.00,0.00,,,0,0,1642,ch SUI,GK,fr Ligue 1,32-100,1994,4,360,90,100.0,4.0,4,90,4,0,,0,1.25,4,4,0,0.00,,1322,ch SUI,GK,fr Ligue 1,32-100,1994,4.0,0,0,0,0,0,0,0,0,0,0
1323,Junior Mwanga,fr FRA,"DF,MF",Le Havre,fr Ligue 1,23.0,2003,3,3,224,2.5,0,0,0,0,0,0,0,1,0.00,,,,,,,,,,,,,,,,,,,,,,,,,1323,fr FRA,"DF,MF",fr Ligue 1,23-126,2003,2.5,0,0,0,,0.00,0.00,,,0,0,1643,fr FRA,"DF,MF",fr Ligue 1,23-126,2003,3,224,75,62.2,2.5,3,75,2,0,,0,0.33,1,3,-2,-0.80,-0.80,1323,fr FRA,"DF,MF",fr Ligue 1,23-126,2003,2.5,0,1,0,2,1,1,1,4,3,0
1324,Phillipp Mwene,at AUT,MF,Mainz 05,de Bundesliga,32.0,1994,3,3,253,2.8,1,1,2,1,0,0,2,0,0.71,,,,,,,,,,,,,,,,,,,,,,,,,1324,at AUT,MF,de Bundesliga,32-228,1994,2.8,1,3,2,66.7,1.07,0.71,0.33,0.50,0,0,1644,at AUT,MF,de Bundesliga,32-228,1994,3,253,84,93.7,2.8,3,84,2,0,,0,1.33,5,3,+2,+0.71,-4.58,1324,at AUT,MF,de Bundesliga,32-228,1994,2.8,2,0,0,5,7,0,6,2,5,0
1325,Vitaliy Mykolenko,ua UKR,DF,Everton,eng Premier League,27.0,1999,4,4,360,4.0,0,0,0,0,0,0,0,0,0.00,,,,,,,,,,,,,,,,,,,,,,,,,1325,ua UKR,DF,eng Premier League,27-108,1999,4.0,0,0,0,,0.00,0.00,,,0,0,1645,ua UKR,DF,eng Premier League,27-108,1999,4,360,90,100.0,4.0,4,90,4,0,,0,1.50,5,3,+2,+0.50,,1325,ua UKR,DF,eng Premier League,27-108,1999,4.0,0,0,0,2,3,0,9,5,8,0
1326,David Møller Wolfe,no NOR,MF,Hamburger SV,de Bundesliga,24.0,2002,2,2,173,1.9,0,0,0,0,0,0,0,0,0.00,,,,,,,,,,,,,,,,,,,,,,,,,1326,no NOR,MF,de Bundesliga,24-144,2002,1.9,0,4,1,25.0,2.08,0.52,0.00,0.00,0,0,1646,no NOR,MF,de Bundesliga,24-144,2002,2,173,87,64.1,1.9,2,87,1,0,,0,0.00,0,9,-9,-4.68,-1.90,1326,no NOR,MF,de Bundesliga,24-144,2002,1.9,0,0,0,3,2,0,3,2,0,0
1327,Obite N'Dicka,ci CIV,DF,Roma,it Serie A,27.0,1999,2,2,156,1.7,0,0,0,0,0,0,0,0,0.00,,,,,,,,,,,,,,,,,,,,,,,,,1327,ci CIV,DF,it Serie A,27-025,1999,1.7,0,2,0,0.0,1.15,0.00,0.00,,0,0,1648,ci CIV,DF,it Serie A,27-025,1999,2,156,78,57.8,1.7,2,78,1,0,,1,3.00,4,1,+3,+1.73,-3.01,1327,ci CIV,DF,it Serie A,27-025,1999,1.7,0,0,0,7,1,1,0,3,2,0
1328,Konan N'dri,ne NIG,FW,Lecce,it Serie A,25.0,2000,4,2,188,2.1,0,0,0,0,0,0,1,0,0.00,,,,,,,,,,,,,,,,,,,,,,,,,1328,ne NIG,FW,it Serie A,25-322,2000,2.1,0,3,0,0.0,1.44,0.00,0.00,,0,0,1649,ne NIG,FW,it Serie A,25-322,2000,4,188,47,52.2,2.1,2,59,0,2,35,0,1.50,4,2,+2,+0.96,+3.05,1328,ne NIG,FW,it Serie A,25-322,2000,2.1,1,0,0,4,2,0,7,1,5,0
1329,Nathan N'Goumou,cm CMR,"MF,FW",Nice,fr Ligue 1,26.0,2000,4,2,141,1.6,0,0,0,0,0,0,0,0,0.00,,,,,,,,,,,,,,,,,,,,,,,,,1329,cm CMR,"MF,FW",fr Ligue 1,26-184,2000,1.6,0,3,0,0.0,1.91,0.00,0.00,,0,0,1650,cm CMR,"MF,FW",fr Ligue 1,26-184,2000,4,141,35,39.2,1.6,2,63,0,2,8,0,0.50,1,3,-2,-1.28,-0.45,1329,cm CMR,"MF,FW",fr Ligue 1,26-184,2000,1.6,0,0,0,0,2,2,3,0,0,0
1330,Djylian N'Guessan,fr FRA,FW,Brest,fr Ligue 1,18.0,2008,1,0,13,0.1,0,0,0,0,0,0,0,0,0.00,,,,,,,,,,,,,,,,,,,,,,,,,1330,fr FRA,FW,fr Ligue 1,18-015,2008,0.1,0,1,0,0.0,6.92,0.00,0.00,,0,0,1651,fr FRA,FW,fr Ligue 1,18-015,2008,1,13,13,3.6,0.1,0,,0,1,13,1,0.00,0,0,0,0.00,0.00,1330,fr FRA,FW,fr Ligue 1,18-015,2008,0.1,0,0,0,1,0,0,0,0,0,0
1331,Bilal Nadir,ma MAR,MF,Hamburger SV,de Bundesliga,22.0,2003,2,1,54,0.6,0,0,0,0,0,0,0,0,0.00,,,,,,,,,,,,,,,,,,,,,,,,,1331,ma MAR,MF,de Bundesliga,22-290,2003,0.6,0,0,0,,0.00,0.00,,,0,0,1652,ma MAR,MF,de Bundesliga,22-290,2003,2,54,27,20.0,0.6,1,45,0,1,9,1,0.00,0,2,-2,-3.33,+0.83,1331,ma MAR,MF,de Bundesliga,22-290,2003,0.6,0,0,0,0,3,0,0,0,0,0
1332,Mahamadou Nagida,cm CMR,DF,Rennes,fr Ligue 1,21.0,2005,4,2,203,2.3,0,0,0,0,0,0,0,0,0.00,,,,,,,,,,,,,,,,,,,,,,,,,1332,cm CMR,DF,fr Ligue 1,21-078,2005,2.3,0,2,0,0.0,0.89,0.00,0.00,,0,0,1653,cm CMR,DF,fr Ligue 1,21-078,2005,4,203,51,56.4,2.3,2,84,1,2,18,0,2.50,4,1,+3,+1.33,+1.33,1332,cm CMR,DF,fr Ligue 1,21-078,2005,2.3,0,0,0,2,3,0,8,8,5,0
1333,Keito Nakamura,jp JPN,"FW,MF",Lyon,fr Ligue 1,26.0,2000,1,0,16,0.2,0,0,0,0,0,0,0,0,0.00,,,,,,,,,,,,,,,,,,,,,,,,,1333,jp JPN,"FW,MF",fr Ligue 1,26-048,2000,0.2,0,0,0,,0.00,0.00,,,0,0,1654,jp JPN,"FW,MF",fr Ligue 1,26-048,2000,1,16,16,4.4,0.2,0,,0,1,16,0,1.00,0,0,0,0.00,-1.05,1333,jp JPN,"FW,MF",fr Ligue 1,26-048,2000,0.2,0,0,0,0,0,0,0,0,0,0
1334,Sota Nakamura,jp JPN,FW,Le Havre,fr Ligue 1,23.0,2002,4,1,143,1.6,0,0,0,0,0,0,0,0,0.00,,,,,,,,,,,,,,,,,,,,,,,,,1334,jp JPN,FW,fr Ligue 1,23-334,2002,1.6,0,3,1,33.3,1.89,0.63,0.00,0.00,0,0,1655,jp JPN,FW,fr Ligue 1,23-334,2002,4,143,36,39.7,1.6,1,62,0,3,27,0,0.50,1,2,-1,-0.63,-0.21,1334,jp JPN,FW,fr Ligue 1,23-334,2002,1.6,0,0,0,2,0,1,9,1,2,0
1335,Rael-Tshimbela Nakuzola,de GER,DF,Mainz 05,de Bundesliga,19.0,2007,2,0,20,0.2,0,0,0,0,0,0,0,0,0.00,,,,,,,,,,,,,,,,,,,,,,,,,1335,de GER,DF,de Bundesliga,19-139,2007,0.2,0,1,1,100.0,4.50,4.50,0.00,0.00,0,0,1656,de GER,DF,de Bundesliga,19-139,2007,2,20,10,7.4,0.2,0,,0,2,10,1,1.50,2,0,+2,+9.00,+8.64,1335,de GER,DF,de Bundesliga,19-139,2007,0.2,0,0,0,0,0,0,1,0,1,0
1336,Sebastian Nanasi,se SWE,"FW,MF",Strasbourg,fr Ligue 1,24.0,2002,4,4,310,3.4,0,2,2,0,0,0,0,0,0.58,,,,,,,,,,,,,,,,,,,,,,,,,1336,se SWE,"FW,MF",fr Ligue 1,24-121,2002,3.4,0,5,2,40.0,1.45,0.58,0.00,0.00,0,0,1657,se SWE,"FW,MF",fr Ligue 1,24-121,2002,4,310,78,86.1,3.4,4,78,0,0,,0,1.75,6,5,+1,+0.29,+0.29,1336,se SWE,"FW,MF",fr Ligue 1,24-121,2002,3.4,0,0,0,3,0,0,7,0,2,0
1337,Shafiq Nandja,de GER,DF,Hamburger SV,de Bundesliga,19.0,2007,2,1,117,1.3,0,0,0,0,0,0,1,0,0.00,,,,,,,,,,,,,,,,,,,,,,,,,1337,de GER,DF,de Bundesliga,19-242,2007,1.3,0,0,0,,0.00,0.00,,,0,0,1658,de GER,DF,de Bundesliga,19-242,2007,2,117,59,43.3,1.3,1,72,0,1,45,1,0.00,0,6,-6,-4.62,-1.09,1337,de GER,DF,de Bundesliga,19-242,2007,1.3,1,0,0,2,0,0,0,1,1,0
1338,Noah Nartey,dk DEN,MF,Lyon,fr Ligue 1,20.0,2005,3,1,102,1.1,1,0,1,1,0,0,1,0,0.88,,,,,,,,,,,,,,,,,,,,,,,,,1338,dk DEN,MF,fr Ligue 1,20-344,2005,1.1,1,1,1,100.0,0.88,0.88,1.00,1.00,0,0,1660,dk DEN,MF,fr Ligue 1,20-344,2005,3,102,34,28.3,1.1,1,68,0,2,17,1,2.33,2,1,+1,+0.88,-0.16,1338,dk DEN,MF,fr Ligue 1,20-344,2005,1.1,1,0,0,2,1,0,1,1,1,0
1339,Natan,br BRA,DF,Real Betis,es La Liga,25.0,2001,3,3,270,3.0,0,0,0,0,0,0,2,0,0.00,,,,,,,,,,,,,,,,,,,,,,,,,1339,br BRA,DF,es La Liga,25-220,2001,3.0,0,1,0,0.0,0.33,0.00,0.00,,0,0,1661,br BRA,DF,es La Liga,25-220,2001,3,270,90,75.0,3.0,3,90,3,0,,1,2.00,4,5,-1,-0.33,-1.33,1339,br BRA,DF,es La Liga,25-220,2001,3.0,2,0,0,2,0,1,0,0,5,0
1340,Roberto Navarro,es ESP,MF,Athletic Club,es La Liga,24.0,2002,4,3,240,2.7,2,0,2,2,0,0,1,0,0.75,,,,,,,,,,,,,,,,,,,,,,,,,1340,es ESP,MF,es La Liga,24-155,2002,2.7,2,5,3,60.0,1.87,1.13,0.40,0.67,0,0,1665,es ESP,MF,es La Liga,24-155,2002,4,240,60,53.3,2.7,3,70,0,1,31,1,1.75,4,2,+2,+0.75,+1.18,1340,es ESP,MF,es La Liga,24-155,2002,2.7,1,0,0,1,1,0,13,6,2,0
1341,Ximo Navarro,es ESP,DF,Dep. A Coruña,es La Liga,36.0,1990,5,5,442,4.9,0,0,0,0,0,0,2,0,0.00,,,,,,,,,,,,,,,,,,,,,,,,,1341,es ESP,DF,es La Liga,36-234,1990,4.9,0,2,0,0.0,0.41,0.00,0.00,,0,0,1666,es ESP,DF,es La Liga,36-234,1990,5,442,88,98.2,4.9,5,88,4,0,,0,1.80,9,6,+3,+0.61,+0.61,1341,es ESP,DF,es La Liga,36-234,1990,4.9,2,0,0,4,5,1,9,6,7,0
1342,Maik Nawrocki,pl POL,DF,Lens,fr Ligue 1,25.0,2001,2,2,151,1.7,0,0,0,0,0,0,0,0,0.00,,,,,,,,,,,,,,,,,,,,,,,,,1342,pl POL,DF,fr Ligue 1,25-219,2001,1.7,0,1,1,100.0,0.60,0.60,0.00,0.00,0,0,1667,pl POL,DF,fr Ligue 1,25-219,2001,2,151,76,41.9,1.7,2,76,1,0,,0,1.50,6,3,+3,+1.79,+2.65,1342,pl POL,DF,fr Ligue 1,25-219,2001,1.7,0,0,0,1,0,0,0,3,1,0
1343,Flávio Nazinho,pt POR,DF,Monaco,fr Ligue 1,23.0,2003,4,4,349,3.9,1,1,2,1,0,0,1,0,0.52,,,,,,,,,,,,,,,,,,,,,,,,,1343,pt POR,DF,fr Ligue 1,23-056,2003,3.9,1,1,1,100.0,0.26,0.26,1.00,1.00,0,0,1668,pt POR,DF,fr Ligue 1,23-056,2003,4,349,87,96.9,3.9,4,87,3,0,,0,2.50,6,2,+4,+1.03,+1.03,1343,pt POR,DF,fr Ligue 1,23-056,2003,3.9,1,0,0,5,3,0,14,7,5,0
1344,Corrie Ndaba,ie IRL,MF,Lecce,it Serie A,26.0,1999,2,1,135,1.5,0,0,0,0,0,0,0,0,0.00,,,,,,,,,,,,,,,,,,,,,,,,,1344,ie IRL,MF,it Serie A,26-263,1999,1.5,0,0,0,,0.00,0.00,,,0,0,1669,ie IRL,MF,it Serie A,26-263,1999,2,135,68,37.5,1.5,1,90,1,1,45,2,1.50,1,4,-3,-2.00,-2.40,1344,ie IRL,MF,it Serie A,26-263,1999,1.5,0,0,0,0,0,0,1,0,0,0
1345,Michel Ndary Adopo,fr FRA,MF,Cagliari,it Serie A,26.0,2000,4,4,360,4.0,0,2,2,0,0,0,0,0,0.50,,,,,,,,,,,,,,,,,,,,,,,,,1345,fr FRA,MF,it Serie A,26-057,2000,4.0,0,4,2,50.0,1.00,0.50,0.00,0.00,0,0,1670,fr FRA,MF,it Serie A,26-057,2000,4,360,90,100.0,4.0,4,90,4,0,,0,2.25,4,2,+2,+0.50,,1345,fr FRA,MF,it Serie A,26-057,2000,4.0,0,0,0,3,1,1,1,1,1,0
1346,Youssouf Ndayishimiye,bi BDI,DF,Nice,fr Ligue 1,27.0,1998,4,4,360,4.0,0,0,0,0,0,0,2,0,0.00,,,,,,,,,,,,,,,,,,,,,,,,,1346,bi BDI,DF,fr Ligue 1,27-322,1998,4.0,0,1,0,0.0,0.25,0.00,0.00,,0,0,1671,bi BDI,DF,fr Ligue 1,27-322,1998,4,360,90,100.0,4.0,4,90,4,0,,0,0.50,1,5,-4,-1.00,,1346,bi BDI,DF,fr Ligue 1,27-322,1998,4.0,2,0,0,3,4,1,1,8,2,0
1347,Abdoulaye Ndiaye,sn SEN,DF,Parma,it Serie A,24.0,2002,1,1,90,1.0,0,0,0,0,0,0,0,0,0.00,,,,,,,,,,,,,,,,,,,,,,,,,1347,sn SEN,DF,it Serie A,24-157,2002,1.0,0,1,0,0.0,1.00,0.00,0.00,,0,0,1672,sn SEN,DF,it Serie A,24-157,2002,1,90,90,33.3,1.0,1,90,1,0,,2,0.00,0,1,-1,-1.00,0.00,1347,sn SEN,DF,it Serie A,24-157,2002,1.0,0,0,0,3,2,0,0,0,0,0
1348,Iliman Ndiaye,sn SEN,MF,Manchester City,eng Premier League,26.0,2000,2,1,131,1.5,0,0,0,0,0,0,0,0,0.00,,,,,,,,,,,,,,,,,,,,,,,,,1348,sn SEN,MF,eng Premier League,26-192,2000,1.5,0,1,0,0.0,0.69,0.00,0.00,,0,0,1673,sn SEN,MF,eng Premier League,26-192,2000,2,131,66,36.4,1.5,1,86,0,1,45,0,3.00,2,0,+2,+1.37,-0.20,1348,sn SEN,MF,eng Premier League,26-192,2000,1.5,0,0,0,1,7,0,6,1,2,0
1349,Iliman Ndiaye,sn SEN,MF,Everton,eng Premier League,26.0,2000,2,2,180,2.0,0,1,1,0,0,0,0,0,0.50,,,,,,,,,,,,,,,,,,,,,,,,,1349,sn SEN,MF,eng Premier League,26-192,2000,2.0,0,4,3,75.0,2.00,1.50,0.00,0.00,0,0,1674,sn SEN,MF,eng Premier League,26-192,2000,2,180,90,50.0,2.0,2,90,2,0,,0,2.00,3,1,+2,+1.00,+1.00,1349,sn SEN,MF,eng Premier League,26-192,2000,2.0,0,0,0,2,1,0,2,2,1,0
1350,Rassoul Ndiaye,sn SEN,MF,Le Havre,fr Ligue 1,24.0,2001,3,3,225,2.5,0,0,0,0,0,0,0,0,0.00,,,,,,,,,,,,,,,,,,,,,,,,,1350,sn SEN,MF,fr Ligue 1,24-277,2001,2.5,0,6,1,16.7,2.40,0.40,0.00,0.00,0,0,1676,sn SEN,MF,fr Ligue 1,24-277,2001,3,225,75,62.5,2.5,3,75,2,0,,0,0.33,1,3,-2,-0.80,-0.80,1350,sn SEN,MF,fr Ligue 1,24-277,2001,2.5,0,0,0,2,5,1,29,2,2,0
1351,Cher Ndour,it ITA,MF,Fiorentina,it Serie A,22.0,2004,4,3,308,3.4,0,0,0,0,0,0,0,0,0.00,,,,,,,,,,,,,,,,,,,,,,,,,1351,it ITA,MF,it Serie A,22-049,2004,3.4,0,5,1,20.0,1.46,0.29,0.00,0.00,0,0,1677,it ITA,MF,it Serie A,22-049,2004,4,308,77,85.6,3.4,3,80,2,1,67,0,0.75,5,10,-5,-1.46,+0.27,1351,it ITA,MF,it Serie A,22-049,2004,3.4,0,0,0,5,2,0,3,3,3,0
1352,Dan Ndoye,ch SUI,MF,Nottingham,eng Premier League,25.0,2000,4,4,258,2.9,1,0,1,1,0,0,1,0,0.35,,,,,,,,,,,,,,,,,,,,,,,,,1352,ch SUI,MF,eng Premier League,25-324,2000,2.9,1,8,2,25.0,2.79,0.70,0.13,0.50,0,0,1678,ch SUI,MF,eng Premier League,25-324,2000,4,258,65,71.7,2.9,4,65,0,0,,0,1.25,2,2,0,0.00,0.00,1352,ch SUI,MF,eng Premier League,25-324,2000,2.9,1,0,0,8,5,1,0,1,0,0
1353,Ifeanyi Ndukwe,at AUT,DF,Levante,es La Liga,18.0,2008,1,0,20,0.2,0,0,0,0,0,0,0,0,0.00,,,,,,,,,,,,,,,,,,,,,,,,,1353,at AUT,DF,es La Liga,18-195,2008,0.2,0,0,0,,0.00,0.00,,,0,0,1679,at AUT,DF,es La Liga,18-195,2008,1,20,20,4.4,0.2,0,,0,1,20,3,0.00,2,1,+1,+4.50,+5.13,1353,at AUT,DF,es La Liga,18-195,2008,0.2,0,0,0,0,0,0,0,0,1,0
1354,David Neres,br BRA,"FW,MF",Napoli,it Serie A,29.0,1997,2,0,40,0.4,0,0,0,0,0,0,0,0,0.00,,,,,,,,,,,,,,,,,,,,,,,,,1354,br BRA,"FW,MF",it Serie A,29-195,1997,0.4,0,2,0,0.0,4.50,0.00,0.00,,0,0,1680,br BRA,"FW,MF",it Serie A,29-195,1997,2,40,20,11.1,0.4,0,,0,2,20,2,0.00,0,2,-2,-4.50,-5.34,1354,br BRA,"FW,MF",it Serie A,29-195,1997,0.4,0,0,0,1,0,0,0,0,0,0
1355,Martim Neto,pt POR,MF,Elche,es La Liga,23.0,2003,3,1,94,1.0,0,0,0,0,0,0,0,0,0.00,,,,,,,,,,,,,,,,,,,,,,,,,1355,pt POR,MF,es La Liga,23-243,2003,1.0,0,1,0,0.0,0.96,0.00,0.00,,0,0,1681,pt POR,MF,es La Liga,23-243,2003,3,94,31,20.9,1.0,1,59,0,2,18,2,0.67,0,4,-4,-3.83,-3.07,1355,pt POR,MF,es La Liga,23-243,2003,1.0,0,0,0,1,1,0,2,1,0,0
1356,Pedro Neto,pt POR,MF,Chelsea,eng Premier League,26.0,2000,4,3,247,2.7,1,0,1,1,0,0,0,0,0.36,,,,,,,,,,,,,,,,,,,,,,,,,1356,pt POR,MF,eng Premier League,26-189,2000,2.7,1,5,3,60.0,1.82,1.09,0.20,0.33,0,0,1682,pt POR,MF,eng Premier League,26-189,2000,4,247,62,68.6,2.7,3,77,0,1,15,0,1.75,6,6,0,0.00,-0.80,1356,pt POR,MF,eng Premier League,26-189,2000,2.7,0,0,0,3,1,0,17,5,2,0
1357,Luca Netz,de GER,"DF,MF",Nottingham,eng Premier League,23.0,2003,2,0,22,0.2,0,0,0,0,0,0,0,0,0.00,,,,,,,,,,,,,,,,,,,,,,,,,1357,de GER,"DF,MF",eng Premier League,23-122,2003,0.2,0,0,0,,0.00,0.00,,,0,0,1683,de GER,"DF,MF",eng Premier League,23-122,2003,2,22,11,6.1,0.2,0,,0,2,11,2,0.50,0,1,-1,-4.09,-4.36,1357,de GER,"DF,MF",eng Premier League,23-122,2003,0.2,0,0,0,1,0,0,0,0,1,0
1358,Manuel Neuer,de GER,GK,Bayern Munich,de Bundesliga,40.0,1986,2,2,180,2.0,0,0,0,0,0,0,0,0,0.00,65,de GER,GK,de Bundesliga,40-171,1986,2,2,180,2.0,1,0.50,5,4,80.0,1,1,0,1,50.0,0,0,0,0,1358,de GER,GK,de Bundesliga,40-171,1986,2.0,0,0,0,,0.00,0.00,,,0,0,1684,de GER,GK,de Bundesliga,40-171,1986,2,180,90,66.7,2.0,2,90,2,0,,1,2.00,5,1,+4,+2.00,+1.00,1358,de GER,GK,de Bundesliga,40-171,1986,2.0,0,0,0,0,0,0,0,0,0,0
1359,João Neves,pt POR,MF,Paris SG,fr Ligue 1,21.0,2004,3,3,239,2.7,0,0,0,0,0,0,0,0,0.00,,,,,,,,,,,,,,,,,,,,,,,,,1359,pt POR,MF,fr Ligue 1,21-352,2004,2.7,0,7,3,42.9,2.64,1.13,0.00,0.00,0,0,1686,pt POR,MF,fr Ligue 1,21-352,2004,3,239,80,66.4,2.7,3,80,2,0,,0,1.33,2,4,-2,-0.75,-2.24,1359,pt POR,MF,fr Ligue 1,21-352,2004,2.7,0,0,0,4,3,0,0,5,3,0
1360,Oumar Ngom,mr MTN,MF,Lecce,it Serie A,22.0,2004,4,3,231,2.6,0,0,0,0,0,0,1,0,0.00,,,,,,,,,,,,,,,,,,,,,,,,,1360,mr MTN,MF,it Serie A,22-189,2004,2.6,0,3,0,0.0,1.17,0.00,0.00,,0,0,1687,mr MTN,MF,it Serie A,22-189,2004,4,231,58,64.2,2.6,3,69,1,1,25,0,1.50,2,6,-4,-1.56,-2.95,1360,mr MTN,MF,it Serie A,22-189,2004,2.6,1,0,0,3,0,0,1,4,7,0
1361,Nathan Ngoy,be BEL,DF,Lille,fr Ligue 1,23.0,2003,4,4,360,4.0,0,0,0,0,0,0,0,0,0.00,,,,,,,,,,,,,,,,,,,,,,,,,1361,be BEL,DF,fr Ligue 1,23-096,2003,4.0,0,0,0,,0.00,0.00,,,0,0,1688,be BEL,DF,fr Ligue 1,23-096,2003,4,360,90,100.0,4.0,4,90,4,0,,0,2.50,7,2,+5,+1.25,,1361,be BEL,DF,fr Ligue 1,23-096,2003,4.0,0,0,0,5,5,0,0,5,3,0
1362,Mathieu Nguefack,de GER,MF,Gladbach,de Bundesliga,18.0,2008,3,1,125,1.4,0,0,0,0,0,0,1,0,0.00,,,,,,,,,,,,,,,,,,,,,,,,,1362,de GER,MF,de Bundesliga,18-123,2008,1.4,0,2,0,0.0,1.44,0.00,0.00,,0,0,1689,de GER,MF,de Bundesliga,18-123,2008,3,125,42,46.3,1.4,1,90,1,2,18,0,0.00,3,6,-3,-2.16,+1.56,1362,de GER,MF,de Bundesliga,18-123,2008,1.4,1,0,0,3,1,0,3,1,0,0
1363,Rio Ngumoha,eng ENG,MF,Liverpool,eng Premier League,18.0,2008,3,1,101,1.1,0,0,0,0,0,0,0,0,0.00,,,,,,,,,,,,,,,,,,,,,,,,,1363,eng ENG,MF,eng Premier League,18-016,2008,1.1,0,2,0,0.0,1.78,0.00,0.00,,0,0,1690,eng ENG,MF,eng Premier League,18-016,2008,3,101,34,28.1,1.1,1,62,0,2,20,1,1.00,2,2,0,0.00,-0.69,1363,eng ENG,MF,eng Premier League,18-016,2008,1.1,0,0,0,2,2,0,6,0,1,0
1364,Moussa Niakhaté,sn SEN,DF,Lyon,fr Ligue 1,30.0,1996,3,3,270,3.0,0,0,0,0,0,0,0,0,0.00,,,,,,,,,,,,,,,,,,,,,,,,,1364,sn SEN,DF,fr Ligue 1,30-190,1996,3.0,0,0,0,,0.00,0.00,,,0,0,1691,sn SEN,DF,fr Ligue 1,30-190,1996,3,270,90,75.0,3.0,3,90,3,0,,0,1.67,4,2,+2,+0.67,-1.33,1364,sn SEN,DF,fr Ligue 1,30-190,1996,3.0,0,0,0,4,2,1,1,5,0,0
1365,Rasmus Nicolaisen,dk DEN,DF,Toulouse,fr Ligue 1,29.0,1997,3,3,270,3.0,0,0,0,0,0,0,1,0,0.00,,,,,,,,,,,,,,,,,,,,,,,,,1365,dk DEN,DF,fr Ligue 1,29-182,1997,3.0,0,4,0,0.0,1.33,0.00,0.00,,0,0,1693,dk DEN,DF,fr Ligue 1,29-182,1997,3,270,90,75.0,3.0,3,90,3,0,,0,0.33,2,5,-3,-1.00,-1.00,1365,dk DEN,DF,fr Ligue 1,29-182,1997,3.0,1,0,0,4,2,0,0,4,0,0
1366,Moritz Nicolas,de GER,GK,Gladbach,de Bundesliga,28.0,1997,3,3,270,3.0,0,0,0,0,0,0,0,0,0.00,66,de GER,GK,de Bundesliga,28-328,1997,3,3,270,3.0,12,4.00,30,18,60.0,0,0,3,0,0.0,0,0,0,0,1366,de GER,GK,de Bundesliga,28-328,1997,3.0,0,0,0,,0.00,0.00,,,0,0,1694,de GER,GK,de Bundesliga,28-328,1997,3,270,90,100.0,3.0,3,90,3,0,,0,0.00,3,12,-9,-3.00,,1366,de GER,GK,de Bundesliga,28-328,1997,3.0,0,0,0,0,0,0,0,0,0,0
1367,Oliver Nielsen,dk DEN,DF,Lazio,it Serie A,23.0,2003,4,4,360,4.0,0,0,0,0,0,0,1,0,0.00,,,,,,,,,,,,,,,,,,,,,,,,,1367,dk DEN,DF,it Serie A,23-102,2003,4.0,0,1,0,0.0,0.25,0.00,0.00,,0,0,1695,dk DEN,DF,it Serie A,23-102,2003,4,360,90,100.0,4.0,4,90,4,0,,0,2.50,6,3,+3,+0.75,,1367,dk DEN,DF,it Serie A,23-102,2003,4.0,1,0,0,10,1,0,0,4,3,0
1368,Mathys Niflore,fr FRA,GK,Toulouse,fr Ligue 1,19.0,2007,2,1,110,1.2,0,0,0,0,0,0,0,0,0.00,67,fr FRA,GK,fr Ligue 1,19-196,2007,2,1,110,1.2,3,2.45,6,3,50.0,0,1,0,0,0.0,0,0,0,0,1368,fr FRA,GK,fr Ligue 1,19-196,2007,1.2,0,0,0,,0.00,0.00,,,0,0,1696,fr FRA,GK,fr Ligue 1,19-196,2007,2,110,55,30.6,1.2,1,90,1,1,20,2,0.50,2,3,-1,-0.82,-0.10,1368,fr FRA,GK,fr Ligue 1,19-196,2007,1.2,0,0,0,0,0,0,0,0,0,0
1369,Adrian Niño,es ESP,FW,Málaga,es La Liga,22.0,2004,1,0,24,0.3,1,0,1,1,0,0,0,0,3.75,,,,,,,,,,,,,,,,,,,,,,,,,1369,es ESP,FW,es La Liga,22-087,2004,0.3,1,3,1,33.3,11.25,3.75,0.33,1.00,0,0,1697,es ESP,FW,es La Liga,22-087,2004,1,24,24,5.3,0.3,0,,0,1,24,0,1.00,1,0,+1,+3.75,+5.23,1369,es ESP,FW,es La Liga,22-087,2004,0.3,0,0,0,1,1,0,0,0,0,0
1370,Fernando Niño,es ESP,FW,Elche,es La Liga,25.0,2000,5,5,384,4.3,2,0,2,2,0,0,1,0,0.47,,,,,,,,,,,,,,,,,,,,,,,,,1370,es ESP,FW,es La Liga,25-325,2000,4.3,2,8,6,75.0,1.87,1.41,0.25,0.33,0,0,1698,es ESP,FW,es La Liga,25-325,2000,5,384,77,85.3,4.3,5,77,2,0,,0,0.40,5,10,-5,-1.17,+1.56,1370,es ESP,FW,es La Liga,25-325,2000,4.3,1,0,0,3,6,1,0,2,5,0
1371,Alieu Njie,se SWE,FW,Torino,it Serie A,21.0,2005,1,0,21,0.2,0,0,0,0,0,0,0,0,0.00,,,,,,,,,,,,,,,,,,,,,,,,,1371,se SWE,FW,it Serie A,21-123,2005,0.2,0,1,0,0.0,4.29,0.00,0.00,,0,0,1700,se SWE,FW,it Serie A,21-123,2005,1,21,21,7.8,0.2,0,,0,1,21,1,0.00,1,0,+1,+4.29,+5.01,1371,se SWE,FW,it Serie A,21-123,2005,0.2,0,0,0,0,0,0,2,0,0,0
1372,Alieu Njie,se SWE,"MF,FW",Fiorentina,it Serie A,21.0,2005,2,2,157,1.7,0,0,0,0,0,0,1,0,0.00,,,,,,,,,,,,,,,,,,,,,,,,,1372,se SWE,"MF,FW",it Serie A,21-123,2005,1.7,0,4,3,75.0,2.29,1.72,0.00,0.00,0,0,1701,se SWE,"MF,FW",it Serie A,21-123,2005,2,157,79,43.6,1.7,2,79,0,0,,0,1.50,4,2,+2,+1.15,+4.69,1372,se SWE,"MF,FW",it Serie A,21-123,2005,1.7,1,0,0,2,5,0,3,0,3,0
1373,Justin Njinmah,de GER,FW,Werder Bremen,de Bundesliga,25.0,2000,1,1,60,0.7,0,0,0,0,0,0,0,0,0.00,,,,,,,,,,,,,,,,,,,,,,,,,1373,de GER,FW,de Bundesliga,25-303,2000,0.7,0,1,0,0.0,1.50,0.00,0.00,,0,0,1702,de GER,FW,de Bundesliga,25-303,2000,1,60,60,22.2,0.7,1,60,0,0,,0,0.00,0,4,-4,-6.00,-7.29,1373,de GER,FW,de Bundesliga,25-303,2000,0.7,0,0,0,0,2,0,2,0,1,0
1374,Timothée Nkada,fr FRA,FW,Troyes,fr Ligue 1,27.0,1999,2,0,37,0.4,0,0,0,0,0,0,0,0,0.00,,,,,,,,,,,,,,,,,,,,,,,,,1374,fr FRA,FW,fr Ligue 1,27-056,1999,0.4,0,4,1,25.0,9.73,2.43,0.00,0.00,0,0,1703,fr FRA,FW,fr Ligue 1,27-056,1999,2,37,19,10.3,0.4,0,,0,2,19,0,0.00,1,4,-3,-7.30,-6.74,1374,fr FRA,FW,fr Ligue 1,27-056,1999,0.4,0,0,0,0,1,0,0,0,0,0
1375,Eddie Nketiah,eng ENG,"MF,FW",Crystal Palace,eng Premier League,27.0,1999,3,3,166,1.8,0,1,1,0,0,0,0,0,0.54,,,,,,,,,,,,,,,,,,,,,,,,,1375,eng ENG,"MF,FW",eng Premier League,27-107,1999,1.8,0,4,2,50.0,2.17,1.08,0.00,0.00,0,0,1705,eng ENG,"MF,FW",eng Premier League,27-107,1999,3,166,55,46.1,1.8,3,55,0,0,,0,1.00,2,7,-5,-2.71,-2.71,1375,eng ENG,"MF,FW",eng Premier League,27-107,1999,1.8,0,0,0,2,1,1,0,1,4,0
1376,Noel Nkili,de GER,MF,Frankfurt,de Bundesliga,20.0,2005,1,1,58,0.6,0,0,0,0,0,0,0,0,0.00,,,,,,,,,,,,,,,,,,,,,,,,,1376,de GER,MF,de Bundesliga,20-296,2005,0.6,0,0,0,,0.00,0.00,,,0,0,1706,de GER,MF,de Bundesliga,20-296,2005,1,58,58,21.5,0.6,1,58,0,0,,2,3.00,2,0,+2,+3.10,+4.38,1376,de GER,MF,de Bundesliga,20-296,2005,0.6,0,0,0,0,1,0,0,1,1,0
1377,Niels Nkounkou,fr FRA,MF,Nice,fr Ligue 1,25.0,2000,2,2,143,1.6,0,0,0,0,0,0,0,0,0.00,,,,,,,,,,,,,,,,,,,,,,,,,1377,fr FRA,MF,fr Ligue 1,25-317,2000,1.6,0,0,0,,0.00,0.00,,,0,0,1707,fr FRA,MF,fr Ligue 1,25-317,2000,2,143,72,39.7,1.6,2,72,0,0,,0,0.50,1,1,0,0.00,+1.66,1377,fr FRA,MF,fr Ligue 1,25-317,2000,1.6,0,0,0,0,1,0,6,5,1,0
1378,Christopher Nkunku,fr FRA,FW,RB Leipzig,de Bundesliga,28.0,1997,3,1,166,1.8,1,1,2,1,0,0,0,0,1.08,,,,,,,,,,,,,,,,,,,,,,,,,1378,fr FRA,FW,de Bundesliga,28-304,1997,1.8,1,8,4,50.0,4.34,2.17,0.13,0.25,0,0,1708,fr FRA,FW,de Bundesliga,28-304,1997,3,166,55,61.5,1.8,1,83,0,2,42,0,2.00,4,3,+1,+0.54,-3.78,1378,fr FRA,FW,de Bundesliga,28-304,1997,1.8,0,0,0,2,3,0,0,0,1,0
1379,Felix Nmecha,de GER,MF,Dortmund,de Bundesliga,25.0,2000,3,2,144,1.6,2,0,2,2,0,0,0,0,1.25,,,,,,,,,,,,,,,,,,,,,,,,,1379,de GER,MF,de Bundesliga,25-339,2000,1.6,2,5,3,60.0,3.12,1.87,0.40,0.67,0,0,1709,de GER,MF,de Bundesliga,25-339,2000,3,144,48,53.3,1.6,2,59,0,1,26,0,3.00,4,1,+3,+1.87,-0.27,1379,de GER,MF,de Bundesliga,25-339,2000,1.6,0,0,0,2,0,0,0,2,3,0
1380,Lukas Nmecha,de GER,FW,Leeds United,eng Premier League,27.0,1998,2,0,40,0.4,0,1,1,0,0,0,0,0,2.25,,,,,,,,,,,,,,,,,,,,,,,,,1380,de GER,FW,eng Premier League,27-274,1998,0.4,0,3,0,0.0,6.75,0.00,0.00,,0,0,1710,de GER,FW,eng Premier League,27-274,1998,2,40,20,14.8,0.4,0,,0,2,20,1,1.00,1,0,+1,+2.25,+2.25,1380,de GER,FW,eng Premier League,27-274,1998,0.4,0,0,0,0,1,0,2,0,0,0
1381,Tochukwu Nnadi,ng NGA,MF,Marseille,fr Ligue 1,23.0,2003,2,0,35,0.4,0,0,0,0,0,0,0,0,0.00,,,,,,,,,,,,,,,,,,,,,,,,,1381,ng NGA,MF,fr Ligue 1,23-076,2003,0.4,0,0,0,,0.00,0.00,,,0,0,1711,ng NGA,MF,fr Ligue 1,23-076,2003,2,35,18,9.7,0.4,0,,0,2,18,0,1.50,2,1,+1,+2.57,+2.85,1381,ng NGA,MF,fr Ligue 1,23-076,2003,0.4,0,0,0,0,1,0,0,0,2,0
1382,Nahuel Noll,de GER,GK,Paderborn 07,de Bundesliga,23.0,2003,3,3,270,3.0,0,0,0,0,0,0,0,0,0.00,68,de GER,GK,de Bundesliga,23-181,2003,3,3,270,3.0,4,1.33,17,13,76.5,0,1,2,1,33.3,0,0,0,0,1382,de GER,GK,de Bundesliga,23-181,2003,3.0,0,0,0,,0.00,0.00,,,0,0,1712,de GER,GK,de Bundesliga,23-181,2003,3,270,90,100.0,3.0,3,90,3,0,,0,0.33,0,4,-4,-1.33,,1382,de GER,GK,de Bundesliga,23-181,2003,3.0,0,0,0,0,0,0,0,0,0,0
1383,Joseph Nonge,be BEL,MF,Brest,fr Ligue 1,21.0,2005,4,1,119,1.3,0,0,0,0,0,0,0,0,0.00,,,,,,,,,,,,,,,,,,,,,,,,,1383,be BEL,MF,fr Ligue 1,21-122,2005,1.3,0,1,0,0.0,0.76,0.00,0.00,,0,0,1713,be BEL,MF,fr Ligue 1,21-122,2005,4,119,30,33.1,1.3,1,62,0,3,19,0,1.25,3,3,0,0.00,0.00,1383,be BEL,MF,fr Ligue 1,21-122,2005,1.3,0,0,0,2,3,0,2,1,4,0
1384,Arnaud Nordin,fr FRA,"FW,MF",Rennes,fr Ligue 1,28.0,1998,2,0,34,0.4,0,0,0,0,0,0,0,0,0.00,,,,,,,,,,,,,,,,,,,,,,,,,1384,fr FRA,"FW,MF",fr Ligue 1,28-089,1998,0.4,0,2,1,50.0,5.29,2.65,0.00,0.00,0,0,1715,fr FRA,"FW,MF",fr Ligue 1,28-089,1998,2,34,17,9.4,0.4,0,,0,2,17,1,2.00,1,0,+1,+2.65,+2.09,1384,fr FRA,"FW,MF",fr Ligue 1,28-089,1998,0.4,0,0,0,0,0,0,2,1,0,0
1385,Brooke Norton-Cuffy,eng ENG,MF,Genoa,it Serie A,22.0,2004,2,2,180,2.0,0,0,0,0,0,0,0,0,0.00,,,,,,,,,,,,,,,,,,,,,,,,,1385,eng ENG,MF,it Serie A,22-245,2004,2.0,0,1,0,0.0,0.50,0.00,0.00,,0,0,1716,eng ENG,MF,it Serie A,22-245,2004,2,180,90,50.0,2.0,2,90,2,0,,0,0.00,0,3,-3,-1.50,0.00,1385,eng ENG,MF,it Serie A,22-245,2004,2.0,0,0,0,0,1,0,8,0,0,0
1386,Brooke Norton-Cuffy,eng ENG,"DF,MF",Hull City,eng Premier League,22.0,2004,2,0,36,0.4,0,0,0,0,0,0,1,0,0.00,,,,,,,,,,,,,,,,,,,,,,,,,1386,eng ENG,"DF,MF",eng Premier League,22-245,2004,0.4,0,1,0,0.0,2.50,0.00,0.00,,0,0,1717,eng ENG,"DF,MF",eng Premier League,22-245,2004,2,36,18,10.0,0.4,0,,0,2,18,0,1.00,0,0,0,0.00,-0.83,1386,eng ENG,"DF,MF",eng Premier League,22-245,2004,0.4,1,0,0,1,0,0,2,0,0,0
1387,Tijjani Noslin,nl NED,FW,Lazio,it Serie A,27.0,1999,3,1,107,1.2,1,0,1,1,0,0,0,0,0.84,,,,,,,,,,,,,,,,,,,,,,,,,1387,nl NED,FW,it Serie A,27-069,1999,1.2,1,3,2,66.7,2.52,1.68,0.33,0.50,0,0,1718,nl NED,FW,it Serie A,27-069,1999,3,107,36,29.7,1.2,1,57,0,2,25,1,2.33,4,0,+4,+3.36,+3.72,1387,nl NED,FW,it Serie A,27-069,1999,1.2,0,0,0,1,2,2,0,0,0,0
1388,Lucas Noubi,be BEL,DF,Dep. A Coruña,es La Liga,21.0,2005,5,5,450,5.0,0,0,0,0,0,0,1,0,0.00,,,,,,,,,,,,,,,,,,,,,,,,,1388,be BEL,DF,es La Liga,21-242,2005,5.0,0,0,0,,0.00,0.00,,,0,0,1719,be BEL,DF,es La Liga,21-242,2005,5,450,90,100.0,5.0,5,90,5,0,,0,1.80,9,6,+3,+0.60,,1388,be BEL,DF,es La Liga,21-242,2005,5.0,1,0,0,6,5,0,0,7,6,0
1389,Bil Nsongo,cm CMR,"FW,MF",Dep. A Coruña,es La Liga,21.0,2004,5,4,282,3.1,0,0,0,0,0,0,1,0,0.00,,,,,,,,,,,,,,,,,,,,,,,,,1389,cm CMR,"FW,MF",es La Liga,21-358,2004,3.1,0,5,1,20.0,1.60,0.32,0.00,0.00,0,0,1722,cm CMR,"FW,MF",es La Liga,21-358,2004,5,282,56,62.7,3.1,4,69,0,1,6,0,1.80,5,3,+2,+0.64,+0.10,1389,cm CMR,"FW,MF",es La Liga,21-358,2004,3.1,1,0,0,6,3,2,2,0,5,0
1390,Randy Nteka,ao ANG,FW,Rayo Vallecano,es La Liga,28.0,1997,3,1,154,1.7,0,0,0,0,0,0,0,0,0.00,,,,,,,,,,,,,,,,,,,,,,,,,1390,ao ANG,FW,es La Liga,28-282,1997,1.7,0,3,1,33.3,1.75,0.58,0.00,0.00,0,0,1723,ao ANG,FW,es La Liga,28-282,1997,3,154,51,34.2,1.7,1,64,0,2,45,1,0.33,2,3,-1,-0.58,+0.94,1390,ao ANG,FW,es La Liga,28-282,1997,1.7,0,0,0,3,2,0,1,1,1,0
1391,Ernest Nuamah,gh GHA,MF,Lyon,fr Ligue 1,22.0,2003,3,3,231,2.6,1,1,2,1,0,0,0,0,0.78,,,,,,,,,,,,,,,,,,,,,,,,,1391,gh GHA,MF,fr Ligue 1,22-317,2003,2.6,1,8,1,12.5,3.12,0.39,0.13,1.00,0,0,1724,gh GHA,MF,fr Ligue 1,22-317,2003,3,231,77,64.2,2.6,3,77,0,0,,1,1.67,3,2,+1,+0.39,-1.70,1391,gh GHA,MF,fr Ligue 1,22-317,2003,2.6,0,0,0,4,4,0,11,1,0,0
1392,Matheus Nunes,pt POR,DF,Manchester City,eng Premier League,28.0,1998,2,1,124,1.4,0,0,0,0,0,0,0,0,0.00,,,,,,,,,,,,,,,,,,,,,,,,,1392,pt POR,DF,eng Premier League,28-018,1998,1.4,0,0,0,,0.00,0.00,,,0,0,1727,pt POR,DF,eng Premier League,28-018,1998,2,124,62,34.4,1.4,1,90,1,1,34,1,3.00,3,0,+3,+2.18,+1.03,1392,pt POR,DF,eng Premier League,28-018,1998,1.4,0,0,0,0,1,1,3,2,2,0
1393,Álvaro Núñez,es ESP,"MF,DF",Celta Vigo,es La Liga,26.0,2000,2,2,173,1.9,0,0,0,0,0,0,0,0,0.00,,,,,,,,,,,,,,,,,,,,,,,,,1393,es ESP,"MF,DF",es La Liga,26-069,2000,1.9,0,1,1,100.0,0.52,0.52,0.00,0.00,0,0,1728,es ESP,"MF,DF",es La Liga,26-069,2000,2,173,87,32.0,1.9,2,87,1,0,,4,0.50,0,2,-2,-1.04,-0.80,1393,es ESP,"MF,DF",es La Liga,26-069,2000,1.9,0,0,0,2,1,2,2,3,1,0
1394,Marcelino Núñez,cl CHI,MF,Ipswich Town,eng Premier League,26.0,2000,2,2,140,1.6,0,0,0,0,0,0,0,0,0.00,,,,,,,,,,,,,,,,,,,,,,,,,1394,cl CHI,MF,eng Premier League,26-197,2000,1.6,0,1,0,0.0,0.64,0.00,0.00,,0,0,1729,cl CHI,MF,eng Premier League,26-197,2000,2,140,70,38.9,1.6,2,70,0,0,,2,1.50,2,4,-2,-1.29,-0.88,1394,cl CHI,MF,eng Premier League,26-197,2000,1.6,0,0,0,1,0,0,1,1,1,0
1395,Unai Núñez,es ESP,DF,Espanyol,es La Liga,29.0,1997,4,4,355,3.9,0,0,0,0,0,0,0,0,0.00,,,,,,,,,,,,,,,,,,,,,,,,,1395,es ESP,DF,es La Liga,29-227,1997,3.9,0,1,0,0.0,0.25,0.00,0.00,,0,0,1730,es ESP,DF,es La Liga,29-227,1997,4,355,89,78.9,3.9,4,89,3,0,,1,1.00,5,5,0,0.00,-2.84,1395,es ESP,DF,es La Liga,29-227,1997,3.9,0,0,0,0,3,0,0,2,3,0
1396,Antonio Nusa,no NOR,FW,RB Leipzig,de Bundesliga,21.0,2005,3,3,250,2.8,2,2,4,2,0,0,1,0,1.44,,,,,,,,,,,,,,,,,,,,,,,,,1396,no NOR,FW,de Bundesliga,21-150,2005,2.8,2,8,5,62.5,2.88,1.80,0.25,0.40,0,0,1731,no NOR,FW,de Bundesliga,21-150,2005,3,250,83,92.6,2.8,3,83,1,0,,0,2.00,8,3,+5,+1.80,-2.70,1396,no NOR,FW,de Bundesliga,21-150,2005,2.8,1,0,0,1,8,0,6,0,2,0
1397,Ethan Nwaneri,eng ENG,MF,Dortmund,de Bundesliga,19.0,2007,2,1,123,1.4,0,0,0,0,0,0,0,0,0.00,,,,,,,,,,,,,,,,,,,,,,,,,1397,eng ENG,MF,de Bundesliga,19-177,2007,1.4,0,2,1,50.0,1.46,0.73,0.00,0.00,0,0,1733,eng ENG,MF,de Bundesliga,19-177,2007,2,123,62,45.6,1.4,1,64,0,1,59,0,3.00,4,2,+2,+1.46,-0.99,1397,eng ENG,MF,de Bundesliga,19-177,2007,1.4,0,0,0,1,0,0,4,3,1,0
1398,Trey Nyoni,eng ENG,MF,Liverpool,eng Premier League,19.0,2007,2,0,21,0.2,0,0,0,0,0,0,0,0,0.00,,,,,,,,,,,,,,,,,,,,,,,,,1398,eng ENG,MF,eng Premier League,19-076,2007,0.2,0,0,0,,0.00,0.00,,,0,0,1736,eng ENG,MF,eng Premier League,19-076,2007,2,21,11,5.8,0.2,0,,0,2,11,2,2.00,1,0,+1,+4.29,+4.02,1398,eng ENG,MF,eng Premier League,19-076,2007,0.2,0,0,0,0,0,0,0,1,0,0
1399,Jake O'Brien,ie IRL,DF,Everton,eng Premier League,25.0,2001,1,0,16,0.2,0,0,0,0,0,0,0,0,0.00,,,,,,,,,,,,,,,,,,,,,,,,,1399,ie IRL,DF,eng Premier League,25-122,2001,0.2,0,0,0,,0.00,0.00,,,0,0,1737,ie IRL,DF,eng Premier League,25-122,2001,1,16,16,4.4,0.2,0,,0,1,16,3,1.00,0,0,0,0.00,-0.52,1399,ie IRL,DF,eng Premier League,25-122,2001,0.2,0,0,0,0,0,1,0,0,0,0
1400,Luke O'Nien,eng ENG,DF,Sunderland,eng Premier League,31.0,1994,1,1,66,0.7,0,0,0,0,0,0,1,0,0.00,,,,,,,,,,,,,,,,,,,,,,,,,1400,eng ENG,DF,eng Premier League,31-297,1994,0.7,0,1,0,0.0,1.36,0.00,0.00,,0,0,1738,eng ENG,DF,eng Premier League,31-297,1994,1,66,66,18.3,0.7,1,66,0,0,,3,0.00,1,1,0,0.00,+0.61,1400,eng ENG,DF,eng Premier League,31-297,1994,0.7,1,0,0,2,0,0,2,0,0,0
1401,Nico O'Reilly,eng ENG,MF,Manchester City,eng Premier League,21.0,2005,3,2,159,1.8,0,0,0,0,0,0,0,0,0.00,,,,,,,,,,,,,,,,,,,,,,,,,1401,eng ENG,MF,eng Premier League,21-177,2005,1.8,0,2,0,0.0,1.13,0.00,0.00,,0,0,1739,eng ENG,MF,eng Premier League,21-177,2005,3,159,53,44.2,1.8,2,75,0,1,9,0,3.00,4,2,+2,+1.13,-0.66,1401,eng ENG,MF,eng Premier League,21-177,2005,1.8,0,0,0,2,0,0,4,0,1,0
1402,Matt O'Riley,dk DEN,MF,Brighton,eng Premier League,25.0,2000,1,0,7,0.1,0,0,0,0,0,0,0,0,0.00,,,,,,,,,,,,,,,,,,,,,,,,,1402,dk DEN,MF,eng Premier League,25-297,2000,0.1,0,0,0,,0.00,0.00,,,0,0,1740,dk DEN,MF,eng Premier League,25-297,2000,1,7,7,1.9,0.1,0,,0,1,7,2,3.00,1,0,+1,+12.86,+11.07,1402,dk DEN,MF,eng Premier League,25-297,2000,0.1,0,0,0,0,0,0,0,0,0,0
1403,Dara O'Shea,ie IRL,DF,Ipswich Town,eng Premier League,27.0,1999,4,4,360,4.0,0,0,0,0,0,0,0,0,0.00,,,,,,,,,,,,,,,,,,,,,,,,,1403,ie IRL,DF,eng Premier League,27-194,1999,4.0,0,1,0,0.0,0.25,0.00,0.00,,0,0,1741,ie IRL,DF,eng Premier League,27-194,1999,4,360,90,100.0,4.0,4,90,4,0,,0,1.50,7,10,-3,-0.75,,1403,ie IRL,DF,eng Premier League,27-194,1999,4.0,0,0,0,3,3,0,7,3,2,0
1404,Raphael Obermair,ph PHI,MF,Paderborn 07,de Bundesliga,30.0,1996,3,3,270,3.0,0,0,0,0,0,0,0,0,0.00,,,,,,,,,,,,,,,,,,,,,,,,,1404,ph PHI,MF,de Bundesliga,30-166,1996,3.0,0,2,0,0.0,0.67,0.00,0.00,,0,0,1742,ph PHI,MF,de Bundesliga,30-166,1996,3,270,90,100.0,3.0,3,90,3,0,,0,0.33,0,4,-4,-1.33,,1404,ph PHI,MF,de Bundesliga,30-166,1996,3.0,0,0,0,0,0,0,21,9,1,0
1405,Adam Obert,sk SVK,DF,Cagliari,it Serie A,24.0,2002,4,4,356,4.0,0,0,0,0,0,0,0,0,0.00,,,,,,,,,,,,,,,,,,,,,,,,,1405,sk SVK,DF,it Serie A,24-022,2002,4.0,0,3,2,66.7,0.76,0.51,0.00,0.00,0,0,1743,sk SVK,DF,it Serie A,24-022,2002,4,356,89,98.9,4.0,4,89,3,0,,0,2.25,4,2,+2,+0.51,+0.51,1405,sk SVK,DF,it Serie A,24-022,2002,4.0,0,0,0,1,0,3,14,4,6,0
1406,Jan Oblak,si SVN,GK,Atlético Madrid,es La Liga,33.0,1993,5,5,450,5.0,0,0,0,0,0,0,0,0,0.00,69,si SVN,GK,es La Liga,33-250,1993,5,5,450,5.0,6,1.20,19,13,68.4,3,1,1,2,40.0,2,2,0,0,1406,si SVN,GK,es La Liga,33-250,1993,5.0,0,0,0,,0.00,0.00,,,0,0,1744,si SVN,GK,es La Liga,33-250,1993,5,450,90,100.0,5.0,5,90,5,0,,0,2.00,10,6,+4,+0.80,,1406,si SVN,GK,es La Liga,33-250,1993,5.0,0,0,0,0,1,0,0,0,0,0
1407,Justin Oboavwoduo,eng ENG,FW,Juventus,it Serie A,20.0,2006,1,0,4,0.0,0,0,0,0,0,0,0,0,0.00,,,,,,,,,,,,,,,,,,,,,,,,,1407,eng ENG,FW,it Serie A,20-022,2006,0.0,0,0,0,,0.00,0.00,,,0,0,1745,eng ENG,FW,it Serie A,20-022,2006,1,4,4,1.1,0.0,0,,0,1,4,0,0.00,1,2,-1,-22.50,-23.26,1407,eng ENG,FW,it Serie A,20-022,2006,0.0,0,0,0,0,0,0,0,0,0,0
1408,Rafel Obrador,es ESP,DF,Sassuolo,it Serie A,22.0,2004,2,0,41,0.5,0,0,0,0,0,0,0,0,0.00,,,,,,,,,,,,,,,,,,,,,,,,,1408,es ESP,DF,it Serie A,22-202,2004,0.5,0,0,0,,0.00,0.00,,,0,0,1746,es ESP,DF,it Serie A,22-202,2004,2,41,21,11.4,0.5,0,,0,2,21,2,2.00,1,1,0,0.00,-0.28,1408,es ESP,DF,it Serie A,22-202,2004,0.5,0,0,0,0,1,2,2,0,2,0
1409,Job Ochieng',ke KEN,MF,Real Sociedad,es La Liga,23.0,2003,3,2,174,1.9,1,2,3,1,0,0,0,0,1.55,,,,,,,,,,,,,,,,,,,,,,,,,1409,ke KEN,MF,es La Liga,23-240,2003,1.9,1,5,2,40.0,2.59,1.03,0.20,0.50,0,0,1748,ke KEN,MF,es La Liga,23-240,2003,3,174,58,32.2,1.9,2,78,1,1,19,3,1.00,4,7,-3,-1.55,-1.06,1409,ke KEN,MF,es La Liga,23-240,2003,1.9,0,0,0,5,1,0,5,0,1,0
1410,Cas Odenthal,nl NED,DF,Sassuolo,it Serie A,25.0,2000,1,1,90,1.0,1,0,1,1,0,0,0,0,1.00,,,,,,,,,,,,,,,,,,,,,,,,,1410,nl NED,DF,it Serie A,25-353,2000,1.0,1,1,1,100.0,1.00,1.00,1.00,1.00,0,0,1749,nl NED,DF,it Serie A,25-353,2000,1,90,90,25.0,1.0,1,90,1,0,,3,0.00,1,2,-1,-1.00,-1.67,1410,nl NED,DF,it Serie A,25-353,2000,1.0,0,0,0,2,0,0,0,0,0,0
1411,Jens Odgaard,dk DEN,MF,Bologna,it Serie A,27.0,1999,4,3,227,2.5,0,0,0,0,0,0,1,0,0.00,,,,,,,,,,,,,,,,,,,,,,,,,1411,dk DEN,MF,it Serie A,27-167,1999,2.5,0,6,1,16.7,2.38,0.40,0.00,0.00,0,0,1750,dk DEN,MF,it Serie A,27-167,1999,4,227,57,63.1,2.5,3,65,1,1,33,0,0.25,0,3,-3,-1.19,-1.19,1411,dk DEN,MF,it Serie A,27-167,1999,2.5,1,0,0,5,6,2,1,1,0,0
1412,Noah Okafor,ch SUI,"MF,FW",Leeds United,eng Premier League,26.0,2000,3,2,154,1.7,0,0,0,0,0,0,0,0,0.00,,,,,,,,,,,,,,,,,,,,,,,,,1412,ch SUI,"MF,FW",eng Premier League,26-113,2000,1.7,0,2,0,0.0,1.17,0.00,0.00,,0,0,1756,ch SUI,"MF,FW",eng Premier League,26-113,2000,3,154,51,57.0,1.7,2,65,0,1,25,0,1.67,2,1,+1,+0.58,+0.58,1412,ch SUI,"MF,FW",eng Premier League,26-113,2000,1.7,0,0,0,2,2,0,5,1,3,0
1413,Paul Okon-Engstler,au AUS,MF,Köln,de Bundesliga,21.0,2005,3,2,110,1.2,0,0,0,0,0,0,1,0,0.00,,,,,,,,,,,,,,,,,,,,,,,,,1413,au AUS,MF,de Bundesliga,21-233,2005,1.2,0,1,0,0.0,0.82,0.00,0.00,,0,0,1757,au AUS,MF,de Bundesliga,21-233,2005,3,110,37,40.7,1.2,2,55,0,1,1,0,1.33,1,2,-1,-0.82,-0.26,1413,au AUS,MF,de Bundesliga,21-233,2005,1.2,1,0,0,4,0,0,0,0,1,0
1414,Maduka Okoye,ng NGA,GK,Udinese,it Serie A,27.0,1999,3,3,270,3.0,0,0,0,0,0,0,0,0,0.00,70,ng NGA,GK,it Serie A,27-017,1999,3,3,270,3.0,5,1.67,17,12,70.6,1,1,1,0,0.0,0,0,0,0,1414,ng NGA,GK,it Serie A,27-017,1999,3.0,0,0,0,,0.00,0.00,,,0,0,1759,ng NGA,GK,it Serie A,27-017,1999,3,270,90,100.0,3.0,3,90,3,0,,0,1.33,5,5,0,0.00,,1414,ng NGA,GK,it Serie A,27-017,1999,3.0,0,0,0,0,1,0,0,0,0,0
1415,Xanet Olaiz,es ESP,DF,Alavés,es La Liga,21.0,2005,1,0,11,0.1,0,0,0,0,0,0,0,0,0.00,,,,,,,,,,,,,,,,,,,,,,,,,1415,es ESP,DF,es La Liga,21-088,2005,0.1,0,0,0,,0.00,0.00,,,0,0,1760,es ESP,DF,es La Liga,21-088,2005,1,11,11,2.4,0.1,0,,0,1,11,4,3.00,1,0,+1,+8.18,+7.16,1415,es ESP,DF,es La Liga,21-088,2005,0.1,0,0,0,0,0,0,0,0,0,0
1416,Olasagasti,es ESP,MF,Levante,es La Liga,26.0,2000,5,5,413,4.6,1,1,2,1,0,0,0,0,0.44,,,,,,,,,,,,,,,,,,,,,,,,,1416,es ESP,MF,es La Liga,26-029,2000,4.6,1,6,3,50.0,1.31,0.65,0.17,0.33,0,0,1761,es ESP,MF,es La Liga,26-029,2000,5,413,83,91.8,4.6,5,83,3,0,,0,1.00,5,8,-3,-0.65,-3.09,1416,es ESP,MF,es La Liga,26-029,2000,4.6,0,0,0,2,6,0,22,5,7,0
1417,Michael Olise,fr FRA,MF,Bayern Munich,de Bundesliga,24.0,2001,3,2,214,2.4,1,0,1,1,0,0,0,0,0.42,,,,,,,,,,,,,,,,,,,,,,,,,1417,fr FRA,MF,de Bundesliga,24-276,2001,2.4,1,11,4,36.4,4.63,1.68,0.09,0.25,0,0,1762,fr FRA,MF,de Bundesliga,24-276,2001,3,214,71,79.3,2.4,2,90,2,1,34,0,2.33,7,2,+5,+2.10,+2.10,1417,fr FRA,MF,de Bundesliga,24-276,2001,2.4,0,0,0,1,6,1,14,1,0,0
1418,Mathías Olivera,uy URU,DF,Napoli,it Serie A,28.0,1997,3,1,68,0.8,0,0,0,0,0,0,0,0,0.00,,,,,,,,,,,,,,,,,,,,,,,,,1418,uy URU,DF,it Serie A,28-318,1997,0.8,0,2,0,0.0,2.65,0.00,0.00,,0,0,1764,uy URU,DF,it Serie A,28-318,1997,3,68,23,18.9,0.8,1,55,0,2,7,1,2.00,3,2,+1,+1.32,+1.32,1418,uy URU,DF,it Serie A,28-318,1997,0.8,0,0,0,0,0,1,1,1,0,0
1419,Dani Olmo,es ESP,MF,Barcelona,es La Liga,28.0,1998,5,1,158,1.8,0,2,2,0,0,0,0,0,1.14,,,,,,,,,,,,,,,,,,,,,,,,,1419,es ESP,MF,es La Liga,28-130,1998,1.8,0,6,1,16.7,3.42,0.57,0.00,0.00,0,0,1765,es ESP,MF,es La Liga,28-130,1998,5,158,32,35.1,1.8,1,63,0,4,24,0,3.00,10,4,+6,+3.42,+0.03,1419,es ESP,MF,es La Liga,28-130,1998,1.8,0,0,0,0,3,0,4,1,0,0
1420,Tani Oluwaseyi,ca CAN,FW,Villarreal,es La Liga,26.0,2000,3,0,30,0.3,0,0,0,0,0,0,0,0,0.00,,,,,,,,,,,,,,,,,,,,,,,,,1420,ca CAN,FW,es La Liga,26-122,2000,0.3,0,0,0,,0.00,0.00,,,0,0,1766,ca CAN,FW,es La Liga,26-122,2000,3,30,10,8.3,0.3,0,,0,3,10,1,0.33,0,3,-3,-9.00,-9.27,1420,ca CAN,FW,es La Liga,26-122,2000,0.3,0,0,0,2,0,0,0,0,0,0
1421,Warmed Omari,km COM,DF,Hamburger SV,de Bundesliga,26.0,2000,1,0,18,0.2,0,0,0,0,0,0,0,0,0.00,,,,,,,,,,,,,,,,,,,,,,,,,1421,km COM,DF,de Bundesliga,26-144,2000,0.2,0,0,0,,0.00,0.00,,,0,0,1767,km COM,DF,de Bundesliga,26-144,2000,1,18,18,6.7,0.2,0,,0,1,18,0,0.00,0,2,-2,-10.00,-6.43,1421,km COM,DF,de Bundesliga,26-144,2000,0.2,0,0,0,0,0,0,0,1,0,0
1422,Andrew Omobamidele,ie IRL,DF,Strasbourg,fr Ligue 1,24.0,2002,2,2,180,2.0,0,0,0,0,0,0,0,0,0.00,,,,,,,,,,,,,,,,,,,,,,,,,1422,ie IRL,DF,fr Ligue 1,24-083,2002,2.0,0,1,0,0.0,0.50,0.00,0.00,,0,0,1768,ie IRL,DF,fr Ligue 1,24-083,2002,2,180,90,50.0,2.0,2,90,2,0,,0,1.50,2,5,-3,-1.50,-3.50,1422,ie IRL,DF,fr Ligue 1,24-083,2002,2.0,0,0,0,1,0,0,0,4,2,0
1423,Basar Onal,tr TUR,MF,Lille,fr Ligue 1,22.0,2004,3,2,146,1.6,0,0,0,0,0,0,0,0,0.00,,,,,,,,,,,,,,,,,,,,,,,,,1423,tr TUR,MF,fr Ligue 1,22-070,2004,1.6,0,0,0,,0.00,0.00,,,0,0,1769,tr TUR,MF,fr Ligue 1,22-070,2004,3,146,49,40.6,1.6,2,63,0,1,20,1,3.00,4,0,+4,+2.47,+2.05,1423,tr TUR,MF,fr Ligue 1,22-070,2004,1.6,0,0,0,2,4,1,2,0,3,0
1424,Raphael Onyedika,ng NGA,MF,Frankfurt,de Bundesliga,25.0,2001,3,3,270,3.0,0,0,0,0,0,0,2,0,0.00,,,,,,,,,,,,,,,,,,,,,,,,,1424,ng NGA,MF,de Bundesliga,25-148,2001,3.0,0,1,1,100.0,0.33,0.33,0.00,0.00,0,0,1770,ng NGA,MF,de Bundesliga,25-148,2001,3,270,90,100.0,3.0,3,90,3,0,,0,1.33,7,8,-1,-0.33,,1424,ng NGA,MF,de Bundesliga,25-148,2001,3.0,2,0,0,5,1,0,0,3,3,0
1425,Francis Onyeka,de GER,MF,Elversberg,de Bundesliga,19.0,2007,3,3,148,1.6,0,1,1,0,0,0,1,0,0.61,,,,,,,,,,,,,,,,,,,,,,,,,1425,de GER,MF,de Bundesliga,19-138,2007,1.6,0,3,2,66.7,1.82,1.22,0.00,0.00,0,0,1771,de GER,MF,de Bundesliga,19-138,2007,3,148,49,54.8,1.6,3,49,0,0,,0,2.00,5,3,+2,+1.22,+1.95,1425,de GER,MF,de Bundesliga,19-138,2007,1.6,1,0,0,3,2,0,1,3,3,0
1426,Frank Onyeka,ng NGA,MF,Coventry City,eng Premier League,28.0,1998,3,3,224,2.5,0,0,0,0,0,0,0,0,0.00,,,,,,,,,,,,,,,,,,,,,,,,,1426,ng NGA,MF,eng Premier League,28-256,1998,2.5,0,1,1,100.0,0.40,0.40,0.00,0.00,0,0,1772,ng NGA,MF,eng Premier League,28-256,1998,3,224,75,62.2,2.5,3,75,1,0,,0,0.00,0,7,-7,-2.81,-0.83,1426,ng NGA,MF,eng Premier League,28-256,1998,2.5,0,0,0,6,5,0,0,4,1,0
1427,Loïs Openda,be BEL,FW,Lyon,fr Ligue 1,26.0,2000,3,3,254,2.8,1,1,2,1,0,0,1,0,0.71,,,,,,,,,,,,,,,,,,,,,,,,,1427,be BEL,FW,fr Ligue 1,26-210,2000,2.8,1,13,5,38.5,4.61,1.77,0.08,0.20,0,0,1773,be BEL,FW,fr Ligue 1,26-210,2000,3,254,85,70.6,2.8,3,85,2,0,,1,1.67,4,2,+2,+0.71,-0.99,1427,be BEL,FW,fr Ligue 1,26-210,2000,2.8,1,0,0,4,7,4,2,0,0,0
1428,Fredrik Oppegard,no NOR,MF,Auxerre,fr Ligue 1,24.0,2002,2,1,120,1.3,0,0,0,0,0,0,0,0,0.00,,,,,,,,,,,,,,,,,,,,,,,,,1428,no NOR,MF,fr Ligue 1,24-038,2002,1.3,0,0,0,,0.00,0.00,,,0,0,1774,no NOR,MF,fr Ligue 1,24-038,2002,2,120,60,33.3,1.3,1,90,1,1,30,1,1.50,1,2,-1,-0.75,+1.13,1428,no NOR,MF,fr Ligue 1,24-038,2002,1.3,0,0,0,1,0,0,0,2,0,0
1429,Sion Oppong,se SWE,FW,Toulouse,fr Ligue 1,18.0,2007,3,0,59,0.7,0,0,0,0,0,0,0,0,0.00,,,,,,,,,,,,,,,,,,,,,,,,,1429,se SWE,FW,fr Ligue 1,18-354,2007,0.7,0,0,0,,0.00,0.00,,,0,0,1775,se SWE,FW,fr Ligue 1,18-354,2007,3,59,20,16.4,0.7,0,,0,3,20,1,0.67,1,2,-1,-1.53,-0.93,1429,se SWE,FW,fr Ligue 1,18-354,2007,0.7,0,0,0,0,2,0,0,0,2,0
1430,Willi Orban,hu HUN,DF,RB Leipzig,de Bundesliga,33.0,1992,3,3,270,3.0,1,0,1,1,0,0,0,0,0.33,,,,,,,,,,,,,,,,,,,,,,,,,1430,hu HUN,DF,de Bundesliga,33-315,1992,3.0,1,7,2,28.6,2.33,0.67,0.14,0.50,0,0,1776,hu HUN,DF,de Bundesliga,33-315,1992,3,270,90,100.0,3.0,3,90,3,0,,0,2.00,9,3,+6,+2.00,,1430,hu HUN,DF,de Bundesliga,33-315,1992,3.0,0,0,0,1,3,1,2,1,0,0
1431,Christian Ordoñez,ar ARG,MF,Parma,it Serie A,22.0,2004,3,3,195,2.2,0,0,0,0,0,0,0,0,0.00,,,,,,,,,,,,,,,,,,,,,,,,,1431,ar ARG,MF,it Serie A,22-052,2004,2.2,0,3,0,0.0,1.38,0.00,0.00,,0,0,1777,ar ARG,MF,it Serie A,22-052,2004,3,195,65,72.2,2.2,3,65,1,0,,0,0.33,0,2,-2,-0.92,+0.28,1431,ar ARG,MF,it Serie A,22-052,2004,2.2,0,0,0,1,7,0,1,2,4,0
1432,Aimar Oroz,es ESP,"MF,FW",Osasuna,es La Liga,24.0,2001,3,2,150,1.7,0,0,0,0,0,0,0,0,0.00,,,,,,,,,,,,,,,,,,,,,,,,,1432,es ESP,"MF,FW",es La Liga,24-291,2001,1.7,0,2,0,0.0,1.20,0.00,0.00,,0,0,1780,es ESP,"MF,FW",es La Liga,24-291,2001,3,150,50,33.3,1.7,2,71,0,1,9,0,2.33,1,0,+1,+0.60,+1.80,1432,es ESP,"MF,FW",es La Liga,24-291,2001,1.7,0,0,0,2,6,1,3,0,0,0
1433,Riccardo Orsolini,it ITA,MF,Bologna,it Serie A,29.0,1997,2,1,79,0.9,0,0,0,0,0,0,0,0,0.00,,,,,,,,,,,,,,,,,,,,,,,,,1433,it ITA,MF,it Serie A,29-233,1997,0.9,0,0,0,,0.00,0.00,,,0,0,1781,it ITA,MF,it Serie A,29-233,1997,2,79,40,21.9,0.9,1,59,0,1,20,0,0.00,0,1,-1,-1.14,-0.50,1433,it ITA,MF,it Serie A,29-233,1997,0.9,0,0,0,0,1,1,4,0,0,0
1434,Jacobo Ortega,es ESP,FW,Strasbourg,fr Ligue 1,20.0,2006,4,3,242,2.7,1,1,2,1,0,0,0,0,0.74,,,,,,,,,,,,,,,,,,,,,,,,,1434,es ESP,FW,fr Ligue 1,20-108,2006,2.7,1,6,4,66.7,2.23,1.49,0.17,0.25,0,0,1782,es ESP,FW,fr Ligue 1,20-108,2006,4,242,61,67.2,2.7,3,73,0,1,22,0,1.75,5,4,+1,+0.37,+0.37,1434,es ESP,FW,fr Ligue 1,20-108,2006,2.7,0,0,0,6,1,1,3,0,2,0
1435,Ángel Ortíz,es ESP,DF,Real Betis,es La Liga,22.0,2004,1,1,70,0.8,0,0,0,0,0,0,0,0,0.00,,,,,,,,,,,,,,,,,,,,,,,,,1435,es ESP,DF,es La Liga,22-051,2004,0.8,0,1,0,0.0,1.29,0.00,0.00,,0,0,1784,es ESP,DF,es La Liga,22-051,2004,1,70,70,19.4,0.8,1,70,0,0,,3,3.00,0,0,0,0.00,0.00,1435,es ESP,DF,es La Liga,22-051,2004,0.8,0,0,0,1,0,0,0,0,2,0
1436,Arnau Ortiz,es ESP,MF,Atlético Madrid,es La Liga,24.0,2001,4,1,129,1.4,0,0,0,0,0,0,0,0,0.00,,,,,,,,,,,,,,,,,,,,,,,,,1436,es ESP,MF,es La Liga,24-320,2001,1.4,0,2,0,0.0,1.40,0.00,0.00,,0,0,1785,es ESP,MF,es La Liga,24-320,2001,4,129,32,28.7,1.4,1,56,0,3,24,1,2.25,3,1,+2,+1.40,+0.83,1436,es ESP,MF,es La Liga,24-320,2001,1.4,0,0,0,1,3,1,3,0,0,0
1437,Asier Osambela,es ESP,DF,Osasuna,es La Liga,22.0,2004,3,1,128,1.4,0,0,0,0,0,0,0,0,0.00,,,,,,,,,,,,,,,,,,,,,,,,,1437,es ESP,DF,es La Liga,22-218,2004,1.4,0,1,0,0.0,0.70,0.00,0.00,,0,0,1786,es ESP,DF,es La Liga,22-218,2004,3,128,43,28.4,1.4,1,90,1,2,19,2,1.00,2,2,0,0.00,+0.84,1437,es ESP,DF,es La Liga,22-218,2004,1.4,0,0,0,5,1,0,5,2,1,0
1438,Milutin Osmajić,me MNE,FW,Genoa,it Serie A,27.0,1999,3,2,208,2.3,1,0,1,1,0,0,0,0,0.43,,,,,,,,,,,,,,,,,,,,,,,,,1438,me MNE,FW,it Serie A,27-051,1999,2.3,1,4,1,25.0,1.73,0.43,0.25,1.00,0,0,1787,me MNE,FW,it Serie A,27-051,1999,3,208,69,57.8,2.3,2,90,2,1,28,0,0.33,2,5,-3,-1.30,+0.48,1438,me MNE,FW,it Serie A,27-051,1999,2.3,0,0,0,2,6,0,0,0,0,0
1439,Ibrahim Osman,gh GHA,"FW,MF",Brighton,eng Premier League,21.0,2004,3,0,43,0.5,0,0,0,0,0,0,0,0,0.00,,,,,,,,,,,,,,,,,,,,,,,,,1439,gh GHA,"FW,MF",eng Premier League,21-289,2004,0.5,0,2,0,0.0,4.19,0.00,0.00,,0,0,1788,gh GHA,"FW,MF",eng Premier League,21-289,2004,3,43,14,11.9,0.5,0,,0,3,14,1,2.00,3,0,+3,+6.28,+4.86,1439,gh GHA,"FW,MF",eng Premier League,21-289,2004,0.5,0,0,0,1,2,0,3,0,1,0
1440,Abiel Osorio,ar ARG,FW,Elche,es La Liga,24.0,2002,2,0,58,0.6,0,0,0,0,0,0,1,0,0.00,,,,,,,,,,,,,,,,,,,,,,,,,1440,ar ARG,FW,es La Liga,24-093,2002,0.6,0,3,1,33.3,4.66,1.55,0.00,0.00,0,0,1789,ar ARG,FW,es La Liga,24-093,2002,2,58,29,12.9,0.6,0,,0,2,29,1,0.50,2,2,0,0.00,+1.61,1440,ar ARG,FW,es La Liga,24-093,2002,0.6,1,0,0,3,2,1,0,1,0,0
1441,Darío Osorio,cl CHI,"FW,MF",Crystal Palace,eng Premier League,22.0,2004,1,0,2,0.0,0,0,0,0,0,0,0,0,0.00,,,,,,,,,,,,,,,,,,,,,,,,,1441,cl CHI,"FW,MF",eng Premier League,22-233,2004,0.0,0,0,0,,0.00,0.00,,,0,0,1790,cl CHI,"FW,MF",eng Premier League,22-233,2004,1,2,2,0.6,0.0,0,,0,1,2,0,3.00,0,0,0,0.00,+1.26,1441,cl CHI,"FW,MF",eng Premier League,22-233,2004,0.0,0,0,0,0,0,1,0,0,0,0
1442,William Osula,dk DEN,FW,Newcastle,eng Premier League,23.0,2003,1,1,55,0.6,0,1,1,0,0,0,0,0,1.64,,,,,,,,,,,,,,,,,,,,,,,,,1442,dk DEN,FW,eng Premier League,23-041,2003,0.6,0,2,0,0.0,3.27,0.00,0.00,,0,0,1791,dk DEN,FW,eng Premier League,23-041,2003,1,55,55,20.4,0.6,1,55,0,0,,0,1.00,1,1,0,0.00,-0.84,1442,dk DEN,FW,eng Premier League,23-041,2003,0.6,0,0,0,0,0,0,0,0,1,0
1443,Otávio,br BRA,DF,Frankfurt,de Bundesliga,20.0,2005,1,0,6,0.1,0,0,0,0,0,0,1,0,0.00,,,,,,,,,,,,,,,,,,,,,,,,,1443,br BRA,DF,de Bundesliga,20-293,2005,0.1,0,0,0,,0.00,0.00,,,0,0,1792,br BRA,DF,de Bundesliga,20-293,2005,1,6,6,2.2,0.1,0,,0,1,6,2,1.00,0,1,-1,-15.00,-15.00,1443,br BRA,DF,de Bundesliga,20-293,2005,0.1,1,0,0,2,0,0,0,0,0,0
1444,Sebastian Otoa,dk DEN,DF,Genoa,it Serie A,22.0,2004,1,0,25,0.3,0,0,0,0,0,0,0,0,0.00,,,,,,,,,,,,,,,,,,,,,,,,,1444,dk DEN,DF,it Serie A,22-124,2004,0.3,0,0,0,,0.00,0.00,,,0,0,1793,dk DEN,DF,it Serie A,22-124,2004,1,25,25,6.9,0.3,0,,0,1,25,3,0.00,0,2,-2,-7.20,-6.13,1444,dk DEN,DF,it Serie A,22-124,2004,0.3,0,0,0,0,0,0,0,0,1,0
1445,David Otorbi,es ESP,MF,Valencia,es La Liga,18.0,2007,4,2,199,2.2,0,0,0,0,0,0,0,0,0.00,,,,,,,,,,,,,,,,,,,,,,,,,1445,es ESP,MF,es La Liga,18-333,2007,2.2,0,1,0,0.0,0.45,0.00,0.00,,0,0,1794,es ESP,MF,es La Liga,18-333,2007,4,199,50,44.2,2.2,2,83,1,2,17,1,0.00,0,4,-4,-1.81,-0.02,1445,es ESP,MF,es La Liga,18-333,2007,2.2,0,0,0,0,2,0,8,1,1,0
1446,Zakaria El Ouahdi,ma MAR,MF,Hamburger SV,de Bundesliga,24.0,2001,2,2,178,2.0,0,0,0,0,0,0,1,0,0.00,,,,,,,,,,,,,,,,,,,,,,,,,1446,ma MAR,MF,de Bundesliga,24-257,2001,2.0,0,2,1,50.0,1.01,0.51,0.00,0.00,0,0,1796,ma MAR,MF,de Bundesliga,24-257,2001,2,178,89,65.9,2.0,2,89,1,0,,0,0.00,0,10,-10,-5.06,-3.10,1446,ma MAR,MF,de Bundesliga,24-257,2001,2.0,1,0,0,3,3,0,2,0,0,0
1447,Abdoul Ouattara,fr FRA,MF,Ipswich Town,eng Premier League,20.0,2005,4,0,45,0.5,0,0,0,0,0,0,0,0,0.00,,,,,,,,,,,,,,,,,,,,,,,,,1447,fr FRA,MF,eng Premier League,20-327,2005,0.5,0,0,0,,0.00,0.00,,,0,0,1797,fr FRA,MF,eng Premier League,20-327,2005,4,45,11,12.5,0.5,0,,0,4,11,0,1.50,3,1,+2,+4.00,+5.43,1447,fr FRA,MF,eng Premier League,20-327,2005,0.5,0,0,0,0,0,0,0,0,1,0
1448,Dango Ouattara,bf BFA,MF,Brentford,eng Premier League,24.0,2002,4,2,172,1.9,0,0,0,0,0,0,0,0,0.00,,,,,,,,,,,,,,,,,,,,,,,,,1448,bf BFA,MF,eng Premier League,24-215,2002,1.9,0,4,0,0.0,2.09,0.00,0.00,,0,0,1798,bf BFA,MF,eng Premier League,24-215,2002,4,172,43,47.8,1.9,2,56,0,2,31,0,1.50,3,1,+2,+1.05,+0.57,1448,bf BFA,MF,eng Premier League,24-215,2002,1.9,0,0,0,5,3,1,4,3,1,0
1449,Amine El Ouazzani,ma MAR,FW,Angers,fr Ligue 1,25.0,2001,4,4,304,3.4,1,1,2,1,0,0,0,0,0.59,,,,,,,,,,,,,,,,,,,,,,,,,1449,ma MAR,FW,fr Ligue 1,25-061,2001,3.4,1,9,2,22.2,2.66,0.59,0.11,0.50,0,0,1799,ma MAR,FW,fr Ligue 1,25-061,2001,4,304,76,84.4,3.4,4,76,0,0,,0,1.00,4,5,-1,-0.30,-0.30,1449,ma MAR,FW,fr Ligue 1,25-061,2001,3.4,0,0,0,3,7,0,0,1,3,0
1450,Assan Ouédraogo,de GER,MF,RB Leipzig,de Bundesliga,20.0,2006,1,1,34,0.4,0,0,0,0,0,0,0,0,0.00,,,,,,,,,,,,,,,,,,,,,,,,,1450,de GER,MF,de Bundesliga,20-128,2006,0.4,0,1,0,0.0,2.65,0.00,0.00,,0,0,1800,de GER,MF,de Bundesliga,20-128,2006,1,34,34,12.6,0.4,1,34,0,0,,0,3.00,2,0,+2,+5.29,+3.77,1450,de GER,MF,de Bundesliga,20-128,2006,0.4,0,0,0,0,1,0,1,1,0,0
1451,Mohamed Ouédraogo,bf BFA,DF,Lyon,fr Ligue 1,23.0,2003,1,1,90,1.0,0,0,0,0,0,0,0,0,0.00,,,,,,,,,,,,,,,,,,,,,,,,,1451,bf BFA,DF,fr Ligue 1,23-255,2003,1.0,0,0,0,,0.00,0.00,,,0,0,1801,bf BFA,DF,fr Ligue 1,23-255,2003,1,90,90,25.0,1.0,1,90,1,0,,0,3.00,2,0,+2,+2.00,+1.33,1451,bf BFA,DF,fr Ligue 1,23-255,2003,1.0,0,0,0,2,1,0,1,4,0,0
1452,Anis Ouzenadji,fr FRA,DF,Troyes,fr Ligue 1,19.0,2006,4,4,360,4.0,0,1,1,0,0,0,0,0,0.25,,,,,,,,,,,,,,,,,,,,,,,,,1452,fr FRA,DF,fr Ligue 1,19-314,2006,4.0,0,1,0,0.0,0.25,0.00,0.00,,0,0,1802,fr FRA,DF,fr Ligue 1,19-314,2006,4,360,90,100.0,4.0,4,90,4,0,,0,1.00,4,9,-5,-1.25,,1452,fr FRA,DF,fr Ligue 1,19-314,2006,4.0,0,0,0,4,10,0,18,4,6,0
1453,Djibril Ouziad,fr FRA,"MF,DF",Le Havre,fr Ligue 1,17.0,2009,3,2,155,1.7,0,0,0,0,0,0,0,0,0.00,,,,,,,,,,,,,,,,,,,,,,,,,1453,fr FRA,"MF,DF",fr Ligue 1,17-140,2009,1.7,0,3,0,0.0,1.74,0.00,0.00,,0,0,1803,fr FRA,"MF,DF",fr Ligue 1,17-140,2009,3,155,52,43.1,1.7,2,72,0,1,12,1,0.67,0,0,0,0.00,+0.88,1453,fr FRA,"MF,DF",fr Ligue 1,17-140,2009,1.7,0,0,0,3,4,0,9,2,1,0
1454,Mikel Oyarzabal,es ESP,"FW,MF",Real Sociedad,es La Liga,29.0,1997,6,5,415,4.6,0,2,2,0,0,0,1,0,0.43,,,,,,,,,,,,,,,,,,,,,,,,,1454,es ESP,"FW,MF",es La Liga,29-146,1997,4.6,0,8,4,50.0,1.73,0.87,0.00,0.00,0,0,1805,es ESP,"FW,MF",es La Liga,29-146,1997,6,415,69,76.9,4.6,5,76,1,1,33,0,1.17,5,4,+1,+0.22,+4.54,1454,es ESP,"FW,MF",es La Liga,29-146,1997,4.6,1,0,0,4,8,0,2,2,3,0
1455,Anthony Oyono,ga GAB,DF,Frosinone,it Serie A,25.0,2001,4,3,294,3.3,0,1,1,0,0,0,1,0,0.31,,,,,,,,,,,,,,,,,,,,,,,,,1455,ga GAB,DF,it Serie A,25-155,2001,3.3,0,6,1,16.7,1.84,0.31,0.00,0.00,0,0,1806,ga GAB,DF,it Serie A,25-155,2001,4,294,74,81.7,3.3,3,90,3,1,24,0,1.75,7,3,+4,+1.22,+2.59,1455,ga GAB,DF,it Serie A,25-155,2001,3.3,1,0,0,6,7,0,5,7,7,0
1456,Berke Özer,tr TUR,GK,Lille,fr Ligue 1,26.0,2000,4,4,360,4.0,0,0,0,0,0,0,0,0,0.00,71,tr TUR,GK,fr Ligue 1,26-112,2000,4,4,360,4.0,2,0.50,16,14,87.5,3,1,0,3,75.0,0,0,0,0,1456,tr TUR,GK,fr Ligue 1,26-112,2000,4.0,0,0,0,,0.00,0.00,,,0,0,1807,tr TUR,GK,fr Ligue 1,26-112,2000,4,360,90,100.0,4.0,4,90,4,0,,0,2.50,7,2,+5,+1.25,,1456,tr TUR,GK,fr Ligue 1,26-112,2000,4.0,0,0,0,0,2,0,0,0,0,0
1457,Jon Pacheco,es ESP,DF,Real Sociedad,es La Liga,25.0,2001,1,0,21,0.2,0,0,0,0,0,0,0,0,0.00,,,,,,,,,,,,,,,,,,,,,,,,,1457,es ESP,DF,es La Liga,25-249,2001,0.2,0,0,0,,0.00,0.00,,,0,0,1809,es ESP,DF,es La Liga,25-249,2001,1,21,21,3.9,0.2,0,,0,1,21,3,3.00,1,1,0,0.00,+0.87,1457,es ESP,DF,es La Liga,25-249,2001,0.2,0,0,0,0,0,0,0,0,1,0
1458,Willian Pacho,ec ECU,DF,Paris SG,fr Ligue 1,24.0,2001,4,4,360,4.0,0,0,0,0,0,0,0,0,0.00,,,,,,,,,,,,,,,,,,,,,,,,,1458,ec ECU,DF,fr Ligue 1,24-333,2001,4.0,0,1,0,0.0,0.25,0.00,0.00,,0,0,1810,ec ECU,DF,fr Ligue 1,24-333,2001,4,360,90,100.0,4.0,4,90,4,0,,0,1.25,6,6,0,0.00,,1458,ec ECU,DF,fr Ligue 1,24-333,2001,4.0,0,0,0,1,1,0,0,5,5,0
1459,Álvaro Padilla,es ESP,FW,Elche,es La Liga,20.0,2006,1,0,10,0.1,0,0,0,0,0,0,0,0,0.00,,,,,,,,,,,,,,,,,,,,,,,,,1459,es ESP,FW,es La Liga,20-256,2006,0.1,0,0,0,,0.00,0.00,,,0,0,1813,es ESP,FW,es La Liga,20-256,2006,1,10,10,2.2,0.1,0,,0,1,10,2,1.00,0,0,0,0.00,+1.43,1459,es ESP,FW,es La Liga,20-256,2006,0.1,0,0,0,0,0,0,0,0,0,0
1460,Pablo Pagis,fr FRA,MF,Paris FC,fr Ligue 1,23.0,2002,4,4,292,3.2,0,1,1,0,0,0,0,0,0.31,,,,,,,,,,,,,,,,,,,,,,,,,1460,fr FRA,MF,fr Ligue 1,23-259,2002,3.2,0,6,0,0.0,1.85,0.00,0.00,,0,0,1814,fr FRA,MF,fr Ligue 1,23-259,2002,4,292,73,81.1,3.2,4,73,0,0,,0,2.00,4,2,+2,+0.62,-2.03,1460,fr FRA,MF,fr Ligue 1,23-259,2002,3.2,0,0,0,5,4,1,10,3,3,0
1461,Igor Paixão,br BRA,MF,Marseille,fr Ligue 1,26.0,2000,3,3,248,2.8,0,0,0,0,0,0,1,0,0.00,,,,,,,,,,,,,,,,,,,,,,,,,1461,br BRA,MF,fr Ligue 1,26-078,2000,2.8,0,4,2,50.0,1.45,0.73,0.00,0.00,0,0,1816,br BRA,MF,fr Ligue 1,26-078,2000,3,248,83,68.9,2.8,3,83,1,0,,0,1.00,6,3,+3,+1.09,+3.50,1461,br BRA,MF,fr Ligue 1,26-078,2000,2.8,1,0,0,6,6,1,8,0,1,0
1462,César Palacios,es ESP,MF,Fulham,eng Premier League,21.0,2004,3,3,207,2.3,1,0,1,1,0,0,1,0,0.43,,,,,,,,,,,,,,,,,,,,,,,,,1462,es ESP,MF,eng Premier League,21-307,2004,2.3,1,8,2,25.0,3.48,0.87,0.13,0.50,0,0,1817,es ESP,MF,eng Premier League,21-307,2004,3,207,69,57.5,2.3,3,69,0,0,,1,0.00,4,6,-2,-0.87,-0.28,1462,es ESP,MF,eng Premier League,21-307,2004,2.3,1,0,0,5,0,0,1,1,1,0
1463,Exequiel Palacios,ar ARG,MF,Ipswich Town,eng Premier League,27.0,1998,3,2,196,2.2,0,0,0,0,0,0,0,0,0.00,,,,,,,,,,,,,,,,,,,,,,,,,1463,ar ARG,MF,eng Premier League,27-344,1998,2.2,0,0,0,,0.00,0.00,,,0,0,1818,ar ARG,MF,eng Premier League,27-344,1998,3,196,65,54.4,2.2,2,84,1,1,29,0,1.00,4,6,-2,-0.92,-0.37,1463,ar ARG,MF,eng Premier League,27-344,1998,2.2,0,0,0,4,5,0,0,5,4,0
1464,Isaac Palazón Camacho,es ESP,MF,Rayo Vallecano,es La Liga,31.0,1994,2,2,79,0.9,0,0,0,0,0,0,0,0,0.00,,,,,,,,,,,,,,,,,,,,,,,,,1464,es ESP,MF,es La Liga,31-261,1994,0.9,0,1,0,0.0,1.14,0.00,0.00,,0,0,1819,es ESP,MF,es La Liga,31-261,1994,2,79,40,17.6,0.9,2,40,0,0,,0,0.50,1,1,0,0.00,+1.46,1464,es ESP,MF,es La Liga,31-261,1994,0.9,0,0,0,1,1,0,3,0,1,0
1465,Matteo Palma,de GER,DF,Udinese,it Serie A,18.0,2008,1,1,45,0.5,0,0,0,0,0,0,0,0,0.00,,,,,,,,,,,,,,,,,,,,,,,,,1465,de GER,DF,it Serie A,18-185,2008,0.5,0,0,0,,0.00,0.00,,,0,0,1821,de GER,DF,it Serie A,18-185,2008,1,45,45,16.7,0.5,1,45,0,0,,0,1.00,1,0,+1,+2.00,+2.40,1465,de GER,DF,it Serie A,18-185,2008,0.5,0,0,0,0,1,0,0,0,1,0
1466,Cole Palmer,eng ENG,MF,Chelsea,eng Premier League,24.0,2002,4,4,352,3.9,2,2,4,2,0,0,1,0,1.02,,,,,,,,,,,,,,,,,,,,,,,,,1466,eng ENG,MF,eng Premier League,24-131,2002,3.9,2,15,5,33.3,3.84,1.28,0.13,0.40,0,0,1822,eng ENG,MF,eng Premier League,24-131,2002,4,352,88,97.8,3.9,4,88,3,0,,0,1.75,10,9,+1,+0.26,+0.26,1466,eng ENG,MF,eng Premier League,24-131,2002,3.9,1,0,0,3,5,1,4,1,1,0
1467,Emerson Palmieri,it ITA,DF,Marseille,fr Ligue 1,32.0,1994,4,4,359,4.0,0,0,0,0,0,0,0,0,0.00,,,,,,,,,,,,,,,,,,,,,,,,,1467,it ITA,DF,fr Ligue 1,32-042,1994,4.0,0,3,1,33.3,0.75,0.25,0.00,0.00,0,0,1823,it ITA,DF,fr Ligue 1,32-042,1994,4,359,90,99.7,4.0,4,90,3,0,,0,0.75,6,6,0,0.00,0.00,1467,it ITA,DF,fr Ligue 1,32-042,1994,4.0,0,0,0,3,6,0,16,4,3,0
1468,Lorenzo Palmisani,it ITA,GK,Frosinone,it Serie A,22.0,2004,4,4,360,4.0,0,0,0,0,0,0,0,0,0.00,72,it ITA,GK,it Serie A,22-094,2004,4,4,360,4.0,4,1.00,18,14,77.8,2,1,1,1,25.0,1,0,0,1,1468,it ITA,GK,it Serie A,22-094,2004,4.0,0,0,0,,0.00,0.00,,,0,0,1824,it ITA,GK,it Serie A,22-094,2004,4,360,90,100.0,4.0,4,90,4,0,,0,1.75,7,4,+3,+0.75,,1468,it ITA,GK,it Serie A,22-094,2004,4.0,0,0,0,0,1,0,0,0,0,0
1469,Aitor Paredes,es ESP,DF,Athletic Club,es La Liga,26.0,2000,3,2,208,2.3,1,0,1,1,0,0,0,0,0.43,,,,,,,,,,,,,,,,,,,,,,,,,1469,es ESP,DF,es La Liga,26-138,2000,2.3,1,1,1,100.0,0.43,0.43,1.00,1.00,0,0,1827,es ESP,DF,es La Liga,26-138,2000,3,208,69,46.2,2.3,2,82,1,1,45,2,2.00,5,3,+2,+0.87,+1.24,1469,es ESP,DF,es La Liga,26-138,2000,2.3,0,0,0,3,1,0,2,1,2,0
1470,Troy Parrott,ie IRL,FW,Real Betis,es La Liga,24.0,2002,3,1,99,1.1,1,0,1,1,0,0,0,0,0.91,,,,,,,,,,,,,,,,,,,,,,,,,1470,ie IRL,FW,es La Liga,24-222,2002,1.1,1,4,1,25.0,3.64,0.91,0.25,1.00,0,0,1829,ie IRL,FW,es La Liga,24-222,2002,3,99,33,27.5,1.1,1,56,0,2,22,0,2.00,4,3,+1,+0.91,+1.25,1470,ie IRL,FW,es La Liga,24-222,2002,1.1,0,0,0,1,1,1,0,0,3,0
1471,Mario Pašalić,hr CRO,MF,Atalanta,it Serie A,31.0,1995,4,2,179,2.0,0,0,0,0,0,0,0,0,0.00,,,,,,,,,,,,,,,,,,,,,,,,,1471,hr CRO,MF,it Serie A,31-217,1995,2.0,0,0,0,,0.00,0.00,,,0,0,1830,hr CRO,MF,it Serie A,31-217,1995,4,179,45,49.7,2.0,2,75,1,2,15,0,1.50,2,3,-1,-0.50,-1.00,1471,hr CRO,MF,it Serie A,31-217,1995,2.0,0,0,0,1,0,0,0,1,0,0
1472,Nathan Patterson,sct SCO,DF,Torino,it Serie A,24.0,2001,1,0,35,0.4,0,0,0,0,0,0,0,0,0.00,,,,,,,,,,,,,,,,,,,,,,,,,1472,sct SCO,DF,it Serie A,24-333,2001,0.4,0,0,0,,0.00,0.00,,,0,0,1833,sct SCO,DF,it Serie A,24-333,2001,1,35,35,13.0,0.4,0,,0,1,35,0,3.00,2,0,+2,+5.14,+6.29,1472,sct SCO,DF,it Serie A,24-333,2001,0.4,0,0,0,0,0,0,1,0,0,0
1473,Benjamin Pavard,fr FRA,DF,Inter,it Serie A,30.0,1996,1,1,90,1.0,0,0,0,0,0,0,0,0,0.00,,,,,,,,,,,,,,,,,,,,,,,,,1473,fr FRA,DF,it Serie A,30-170,1996,1.0,0,1,0,0.0,1.00,0.00,0.00,,0,0,1835,fr FRA,DF,it Serie A,30-170,1996,1,90,90,33.3,1.0,1,90,1,0,,2,3.00,1,0,+1,+1.00,-1.00,1473,fr FRA,DF,it Serie A,30-170,1996,1.0,0,0,0,0,0,0,1,1,1,0
1474,Aleksandar Pavlovic,de GER,MF,Bayern Munich,de Bundesliga,22.0,2004,3,3,246,2.7,1,1,2,1,0,0,1,0,0.73,,,,,,,,,,,,,,,,,,,,,,,,,1474,de GER,MF,de Bundesliga,22-134,2004,2.7,1,6,2,33.3,2.20,0.73,0.17,0.50,0,0,1836,de GER,MF,de Bundesliga,22-134,2004,3,246,82,91.1,2.7,3,82,1,0,,0,2.33,6,2,+4,+1.46,-2.29,1474,de GER,MF,de Bundesliga,22-134,2004,2.7,1,0,0,7,2,0,2,3,3,0
1475,Strahinja Pavlović,rs SRB,DF,Milan,it Serie A,25.0,2001,4,4,360,4.0,0,0,0,0,0,0,2,0,0.00,,,,,,,,,,,,,,,,,,,,,,,,,1475,rs SRB,DF,it Serie A,25-113,2001,4.0,0,3,1,33.3,0.75,0.25,0.00,0.00,0,0,1837,rs SRB,DF,it Serie A,25-113,2001,4,360,90,100.0,4.0,4,90,4,0,,0,2.00,7,4,+3,+0.75,,1475,rs SRB,DF,it Serie A,25-113,2001,4.0,2,0,0,2,5,0,0,1,10,0
1476,Nicolás Paz,ar ARG,MF,Como,it Serie A,22.0,2004,3,3,247,2.7,1,0,1,1,0,0,0,0,0.36,,,,,,,,,,,,,,,,,,,,,,,,,1476,ar ARG,MF,it Serie A,22-006,2004,2.7,1,12,3,25.0,4.37,1.09,0.08,0.33,0,0,1838,ar ARG,MF,it Serie A,22-006,2004,3,247,82,91.5,2.7,3,82,0,0,,0,2.33,7,3,+4,+1.46,+1.46,1476,ar ARG,MF,it Serie A,22-006,2004,2.7,0,0,0,7,5,0,3,1,5,0
1477,Marcus Pedersen,no NOR,MF,Torino,it Serie A,26.0,2000,1,1,69,0.8,0,0,0,0,0,0,0,0,0.00,,,,,,,,,,,,,,,,,,,,,,,,,1477,no NOR,MF,it Serie A,26-060,2000,0.8,0,0,0,,0.00,0.00,,,0,0,1839,no NOR,MF,it Serie A,26-060,2000,1,69,69,25.6,0.8,1,69,0,0,,0,0.00,0,2,-2,-2.61,-3.06,1477,no NOR,MF,it Serie A,26-060,2000,0.8,0,0,0,1,1,1,1,0,1,0
1478,Alfonso Pedraza,es ESP,DF,Lazio,it Serie A,30.0,1996,3,1,106,1.2,0,0,0,0,0,0,0,0,0.00,,,,,,,,,,,,,,,,,,,,,,,,,1478,es ESP,DF,it Serie A,30-158,1996,1.2,0,1,0,0.0,0.85,0.00,0.00,,0,0,1840,es ESP,DF,it Serie A,30-158,1996,3,106,35,29.4,1.2,1,77,0,2,15,1,3.00,1,0,+1,+0.85,+0.14,1478,es ESP,DF,it Serie A,30-158,1996,1.2,0,0,0,3,1,1,6,0,0,0
1479,Pedri,es ESP,MF,Barcelona,es La Liga,23.0,2002,5,4,351,3.9,1,1,2,1,0,0,0,0,0.51,,,,,,,,,,,,,,,,,,,,,,,,,1479,es ESP,MF,es La Liga,23-293,2002,3.9,1,4,1,25.0,1.03,0.26,0.25,1.00,0,0,1841,es ESP,MF,es La Liga,23-293,2002,5,351,70,78.0,3.9,4,76,0,1,46,0,3.00,17,2,+15,+3.85,+2.03,1479,es ESP,MF,es La Liga,23-293,2002,3.9,0,0,0,1,5,0,4,1,5,0
1480,Zé Pedro Figueiredo,pt POR,DF,Cagliari,it Serie A,29.0,1997,4,4,312,3.5,0,0,0,0,0,0,1,0,0.00,,,,,,,,,,,,,,,,,,,,,,,,,1480,pt POR,DF,it Serie A,29-100,1997,3.5,0,1,0,0.0,0.29,0.00,0.00,,0,0,1842,pt POR,DF,it Serie A,29-100,1997,4,312,78,86.7,3.5,4,78,2,0,,0,2.25,3,2,+1,+0.29,-1.59,1480,pt POR,DF,it Serie A,29-100,1997,3.5,1,0,0,2,0,0,8,3,4,0
1481,Adrià Pedrosa,es ESP,DF,Rayo Vallecano,es La Liga,28.0,1998,3,2,217,2.4,0,0,0,0,0,0,1,0,0.00,,,,,,,,,,,,,,,,,,,,,,,,,1481,es ESP,DF,es La Liga,28-124,1998,2.4,0,2,1,50.0,0.83,0.41,0.00,0.00,0,0,1843,es ESP,DF,es La Liga,28-124,1998,3,217,72,48.2,2.4,2,79,0,1,59,0,1.00,5,8,-3,-1.24,-0.09,1481,es ESP,DF,es La Liga,28-124,1998,2.4,1,0,0,7,1,0,8,2,3,0
1482,Dženan Pejčinović,de GER,"FW,MF",Stuttgart,de Bundesliga,21.0,2005,3,3,242,2.7,0,0,0,0,0,0,0,0,0.00,,,,,,,,,,,,,,,,,,,,,,,,,1482,de GER,"FW,MF",de Bundesliga,21-211,2005,2.7,0,8,2,25.0,2.98,0.74,0.00,0.00,0,0,1844,de GER,"FW,MF",de Bundesliga,21-211,2005,3,242,81,89.6,2.7,3,81,2,0,,0,1.00,6,6,0,0.00,+6.43,1482,de GER,"FW,MF",de Bundesliga,21-211,2005,2.7,0,0,0,0,0,0,1,0,2,0
1483,Mateo Pellegrino,ar ARG,FW,Fiorentina,it Serie A,25.0,2001,4,3,286,3.2,2,0,2,2,0,0,1,0,0.63,,,,,,,,,,,,,,,,,,,,,,,,,1483,ar ARG,FW,it Serie A,25-197,2001,3.2,2,5,2,40.0,1.57,0.63,0.40,1.00,0,0,1846,ar ARG,FW,it Serie A,25-197,2001,4,286,72,79.4,3.2,3,85,2,1,31,0,0.75,3,9,-6,-1.89,-1.89,1483,ar ARG,FW,it Serie A,25-197,2001,3.2,1,0,0,2,9,1,0,0,1,0
1484,Timothee Pembele,fr FRA,"MF,DF",Le Havre,fr Ligue 1,24.0,2002,3,3,205,2.3,0,0,0,0,0,0,0,0,0.00,,,,,,,,,,,,,,,,,,,,,,,,,1484,fr FRA,"MF,DF",fr Ligue 1,24-005,2002,2.3,0,2,0,0.0,0.88,0.00,0.00,,0,0,1848,fr FRA,"MF,DF",fr Ligue 1,24-005,2002,3,205,68,56.9,2.3,3,68,0,0,,0,0.33,1,3,-2,-0.88,-0.88,1484,fr FRA,"MF,DF",fr Ligue 1,24-005,2002,2.3,0,0,0,6,1,1,5,3,3,0
1485,Faris Pemi Moumbagna,cm CMR,FW,Marseille,fr Ligue 1,26.0,2000,3,0,10,0.1,0,0,0,0,0,0,0,0,0.00,,,,,,,,,,,,,,,,,,,,,,,,,1485,cm CMR,FW,fr Ligue 1,26-075,2000,0.1,0,1,0,0.0,9.00,0.00,0.00,,0,0,1849,cm CMR,FW,fr Ligue 1,26-075,2000,3,10,3,2.8,0.1,0,,0,3,3,0,0.00,0,0,0,0.00,0.00,1485,cm CMR,FW,fr Ligue 1,26-075,2000,0.1,0,0,0,0,0,1,0,0,0,0
1486,Nicolas Pépé,ci CIV,MF,Villarreal,es La Liga,31.0,1995,4,4,334,3.7,2,0,2,2,0,0,1,0,0.54,,,,,,,,,,,,,,,,,,,,,,,,,1486,ci CIV,MF,es La Liga,31-108,1995,3.7,2,12,6,50.0,3.23,1.62,0.17,0.33,0,0,1852,ci CIV,MF,es La Liga,31-108,1995,4,334,84,92.8,3.7,4,84,2,0,,0,0.50,6,7,-1,-0.27,+3.19,1486,ci CIV,MF,es La Liga,31-108,1995,3.7,1,0,0,0,5,0,14,1,2,0
1487,Peque,es ESP,MF,Sevilla,es La Liga,23.0,2002,3,2,157,1.7,1,0,1,0,1,1,1,0,0.00,,,,,,,,,,,,,,,,,,,,,,,,,1487,es ESP,MF,es La Liga,23-345,2002,1.7,1,6,3,50.0,3.44,1.72,0.17,0.33,1,1,1853,es ESP,MF,es La Liga,23-345,2002,3,157,52,34.9,1.7,2,56,0,1,45,2,2.00,4,3,+1,+0.57,+0.27,1487,es ESP,MF,es La Liga,23-345,2002,1.7,1,0,0,6,7,3,2,2,0,0
1488,Everton Pereira,fr FRA,MF,Nice,fr Ligue 1,19.0,2007,1,1,90,1.0,0,0,0,0,0,0,0,0,0.00,,,,,,,,,,,,,,,,,,,,,,,,,1488,fr FRA,MF,fr Ligue 1,19-155,2007,1.0,0,0,0,,0.00,0.00,,,0,0,1854,fr FRA,MF,fr Ligue 1,19-155,2007,1,90,90,25.0,1.0,1,90,1,0,,3,1.00,0,0,0,0.00,+1.33,1488,fr FRA,MF,fr Ligue 1,19-155,2007,1.0,0,0,0,2,1,0,0,1,1,0
1489,Ángel Pérez,es ESP,"MF,DF",Alavés,es La Liga,24.0,2002,5,5,388,4.3,0,3,3,0,0,0,0,0,0.70,,,,,,,,,,,,,,,,,,,,,,,,,1489,es ESP,"MF,DF",es La Liga,24-016,2002,4.3,0,7,3,42.9,1.62,0.70,0.00,0.00,0,0,1855,es ESP,"MF,DF",es La Liga,24-016,2002,5,388,78,86.2,4.3,5,78,1,0,,0,2.00,7,5,+2,+0.46,-5.34,1489,es ESP,"MF,DF",es La Liga,24-016,2002,4.3,0,0,0,4,3,6,21,4,3,0
1490,Ayoze Pérez,es ESP,FW,Villarreal,es La Liga,33.0,1993,4,3,205,2.3,0,1,1,0,0,0,0,0,0.44,,,,,,,,,,,,,,,,,,,,,,,,,1490,es ESP,FW,es La Liga,33-047,1993,2.3,0,7,3,42.9,3.07,1.32,0.00,0.00,0,0,1856,es ESP,FW,es La Liga,33-047,1993,4,205,51,56.9,2.3,3,59,0,1,29,0,0.50,3,4,-1,-0.44,+0.14,1490,es ESP,FW,es La Liga,33-047,1993,2.3,0,0,0,3,7,0,0,1,0,0
1491,Francisco Perez,es ESP,MF,Rayo Vallecano,es La Liga,24.0,2002,4,1,129,1.4,0,0,0,0,0,0,1,1,0.00,,,,,,,,,,,,,,,,,,,,,,,,,1491,es ESP,MF,es La Liga,24-005,2002,1.4,0,1,0,0.0,0.70,0.00,0.00,,0,0,1857,es ESP,MF,es La Liga,24-005,2002,4,129,32,28.7,1.4,1,54,0,3,25,0,1.00,2,3,-1,-0.70,+0.70,1491,es ESP,MF,es La Liga,24-005,2002,1.4,1,1,0,5,2,0,4,2,0,0
1492,Joselu Pérez,es ESP,DF,Getafe,es La Liga,22.0,2004,1,0,7,0.1,0,0,0,0,0,0,0,0,0.00,,,,,,,,,,,,,,,,,,,,,,,,,1492,es ESP,DF,es La Liga,22-186,2004,0.1,0,0,0,,0.00,0.00,,,0,0,1859,es ESP,DF,es La Liga,22-186,2004,1,7,7,1.6,0.1,0,,0,1,7,1,1.00,0,0,0,0.00,+0.61,1492,es ESP,DF,es La Liga,22-186,2004,0.1,0,0,0,1,0,0,0,0,0,0
1493,Kike Pérez,es ESP,MF,Venezia,it Serie A,29.0,1997,4,4,328,3.6,0,0,0,0,0,0,1,0,0.00,,,,,,,,,,,,,,,,,,,,,,,,,1493,es ESP,MF,it Serie A,29-212,1997,3.6,0,1,0,0.0,0.27,0.00,0.00,,0,0,1860,es ESP,MF,it Serie A,29-212,1997,4,328,82,91.1,3.6,4,82,2,0,,0,0.00,4,9,-5,-1.37,+4.25,1493,es ESP,MF,it Serie A,29-212,1997,3.6,1,0,0,4,7,0,10,2,6,0
1494,Nacho Pérez,es ESP,DF,Levante,es La Liga,18.0,2008,5,4,293,3.3,0,0,0,0,0,0,0,0,0.00,,,,,,,,,,,,,,,,,,,,,,,,,1494,es ESP,DF,es La Liga,18-013,2008,3.3,0,1,1,100.0,0.31,0.31,0.00,0.00,0,0,1861,es ESP,DF,es La Liga,18-013,2008,5,293,59,65.1,3.3,4,68,0,1,20,0,1.00,4,5,-1,-0.31,+0.27,1494,es ESP,DF,es La Liga,18-013,2008,3.3,0,0,0,2,3,0,9,5,6,0
1495,Mattia Perin,it ITA,GK,Juventus,it Serie A,33.0,1992,1,0,1,0.0,0,0,0,0,0,0,0,0,0.00,73,it ITA,GK,it Serie A,33-308,1992,1,0,1,0.0,0,0.00,0,0,,,,,1,,0,0,0,0,1495,it ITA,GK,it Serie A,33-308,1992,0.0,0,0,0,,0.00,0.00,,,0,0,1862,it ITA,GK,it Serie A,33-308,1992,1,1,1,0.3,0.0,0,,0,1,1,0,3.00,0,0,0,0.00,-0.50,1495,it ITA,GK,it Serie A,33-308,1992,0.0,0,0,0,0,0,0,0,0,0,0
1496,Romain Perraud,fr FRA,DF,Lille,fr Ligue 1,28.0,1997,4,3,300,3.3,0,0,0,0,0,0,2,0,0.00,,,,,,,,,,,,,,,,,,,,,,,,,1496,fr FRA,DF,fr Ligue 1,28-357,1997,3.3,0,2,0,0.0,0.60,0.00,0.00,,0,0,1863,fr FRA,DF,fr Ligue 1,28-357,1997,4,300,75,83.3,3.3,3,85,2,1,45,0,2.50,7,2,+5,+1.50,+1.50,1496,fr FRA,DF,fr Ligue 1,28-357,1997,3.3,2,0,0,3,2,0,6,3,2,0
1497,Lucas Perri,br BRA,GK,Torino,it Serie A,28.0,1997,1,1,90,1.0,0,0,0,0,0,0,0,0,0.00,74,br BRA,GK,it Serie A,28-278,1997,1,1,90,1.0,1,1.00,5,4,80.0,1,0,0,0,0.0,0,0,0,0,1497,br BRA,GK,it Serie A,28-278,1997,1.0,0,0,0,,0.00,0.00,,,0,0,1864,br BRA,GK,it Serie A,28-278,1997,1,90,90,33.3,1.0,1,90,1,0,,0,3.00,2,1,+1,+1.00,+2.00,1497,br BRA,GK,it Serie A,28-278,1997,1.0,0,0,0,0,0,0,0,0,0,0
1498,Gaëtan Perrin,fr FRA,"FW,MF",Lille,fr Ligue 1,30.0,1996,3,0,77,0.9,0,0,0,0,0,0,0,0,0.00,,,,,,,,,,,,,,,,,,,,,,,,,1498,fr FRA,"FW,MF",fr Ligue 1,30-099,1996,0.9,0,1,0,0.0,1.17,0.00,0.00,,0,0,1866,fr FRA,"FW,MF",fr Ligue 1,30-099,1996,3,77,26,21.4,0.9,0,,0,3,26,1,2.33,2,2,0,0.00,-1.59,1498,fr FRA,"FW,MF",fr Ligue 1,30-099,1996,0.9,0,0,0,1,0,0,0,0,2,0
1499,Máximo Perrone,ar ARG,MF,Como,it Serie A,23.0,2003,3,2,160,1.8,0,0,0,0,0,0,0,0,0.00,,,,,,,,,,,,,,,,,,,,,,,,,1499,ar ARG,MF,it Serie A,23-250,2003,1.8,0,2,0,0.0,1.13,0.00,0.00,,0,0,1867,ar ARG,MF,it Serie A,23-250,2003,3,160,53,59.3,1.8,2,68,1,1,25,0,2.33,4,2,+2,+1.13,-0.51,1499,ar ARG,MF,it Serie A,23-250,2003,1.8,0,0,0,1,0,0,0,0,1,0
1500,Massimo Pessina,it ITA,GK,Bologna,it Serie A,18.0,2007,1,1,90,1.0,0,0,0,0,0,0,0,0,0.00,75,it ITA,GK,it Serie A,18-263,2007,1,1,90,1.0,1,1.00,4,3,75.0,0,0,1,0,0.0,0,0,0,0,1500,it ITA,GK,it Serie A,18-263,2007,1.0,0,0,0,,0.00,0.00,,,0,0,1869,it ITA,GK,it Serie A,18-263,2007,1,90,90,25.0,1.0,1,90,1,0,,3,0.00,0,1,-1,-1.00,-0.33,1500,it ITA,GK,it Serie A,18-263,2007,1.0,0,0,0,0,0,0,0,0,0,0
1501,Prosper Peter,ng NGA,FW,Angers,fr Ligue 1,19.0,2007,4,0,93,1.0,0,0,0,0,0,0,1,0,0.00,,,,,,,,,,,,,,,,,,,,,,,,,1501,ng NGA,FW,fr Ligue 1,19-036,2007,1.0,0,4,2,50.0,3.87,1.94,0.00,0.00,0,0,1870,ng NGA,FW,fr Ligue 1,19-036,2007,4,93,23,25.8,1.0,0,,0,4,23,0,1.00,2,0,+2,+1.94,+2.95,1501,ng NGA,FW,fr Ligue 1,19-036,2007,1.0,1,0,0,2,5,0,0,0,0,0
1502,Lukas Petkov,bg BUL,MF,Elversberg,de Bundesliga,25.0,2000,3,3,262,2.9,1,1,2,1,0,0,0,0,0.69,,,,,,,,,,,,,,,,,,,,,,,,,1502,bg BUL,MF,de Bundesliga,25-317,2000,2.9,1,4,3,75.0,1.37,1.03,0.25,0.33,0,0,1871,bg BUL,MF,de Bundesliga,25-317,2000,3,262,87,97.0,2.9,3,87,2,0,,0,2.00,8,7,+1,+0.34,+0.34,1502,bg BUL,MF,de Bundesliga,25-317,2000,2.9,0,0,0,5,5,1,7,2,8,0
1503,Đorđe Petrović,rs SRB,GK,Bournemouth,eng Premier League,26.0,1999,4,4,360,4.0,0,0,0,0,0,0,0,0,0.00,76,rs SRB,GK,eng Premier League,26-341,1999,4,4,360,4.0,7,1.75,16,9,56.3,0,3,1,0,0.0,0,0,0,0,1503,rs SRB,GK,eng Premier League,26-341,1999,4.0,0,0,0,,0.00,0.00,,,0,0,1872,rs SRB,GK,eng Premier League,26-341,1999,4,360,90,100.0,4.0,4,90,4,0,,0,0.75,6,7,-1,-0.25,,1503,rs SRB,GK,eng Premier League,26-341,1999,4.0,0,0,0,0,0,0,0,0,0,0
1504,Rayan Philippe,fr FRA,FW,Hamburger SV,de Bundesliga,25.0,2000,1,0,2,0.0,0,0,0,0,0,0,0,0,0.00,,,,,,,,,,,,,,,,,,,,,,,,,1504,fr FRA,FW,de Bundesliga,25-326,2000,0.0,0,1,0,0.0,45.00,0.00,0.00,,0,0,1874,fr FRA,FW,de Bundesliga,25-326,2000,1,2,2,0.7,0.0,0,,0,1,2,0,0.00,0,0,0,0.00,+4.03,1504,fr FRA,FW,de Bundesliga,25-326,2000,0.0,0,0,0,0,0,0,1,0,0,0
1505,Rayan Philippe,fr FRA,FW,Paderborn 07,de Bundesliga,25.0,2000,2,1,54,0.6,0,0,0,0,0,0,0,0,0.00,,,,,,,,,,,,,,,,,,,,,,,,,1505,fr FRA,FW,de Bundesliga,25-326,2000,0.6,0,1,1,100.0,1.67,1.67,0.00,0.00,0,0,1875,fr FRA,FW,de Bundesliga,25-326,2000,2,54,27,20.0,0.6,1,45,0,1,9,0,0.00,0,2,-2,-3.33,-2.50,1505,fr FRA,FW,de Bundesliga,25-326,2000,0.6,0,0,0,1,0,0,1,1,0,0
1506,Jaden Philogene Bidace,eng ENG,"FW,MF",Ipswich Town,eng Premier League,24.0,2002,1,0,29,0.3,0,0,0,0,0,0,0,0,0.00,,,,,,,,,,,,,,,,,,,,,,,,,1506,eng ENG,"FW,MF",eng Premier League,24-218,2002,0.3,0,1,1,100.0,3.10,3.10,0.00,0.00,0,0,1877,eng ENG,"FW,MF",eng Premier League,24-218,2002,1,29,29,8.1,0.3,0,,0,1,29,0,3.00,1,1,0,0.00,+0.82,1506,eng ENG,"FW,MF",eng Premier League,24-218,2002,0.3,0,0,0,0,0,0,3,0,0,0
1507,Alexandre Phliponeau,fr FRA,MF,Troyes,fr Ligue 1,26.0,2000,2,0,21,0.2,0,0,0,0,0,0,0,0,0.00,,,,,,,,,,,,,,,,,,,,,,,,,1507,fr FRA,MF,fr Ligue 1,26-231,2000,0.2,0,0,0,,0.00,0.00,,,0,0,1878,fr FRA,MF,fr Ligue 1,26-231,2000,2,21,11,5.8,0.2,0,,0,2,11,1,2.00,0,0,0,0.00,+1.33,1507,fr FRA,MF,fr Ligue 1,26-231,2000,0.2,0,0,0,1,1,0,0,1,0,0
1508,Hugo Picard,fr FRA,MF,Troyes,fr Ligue 1,23.0,2003,4,4,290,3.2,0,0,0,0,0,0,0,0,0.00,,,,,,,,,,,,,,,,,,,,,,,,,1508,fr FRA,MF,fr Ligue 1,23-128,2003,3.2,0,3,0,0.0,0.93,0.00,0.00,,0,0,1880,fr FRA,MF,fr Ligue 1,23-128,2003,4,290,73,80.6,3.2,4,73,1,0,,0,1.00,3,4,-1,-0.31,+4.83,1508,fr FRA,MF,fr Ligue 1,23-128,2003,3.2,0,0,0,2,2,2,21,3,3,0
1509,Roberto Piccoli,it ITA,FW,Bologna,it Serie A,25.0,2001,4,4,265,2.9,1,0,1,1,0,0,1,0,0.34,,,,,,,,,,,,,,,,,,,,,,,,,1509,it ITA,FW,it Serie A,25-230,2001,2.9,1,7,2,28.6,2.38,0.68,0.14,0.50,0,0,1881,it ITA,FW,it Serie A,25-230,2001,4,265,66,73.6,2.9,4,66,1,0,,0,0.25,2,3,-1,-0.34,+1.56,1509,it ITA,FW,it Serie A,25-230,2001,2.9,1,0,0,3,6,1,0,1,1,0
1510,Jordan Pickford,eng ENG,GK,Everton,eng Premier League,32.0,1994,4,4,360,4.0,0,0,0,0,0,0,0,0,0.00,77,eng ENG,GK,eng Premier League,32-191,1994,4,4,360,4.0,3,0.75,14,11,78.6,1,3,0,2,50.0,0,0,0,0,1510,eng ENG,GK,eng Premier League,32-191,1994,4.0,0,0,0,,0.00,0.00,,,0,0,1882,eng ENG,GK,eng Premier League,32-191,1994,4,360,90,100.0,4.0,4,90,4,0,,0,1.50,5,3,+2,+0.50,,1510,eng ENG,GK,eng Premier League,32-191,1994,4.0,0,0,0,0,3,0,0,0,0,0
1511,Arthur Piedfort,be BEL,MF,Auxerre,fr Ligue 1,21.0,2005,4,4,336,3.7,0,0,0,0,0,0,1,0,0.00,,,,,,,,,,,,,,,,,,,,,,,,,1511,be BEL,MF,fr Ligue 1,21-225,2005,3.7,0,0,0,,0.00,0.00,,,0,0,1883,be BEL,MF,fr Ligue 1,21-225,2005,4,336,84,93.3,3.7,4,84,1,0,,0,0.75,5,10,-5,-1.34,+2.41,1511,be BEL,MF,fr Ligue 1,21-225,2005,3.7,1,0,0,3,3,0,7,7,1,0
1512,Amos Pieper,de GER,DF,Werder Bremen,de Bundesliga,28.0,1998,3,3,270,3.0,0,0,0,0,0,0,0,0,0.00,,,,,,,,,,,,,,,,,,,,,,,,,1512,de GER,DF,de Bundesliga,28-240,1998,3.0,0,4,1,25.0,1.33,0.33,0.00,0.00,0,0,1885,de GER,DF,de Bundesliga,28-240,1998,3,270,90,100.0,3.0,3,90,3,0,,0,1.33,5,6,-1,-0.33,,1512,de GER,DF,de Bundesliga,28-240,1998,3.0,0,0,0,0,2,0,0,5,5,0
1513,Marvin Pieringer,de GER,FW,Paderborn 07,de Bundesliga,26.0,1999,3,3,260,2.9,0,0,0,0,0,0,0,0,0.00,,,,,,,,,,,,,,,,,,,,,,,,,1513,de GER,FW,de Bundesliga,26-345,1999,2.9,0,4,1,25.0,1.38,0.35,0.00,0.00,0,0,1886,de GER,FW,de Bundesliga,26-345,1999,3,260,87,96.3,2.9,3,87,1,0,,0,0.33,0,4,-4,-1.38,-1.38,1513,de GER,FW,de Bundesliga,26-345,1999,2.9,0,0,0,8,2,2,2,0,0,0
1514,Santiago Pierotti,ar ARG,"FW,MF",Lecce,it Serie A,25.0,2001,4,3,286,3.2,0,0,0,0,0,0,0,0,0.00,,,,,,,,,,,,,,,,,,,,,,,,,1514,ar ARG,"FW,MF",it Serie A,25-164,2001,3.2,0,3,2,66.7,0.94,0.63,0.00,0.00,0,0,1888,ar ARG,"FW,MF",it Serie A,25-164,2001,4,286,72,79.4,3.2,3,80,0,1,45,0,1.50,2,6,-4,-1.26,-3.69,1514,ar ARG,"FW,MF",it Serie A,25-164,2001,3.2,0,0,0,7,0,0,3,2,6,0
1515,Malik Pimpong,dk DEN,FW,Frankfurt,de Bundesliga,17.0,2008,2,0,29,0.3,0,0,0,0,0,0,0,0,0.00,,,,,,,,,,,,,,,,,,,,,,,,,1515,dk DEN,FW,de Bundesliga,17-317,2008,0.3,0,0,0,,0.00,0.00,,,0,0,1889,dk DEN,FW,de Bundesliga,17-317,2008,2,29,15,10.7,0.3,0,,0,2,15,1,0.50,1,3,-2,-6.21,-6.58,1515,dk DEN,FW,de Bundesliga,17-317,2008,0.3,0,0,0,1,0,0,0,0,0,0
1516,Andrea Pinamonti,it ITA,FW,Lazio,it Serie A,27.0,1999,3,1,96,1.1,0,0,0,0,0,0,0,0,0.00,,,,,,,,,,,,,,,,,,,,,,,,,1516,it ITA,FW,it Serie A,27-118,1999,1.1,0,1,0,0.0,0.94,0.00,0.00,,0,0,1890,it ITA,FW,it Serie A,27-118,1999,3,96,32,26.7,1.1,1,52,0,2,22,0,2.33,0,3,-3,-2.81,-4.86,1516,it ITA,FW,it Serie A,27-118,1999,1.1,0,0,0,4,1,0,0,0,0,0
1517,Lukas Pinckert,de GER,DF,Elversberg,de Bundesliga,26.0,2000,3,3,270,3.0,0,1,1,0,0,0,0,0,0.33,,,,,,,,,,,,,,,,,,,,,,,,,1517,de GER,DF,de Bundesliga,26-235,2000,3.0,0,0,0,,0.00,0.00,,,0,0,1892,de GER,DF,de Bundesliga,26-235,2000,3,270,90,100.0,3.0,3,90,3,0,,0,2.00,8,7,+1,+0.33,,1517,de GER,DF,de Bundesliga,26-235,2000,3.0,0,0,0,2,2,0,1,4,2,0
1518,Ethan Pinnock,jm JAM,DF,Coventry City,eng Premier League,33.0,1993,3,2,193,2.1,0,0,0,0,0,0,1,0,0.00,,,,,,,,,,,,,,,,,,,,,,,,,1518,jm JAM,DF,eng Premier League,33-108,1993,2.1,0,2,0,0.0,0.93,0.00,0.00,,0,0,1894,jm JAM,DF,eng Premier League,33-108,1993,3,193,64,53.6,2.1,2,90,2,1,13,0,0.00,0,7,-7,-3.26,-1.65,1518,jm JAM,DF,eng Premier League,33-108,1993,2.1,1,0,0,1,0,0,1,2,2,0
1519,Yéremy Pino,es ESP,MF,Crystal Palace,eng Premier League,23.0,2002,4,3,227,2.5,0,0,0,0,0,0,0,0,0.00,,,,,,,,,,,,,,,,,,,,,,,,,1519,es ESP,MF,eng Premier League,23-329,2002,2.5,0,4,0,0.0,1.59,0.00,0.00,,0,0,1895,es ESP,MF,eng Premier League,23-329,2002,4,227,57,63.1,2.5,3,64,0,1,36,0,0.75,5,6,-1,-0.40,+2.31,1519,es ESP,MF,eng Premier League,23-329,2002,2.5,0,0,0,4,5,2,14,1,2,0
1520,Jakub Piotrowski,pl POL,MF,Udinese,it Serie A,28.0,1997,3,3,143,1.6,1,0,1,1,0,0,2,0,0.63,,,,,,,,,,,,,,,,,,,,,,,,,1520,pl POL,MF,it Serie A,28-345,1997,1.6,1,4,1,25.0,2.52,0.63,0.25,1.00,0,0,1897,pl POL,MF,it Serie A,28-345,1997,3,143,48,53.0,1.6,3,48,0,0,,0,1.33,4,2,+2,+1.26,+2.68,1520,pl POL,MF,it Serie A,28-345,1997,1.6,2,0,0,4,3,0,0,0,2,0
1521,Niccolò Pisilli,it ITA,MF,Roma,it Serie A,21.0,2004,2,0,36,0.4,1,0,1,1,0,0,0,0,2.50,,,,,,,,,,,,,,,,,,,,,,,,,1521,it ITA,MF,it Serie A,21-356,2004,0.4,1,1,1,100.0,2.50,2.50,1.00,1.00,0,0,1899,it ITA,MF,it Serie A,21-356,2004,2,36,18,13.3,0.4,0,,0,2,18,1,3.00,1,0,+1,+2.50,-0.58,1521,it ITA,MF,it Serie A,21-356,2004,0.4,0,0,0,0,0,0,0,1,0,0
1522,Semuel Pizzignacco,it ITA,GK,Monza,it Serie A,25.0,2001,1,1,90,1.0,0,0,0,0,0,0,0,0,0.00,78,it ITA,GK,it Serie A,25-013,2001,1,1,90,1.0,4,4.00,5,1,20.0,0,0,1,0,0.0,0,0,0,0,1522,it ITA,GK,it Serie A,25-013,2001,1.0,0,0,0,,0.00,0.00,,,0,0,1901,it ITA,GK,it Serie A,25-013,2001,1,90,90,25.0,1.0,1,90,1,0,,0,0.00,1,4,-3,-3.00,-2.33,1522,it ITA,GK,it Serie A,25-013,2001,1.0,0,0,0,0,0,0,0,0,0,0
1523,Tommaso Pobega,it ITA,MF,Bologna,it Serie A,27.0,1999,3,3,173,1.9,0,0,0,0,0,0,0,0,0.00,,,,,,,,,,,,,,,,,,,,,,,,,1523,it ITA,MF,it Serie A,27-061,1999,1.9,0,4,1,25.0,2.08,0.52,0.00,0.00,0,0,1902,it ITA,MF,it Serie A,27-061,1999,3,173,58,48.1,1.9,3,58,0,0,,1,0.33,0,1,-1,-0.52,+0.44,1523,it ITA,MF,it Serie A,27-061,1999,1.9,0,0,0,3,1,0,0,3,1,0
1524,Matteo Politano,it ITA,"FW,MF",Napoli,it Serie A,33.0,1993,4,4,262,2.9,1,0,1,1,0,0,1,0,0.34,,,,,,,,,,,,,,,,,,,,,,,,,1524,it ITA,"FW,MF",it Serie A,33-042,1993,2.9,1,3,2,66.7,1.03,0.69,0.33,0.50,0,0,1903,it ITA,"FW,MF",it Serie A,33-042,1993,4,262,66,72.8,2.9,4,66,1,0,,0,1.50,3,3,0,0.00,-0.92,1524,it ITA,"FW,MF",it Serie A,33-042,1993,2.9,1,0,0,2,2,1,16,2,1,0
1525,Ezequiel Ponce,ar ARG,FW,Elche,es La Liga,29.0,1997,3,1,121,1.3,0,0,0,0,0,0,0,0,0.00,,,,,,,,,,,,,,,,,,,,,,,,,1525,ar ARG,FW,es La Liga,29-169,1997,1.3,0,3,1,33.3,2.23,0.74,0.00,0.00,0,0,1906,ar ARG,FW,es La Liga,29-169,1997,3,121,40,26.9,1.3,1,54,0,2,34,2,0.00,2,4,-2,-1.49,-0.12,1525,ar ARG,FW,es La Liga,29-169,1997,1.3,0,0,0,2,3,1,0,1,1,0
1526,Marin Pongračić,hr CRO,DF,Fiorentina,it Serie A,29.0,1997,2,1,62,0.7,0,0,0,0,0,0,0,0,0.00,,,,,,,,,,,,,,,,,,,,,,,,,1526,hr CRO,DF,it Serie A,29-003,1997,0.7,0,0,0,,0.00,0.00,,,0,0,1907,hr CRO,DF,it Serie A,29-003,1997,2,62,31,17.2,0.7,1,60,0,1,2,2,1.50,0,2,-2,-2.90,-1.70,1526,hr CRO,DF,it Serie A,29-003,1997,0.7,0,0,0,3,0,0,0,0,0,0
1527,Łukasz Poręba,pl POL,MF,Elversberg,de Bundesliga,26.0,2000,3,3,270,3.0,0,0,0,0,0,0,0,0,0.00,,,,,,,,,,,,,,,,,,,,,,,,,1527,pl POL,MF,de Bundesliga,26-185,2000,3.0,0,0,0,,0.00,0.00,,,0,0,1909,pl POL,MF,de Bundesliga,26-185,2000,3,270,90,100.0,3.0,3,90,3,0,,0,2.00,8,7,+1,+0.33,,1527,pl POL,MF,de Bundesliga,26-185,2000,3.0,0,0,0,4,2,0,0,4,1,0
1528,Pedro Porro,es ESP,"MF,DF",Tottenham,eng Premier League,27.0,1999,2,2,180,2.0,0,0,0,0,0,0,0,0,0.00,,,,,,,,,,,,,,,,,,,,,,,,,1528,es ESP,"MF,DF",eng Premier League,27-001,1999,2.0,0,6,1,16.7,3.00,0.50,0.00,0.00,0,0,1910,es ESP,"MF,DF",eng Premier League,27-001,1999,2,180,90,50.0,2.0,2,90,2,0,,0,0.50,0,2,-2,-1.00,+0.50,1528,es ESP,"MF,DF",eng Premier League,27-001,1999,2.0,0,0,0,1,3,0,9,1,1,0
1529,Stefan Posch,at AUT,DF,Mainz 05,de Bundesliga,29.0,1997,2,2,177,2.0,0,0,0,0,0,0,0,0,0.00,,,,,,,,,,,,,,,,,,,,,,,,,1529,at AUT,DF,de Bundesliga,29-123,1997,2.0,0,1,0,0.0,0.51,0.00,0.00,,0,0,1911,at AUT,DF,de Bundesliga,29-123,1997,2,177,89,65.6,2.0,2,89,1,0,,1,1.50,5,3,+2,+1.02,+0.05,1529,at AUT,DF,de Bundesliga,29-123,1997,2.0,0,0,0,3,2,0,3,2,2,0
1530,Kacper Potulski,pl POL,DF,Mainz 05,de Bundesliga,18.0,2007,3,2,191,2.1,0,0,0,0,0,0,0,0,0.00,,,,,,,,,,,,,,,,,,,,,,,,,1530,pl POL,DF,de Bundesliga,18-330,2007,2.1,0,1,0,0.0,0.47,0.00,0.00,,0,0,1912,pl POL,DF,de Bundesliga,18-330,2007,3,191,64,70.7,2.1,2,90,2,1,11,0,1.33,6,3,+3,+1.41,+1.41,1530,pl POL,DF,de Bundesliga,18-330,2007,2.1,0,0,0,3,1,0,1,3,0,0
1531,Yussuf Poulsen,dk DEN,FW,Hamburger SV,de Bundesliga,32.0,1994,2,1,54,0.6,0,0,0,0,0,0,0,0,0.00,,,,,,,,,,,,,,,,,,,,,,,,,1531,dk DEN,FW,de Bundesliga,32-091,1994,0.6,0,1,0,0.0,1.67,0.00,0.00,,0,0,1913,dk DEN,FW,de Bundesliga,32-091,1994,2,54,27,20.0,0.6,1,45,0,1,9,1,0.00,0,2,-2,-3.33,+0.83,1531,dk DEN,FW,de Bundesliga,32-091,1994,0.6,0,0,0,2,1,1,0,0,0,0
1532,Kauã Prates,br BRA,DF,Dortmund,de Bundesliga,18.0,2008,1,0,7,0.1,0,0,0,0,0,0,0,0,0.00,,,,,,,,,,,,,,,,,,,,,,,,,1532,br BRA,DF,de Bundesliga,18-033,2008,0.1,0,1,0,0.0,12.86,0.00,0.00,,0,0,1915,br BRA,DF,de Bundesliga,18-033,2008,1,7,7,2.6,0.1,0,,0,1,7,2,3.00,0,0,0,0.00,-2.05,1532,br BRA,DF,de Bundesliga,18-033,2008,0.1,0,0,0,0,0,0,0,0,1,0
1533,Matteo Prati,it ITA,MF,Racing Sant,es La Liga,22.0,2003,3,2,169,1.9,0,0,0,0,0,0,0,0,0.00,,,,,,,,,,,,,,,,,,,,,,,,,1533,it ITA,MF,es La Liga,22-260,2003,1.9,0,0,0,,0.00,0.00,,,0,0,1917,it ITA,MF,es La Liga,22-260,2003,3,169,56,37.6,1.9,2,69,0,1,32,0,2.00,4,6,-2,-1.07,-1.71,1533,it ITA,MF,es La Liga,22-260,2003,1.9,0,0,0,2,3,0,1,1,3,0
1534,Grischa Prömel,de GER,MF,Stuttgart,de Bundesliga,31.0,1995,3,3,270,3.0,1,0,1,1,0,0,1,0,0.33,,,,,,,,,,,,,,,,,,,,,,,,,1534,de GER,MF,de Bundesliga,31-248,1995,3.0,1,8,3,37.5,2.67,1.00,0.13,0.33,0,0,1918,de GER,MF,de Bundesliga,31-248,1995,3,270,90,100.0,3.0,3,90,3,0,,0,1.00,6,8,-2,-0.67,,1534,de GER,MF,de Bundesliga,31-248,1995,3.0,1,0,0,3,3,0,0,2,0,0
1535,Marc Pubill,es ESP,DF,Atlético Madrid,es La Liga,23.0,2003,4,4,335,3.7,1,0,1,1,0,0,1,0,0.27,,,,,,,,,,,,,,,,,,,,,,,,,1535,es ESP,DF,es La Liga,23-086,2003,3.7,1,2,1,50.0,0.54,0.27,0.50,1.00,0,0,1921,es ESP,DF,es La Liga,23-086,2003,4,335,84,74.4,3.7,4,84,3,0,,1,1.75,7,5,+2,+0.54,-1.03,1535,es ESP,DF,es La Liga,23-086,2003,3.7,1,0,0,5,5,1,3,1,3,0
1536,Gustavo Puerta,co COL,MF,Racing Sant,es La Liga,23.0,2003,3,3,267,3.0,0,0,0,0,0,0,1,0,0.00,,,,,,,,,,,,,,,,,,,,,,,,,1536,co COL,MF,es La Liga,23-053,2003,3.0,0,2,0,0.0,0.67,0.00,0.00,,0,0,1923,co COL,MF,es La Liga,23-053,2003,3,267,89,59.3,3.0,3,89,2,0,,0,1.33,5,5,0,0.00,0.00,1536,co COL,MF,es La Liga,23-053,2003,3.0,1,0,0,10,9,0,1,2,3,0
1537,Puga,es ESP,DF,Málaga,es La Liga,25.0,2000,5,3,268,3.0,0,0,0,0,0,0,2,0,0.00,,,,,,,,,,,,,,,,,,,,,,,,,1537,es ESP,DF,es La Liga,25-292,2000,3.0,0,1,0,0.0,0.34,0.00,0.00,,0,0,1924,es ESP,DF,es La Liga,25-292,2000,5,268,54,59.6,3.0,3,73,1,2,24,0,0.60,2,5,-3,-1.01,+0.48,1537,es ESP,DF,es La Liga,25-292,2000,3.0,2,0,0,9,4,1,3,6,8,0
1538,Christian Pulisic,us USA,"FW,MF",Milan,it Serie A,27.0,1998,1,0,45,0.5,0,1,1,0,0,0,1,0,2.00,,,,,,,,,,,,,,,,,,,,,,,,,1538,us USA,"FW,MF",it Serie A,27-361,1998,0.5,0,1,1,100.0,2.00,2.00,0.00,0.00,0,0,1925,us USA,"FW,MF",it Serie A,27-361,1998,1,45,45,12.5,0.5,0,,0,1,45,3,1.00,2,0,+2,+4.00,+3.71,1538,us USA,"FW,MF",it Serie A,27-361,1998,0.5,1,0,0,2,0,0,3,0,0,0
1539,Giacomo Quagliata,it ITA,DF,Dep. A Coruña,es La Liga,26.0,2000,5,5,450,5.0,0,0,0,0,0,0,1,0,0.00,,,,,,,,,,,,,,,,,,,,,,,,,1539,it ITA,DF,es La Liga,26-207,2000,5.0,0,4,1,25.0,0.80,0.20,0.00,0.00,0,0,1926,it ITA,DF,es La Liga,26-207,2000,5,450,90,100.0,5.0,5,90,5,0,,0,1.80,9,6,+3,+0.60,,1539,it ITA,DF,es La Liga,26-207,2000,5.0,1,0,0,5,8,1,14,8,1,0
1540,Jarell Quansah,eng ENG,DF,Leverkusen,de Bundesliga,23.0,2003,3,2,188,2.1,0,1,1,0,0,0,0,0,0.48,,,,,,,,,,,,,,,,,,,,,,,,,1540,eng ENG,DF,de Bundesliga,23-228,2003,2.1,0,2,0,0.0,0.96,0.00,0.00,,0,0,1927,eng ENG,DF,de Bundesliga,23-228,2003,3,188,63,69.6,2.1,2,76,1,1,36,0,1.33,7,2,+5,+2.39,+4.59,1540,eng ENG,DF,de Bundesliga,23-228,2003,2.1,0,0,0,2,1,0,8,0,1,0
1541,Geovany Quenda,pt POR,MF,Chelsea,eng Premier League,19.0,2007,1,0,9,0.1,0,0,0,0,0,0,0,0,0.00,,,,,,,,,,,,,,,,,,,,,,,,,1541,pt POR,MF,eng Premier League,19-137,2007,0.1,0,0,0,,0.00,0.00,,,0,0,1928,pt POR,MF,eng Premier League,19-137,2007,1,9,9,2.5,0.1,0,,0,1,9,2,3.00,0,0,0,0.00,-0.26,1541,pt POR,MF,eng Premier League,19-137,2007,0.1,0,0,0,0,0,1,0,0,0,0
1542,Leopold Querfeld,at AUT,DF,Union Berlin,de Bundesliga,22.0,2003,2,2,180,2.0,1,1,2,1,0,0,0,0,1.00,,,,,,,,,,,,,,,,,,,,,,,,,1542,at AUT,DF,de Bundesliga,22-268,2003,2.0,1,3,1,33.3,1.50,0.50,0.33,1.00,0,0,1929,at AUT,DF,de Bundesliga,22-268,2003,2,180,90,66.7,2.0,2,90,2,0,,1,0.50,4,6,-2,-1.00,+3.00,1542,at AUT,DF,de Bundesliga,22-268,2003,2.0,0,0,0,2,1,0,0,3,1,0
1543,Matheo Raab,de GER,GK,Union Berlin,de Bundesliga,27.0,1998,1,1,90,1.0,0,0,0,0,0,0,0,0,0.00,79,de GER,GK,de Bundesliga,27-270,1998,1,1,90,1.0,3,3.00,3,0,0.0,0,1,0,0,0.0,0,0,0,0,1543,de GER,GK,de Bundesliga,27-270,1998,1.0,0,0,0,,0.00,0.00,,,0,0,1930,de GER,GK,de Bundesliga,27-270,1998,1,90,90,33.3,1.0,1,90,1,0,,2,1.00,3,3,0,0.00,+3.00,1543,de GER,GK,de Bundesliga,27-270,1998,1.0,0,0,0,0,0,0,0,0,0,0
1544,Dani Raba,es ESP,"FW,MF",Valencia,es La Liga,30.0,1995,1,0,9,0.1,0,0,0,0,0,0,0,0,0.00,,,,,,,,,,,,,,,,,,,,,,,,,1544,es ESP,"FW,MF",es La Liga,30-320,1995,0.1,0,1,0,0.0,10.00,0.00,0.00,,0,0,1931,es ESP,"FW,MF",es La Liga,30-320,1995,1,9,9,2.0,0.1,0,,0,1,9,4,0.00,0,0,0,0.00,+1.84,1544,es ESP,"FW,MF",es La Liga,30-320,1995,0.1,0,0,0,0,0,0,1,0,0,0
1545,Antoine Rabillard,fr FRA,MF,Le Mans,fr Ligue 1,30.0,1995,3,1,143,1.6,0,0,0,0,0,0,0,0,0.00,,,,,,,,,,,,,,,,,,,,,,,,,1545,fr FRA,MF,fr Ligue 1,30-357,1995,1.6,0,1,0,0.0,0.63,0.00,0.00,,0,0,1932,fr FRA,MF,fr Ligue 1,30-357,1995,3,143,48,39.7,1.6,1,90,1,2,27,1,0.67,2,3,-1,-0.63,-0.63,1545,fr FRA,MF,fr Ligue 1,30-357,1995,1.6,0,0,0,1,3,3,3,2,0,0
1546,Adrien Rabiot,fr FRA,MF,Milan,it Serie A,31.0,1995,4,2,217,2.4,1,2,3,1,0,0,0,0,1.24,,,,,,,,,,,,,,,,,,,,,,,,,1546,fr FRA,MF,it Serie A,31-164,1995,2.4,1,3,1,33.3,1.24,0.41,0.33,1.00,0,0,1933,fr FRA,MF,it Serie A,31-164,1995,4,217,54,60.3,2.4,2,75,1,2,34,0,2.00,6,3,+3,+1.24,+1.24,1546,fr FRA,MF,it Serie A,31-164,1995,2.4,0,0,0,5,4,0,3,0,2,0
1547,Ionuț Radu,ro ROU,GK,Celta Vigo,es La Liga,29.0,1997,6,6,540,6.0,0,0,0,0,0,0,1,0,0.00,80,ro ROU,GK,es La Liga,29-109,1997,6,6,540,6.0,6,1.00,22,16,72.7,0,4,2,2,33.3,1,1,0,0,1547,ro ROU,GK,es La Liga,29-109,1997,6.0,0,0,0,,0.00,0.00,,,0,0,1934,ro ROU,GK,es La Liga,29-109,1997,6,540,90,100.0,6.0,6,90,6,0,,0,0.67,3,6,-3,-0.50,,1547,ro ROU,GK,es La Liga,29-109,1997,6.0,1,0,0,0,2,0,0,0,0,0
1548,Antonio Raimondo,it ITA,FW,Frosinone,it Serie A,22.0,2004,4,4,326,3.6,4,0,4,4,0,0,1,0,1.10,,,,,,,,,,,,,,,,,,,,,,,,,1548,it ITA,FW,it Serie A,22-180,2004,3.6,4,8,4,50.0,2.21,1.10,0.50,1.00,0,0,1937,it ITA,FW,it Serie A,22-180,2004,4,326,82,90.6,3.6,4,82,1,0,,0,1.75,6,4,+2,+0.55,-2.09,1548,it ITA,FW,it Serie A,22-180,2004,3.6,1,0,0,6,5,5,2,0,1,0
1549,Jacobo Ramón,es ESP,DF,Como,it Serie A,21.0,2005,3,3,270,3.0,0,0,0,0,0,0,0,0,0.00,,,,,,,,,,,,,,,,,,,,,,,,,1549,es ESP,DF,it Serie A,21-251,2005,3.0,0,3,1,33.3,1.00,0.33,0.00,0.00,0,0,1938,es ESP,DF,it Serie A,21-251,2005,3,270,90,100.0,3.0,3,90,3,0,,0,2.33,7,3,+4,+1.33,,1549,es ESP,DF,it Serie A,21-251,2005,3.0,0,0,0,1,1,1,1,2,4,0
1550,Pablo Ramon,es ESP,DF,Racing Sant,es La Liga,25.0,2001,4,3,292,3.2,0,0,0,0,0,0,1,0,0.00,,,,,,,,,,,,,,,,,,,,,,,,,1550,es ESP,DF,es La Liga,25-076,2001,3.2,0,0,0,,0.00,0.00,,,0,0,1939,es ESP,DF,es La Liga,25-076,2001,4,292,73,64.9,3.2,3,85,2,1,36,1,1.00,4,4,0,0.00,0.00,1550,es ESP,DF,es La Liga,25-076,2001,3.2,1,0,0,1,6,1,0,6,7,0
1551,Gonçalo Ramos,pt POR,FW,Milan,it Serie A,25.0,2001,4,4,354,3.9,1,0,1,1,0,0,0,0,0.25,,,,,,,,,,,,,,,,,,,,,,,,,1551,pt POR,FW,it Serie A,25-086,2001,3.9,1,14,4,28.6,3.56,1.02,0.07,0.25,0,0,1940,pt POR,FW,it Serie A,25-086,2001,4,354,89,98.3,3.9,4,89,3,0,,0,2.00,7,4,+3,+0.76,+0.76,1551,pt POR,FW,it Serie A,25-086,2001,3.9,0,0,0,7,5,0,0,1,2,0
1552,Jacob Ramsey,eng ENG,MF,Newcastle,eng Premier League,25.0,2001,3,0,72,0.8,1,0,1,1,0,0,1,0,1.25,,,,,,,,,,,,,,,,,,,,,,,,,1552,eng ENG,MF,eng Premier League,25-109,2001,0.8,1,2,1,50.0,2.50,1.25,0.50,1.00,0,0,1941,eng ENG,MF,eng Premier League,25-109,2001,3,72,24,26.7,0.8,0,,0,3,24,0,1.67,2,1,+1,+1.25,+0.80,1552,eng ENG,MF,eng Premier League,25-109,2001,0.8,1,0,0,3,0,0,0,1,1,0
1553,Luca Ranieri,it ITA,DF,Fiorentina,it Serie A,27.0,1999,2,2,178,2.0,0,0,0,0,0,0,0,0,0.00,,,,,,,,,,,,,,,,,,,,,,,,,1553,it ITA,DF,it Serie A,27-144,1999,2.0,0,1,0,0.0,0.51,0.00,0.00,,0,0,1942,it ITA,DF,it Serie A,27-144,1999,2,178,89,49.4,2.0,2,89,1,0,,2,1.50,4,6,-2,-1.01,+0.97,1553,it ITA,DF,it Serie A,27-144,1999,2.0,0,0,0,2,0,0,0,2,1,0
1554,Lilian Raolisoa,fr FRA,DF,Angers,fr Ligue 1,26.0,2000,3,1,105,1.2,0,0,0,0,0,0,0,0,0.00,,,,,,,,,,,,,,,,,,,,,,,,,1554,fr FRA,DF,fr Ligue 1,26-090,2000,1.2,0,1,0,0.0,0.86,0.00,0.00,,0,0,1943,fr FRA,DF,fr Ligue 1,26-090,2000,3,105,35,29.2,1.2,1,84,0,2,11,0,0.33,0,2,-2,-1.71,-2.07,1554,fr FRA,DF,fr Ligue 1,26-090,2000,1.2,0,0,0,0,2,0,10,7,2,0
1555,Raphinha,br BRA,FW,Barcelona,es La Liga,29.0,1996,5,5,406,4.5,6,3,9,5,1,1,0,0,1.77,,,,,,,,,,,,,,,,,,,,,,,,,1555,br BRA,FW,es La Liga,29-274,1996,4.5,6,15,9,60.0,3.33,2.00,0.40,0.67,1,1,1944,br BRA,FW,es La Liga,29-274,1996,5,406,81,90.2,4.5,5,81,2,0,,0,3.00,19,4,+15,+3.33,-0.77,1555,br BRA,FW,es La Liga,29-274,1996,4.5,0,0,0,3,3,5,12,0,1,0
1556,Marcus Rashford,eng ENG,MF,Manchester Utd,eng Premier League,28.0,1997,4,3,275,3.1,0,0,0,0,0,0,0,0,0.00,,,,,,,,,,,,,,,,,,,,,,,,,1556,eng ENG,MF,eng Premier League,28-318,1997,3.1,0,7,2,28.6,2.29,0.65,0.00,0.00,0,0,1945,eng ENG,MF,eng Premier League,28-318,1997,4,275,69,76.4,3.1,3,77,0,1,45,0,1.00,5,2,+3,+0.98,+4.16,1556,eng ENG,MF,eng Premier League,28-318,1997,3.1,0,0,0,2,6,3,15,1,1,0
1557,Giacomo Raspadori,it ITA,FW,Atalanta,it Serie A,26.0,2000,3,2,151,1.7,1,0,1,1,0,0,0,0,0.60,,,,,,,,,,,,,,,,,,,,,,,,,1557,it ITA,FW,it Serie A,26-208,2000,1.7,1,8,1,12.5,4.77,0.60,0.13,1.00,0,0,1946,it ITA,FW,it Serie A,26-208,2000,3,151,50,41.9,1.7,2,68,0,1,15,1,2.00,2,1,+1,+0.60,+1.03,1557,it ITA,FW,it Serie A,26-208,2000,1.7,0,0,0,2,3,0,2,2,3,0
1558,Andrei Ratiu,ro ROU,DF,Rayo Vallecano,es La Liga,28.0,1998,4,4,360,4.0,1,0,1,1,0,0,0,0,0.25,,,,,,,,,,,,,,,,,,,,,,,,,1558,ro ROU,DF,es La Liga,28-086,1998,4.0,1,5,2,40.0,1.25,0.50,0.20,0.50,0,0,1947,ro ROU,DF,es La Liga,28-086,1998,4,360,90,80.0,4.0,4,90,4,0,,1,1.00,6,9,-3,-0.75,+2.25,1558,ro ROU,DF,es La Liga,28-086,1998,4.0,0,0,0,3,5,1,19,7,3,0
1559,Petar Ratkov,rs SRB,FW,Levante,es La Liga,23.0,2003,1,1,58,0.6,0,0,0,0,0,0,0,0,0.00,,,,,,,,,,,,,,,,,,,,,,,,,1559,rs SRB,FW,es La Liga,23-027,2003,0.6,0,1,0,0.0,1.55,0.00,0.00,,0,0,1949,rs SRB,FW,es La Liga,23-027,2003,1,58,58,12.9,0.6,1,58,0,0,,1,0.00,0,3,-3,-4.66,-4.88,1559,rs SRB,FW,es La Liga,23-027,2003,0.6,0,0,0,0,1,0,0,1,0,0
1560,Raúl,es ESP,"FW,MF",Osasuna,es La Liga,25.0,2000,5,3,280,3.1,0,1,1,0,0,0,1,0,0.32,,,,,,,,,,,,,,,,,,,,,,,,,1560,es ESP,"FW,MF",es La Liga,25-315,2000,3.1,0,8,2,25.0,2.57,0.64,0.00,0.00,0,0,1950,es ESP,"FW,MF",es La Liga,25-315,2000,5,280,56,62.2,3.1,3,80,1,2,20,0,1.40,4,8,-4,-1.29,-1.82,1560,es ESP,"FW,MF",es La Liga,25-315,2000,3.1,1,0,0,2,7,2,2,0,0,0
1561,David Raum,de GER,DF,RB Leipzig,de Bundesliga,28.0,1998,3,3,270,3.0,0,0,0,0,0,0,0,0,0.00,,,,,,,,,,,,,,,,,,,,,,,,,1561,de GER,DF,de Bundesliga,28-145,1998,3.0,0,3,1,33.3,1.00,0.33,0.00,0.00,0,0,1951,de GER,DF,de Bundesliga,28-145,1998,3,270,90,100.0,3.0,3,90,3,0,,0,2.00,9,3,+6,+2.00,,1561,de GER,DF,de Bundesliga,28-145,1998,3.0,0,0,0,4,0,0,31,3,1,0
1562,David Raya,es ESP,GK,Arsenal,eng Premier League,30.0,1995,4,4,360,4.0,0,0,0,0,0,0,0,0,0.00,81,es ESP,GK,eng Premier League,30-364,1995,4,4,360,4.0,1,0.25,7,6,85.7,4,0,0,3,75.0,1,0,1,0,1562,es ESP,GK,eng Premier League,30-364,1995,4.0,0,0,0,,0.00,0.00,,,0,0,1952,es ESP,GK,eng Premier League,30-364,1995,4,360,90,100.0,4.0,4,90,4,0,,0,3.00,8,1,+7,+1.75,,1562,es ESP,GK,eng Premier League,30-364,1995,4.0,0,0,0,0,2,0,0,0,0,0
1563,Rayan,br BRA,MF,Bournemouth,eng Premier League,20.0,2006,4,4,347,3.9,0,0,0,0,0,0,0,0,0.00,,,,,,,,,,,,,,,,,,,,,,,,,1563,br BRA,MF,eng Premier League,20-042,2006,3.9,0,12,4,33.3,3.11,1.04,0.00,0.00,0,0,1953,br BRA,MF,eng Premier League,20-042,2006,4,347,87,96.4,3.9,4,87,1,0,,0,0.75,6,6,0,0.00,+6.92,1563,br BRA,MF,eng Premier League,20-042,2006,3.9,0,0,0,1,3,0,6,1,1,0
1564,Abde Rebbach,dz ALG,"MF,DF",Alavés,es La Liga,28.0,1998,5,5,409,4.5,0,0,0,0,0,0,3,0,0.00,,,,,,,,,,,,,,,,,,,,,,,,,1564,dz ALG,"MF,DF",es La Liga,28-034,1998,4.5,0,4,3,75.0,0.88,0.66,0.00,0.00,0,0,1954,dz ALG,"MF,DF",es La Liga,28-034,1998,5,409,82,90.9,4.5,5,82,2,0,,0,2.00,8,5,+3,+0.66,-5.93,1564,dz ALG,"MF,DF",es La Liga,28-034,1998,4.5,3,0,0,9,4,0,20,8,8,0
1565,Ángel Recio,,DF,Málaga,es La Liga,,,5,5,450,5.0,0,0,0,0,0,0,0,0,0.00,,,,,,,,,,,,,,,,,,,,,,,,,1565,,DF,es La Liga,,,5.0,0,3,1,33.3,0.60,0.20,0.00,0.00,0,0,1955,,DF,es La Liga,,,5,450,90,100.0,5.0,5,90,5,0,,0,0.60,2,8,-6,-1.20,,1565,,DF,es La Liga,,,5.0,0,0,0,4,1,0,0,5,3,0
1566,Federico Redondo,ar ARG,DF,Elche,es La Liga,23.0,2003,3,3,229,2.5,0,0,0,0,0,0,1,0,0.00,,,,,,,,,,,,,,,,,,,,,,,,,1566,ar ARG,DF,es La Liga,23-239,2003,2.5,0,1,0,0.0,0.39,0.00,0.00,,0,0,1956,ar ARG,DF,es La Liga,23-239,2003,3,229,76,50.9,2.5,3,76,1,0,,2,0.67,1,7,-6,-2.36,-1.95,1566,ar ARG,DF,es La Liga,23-239,2003,2.5,1,0,0,2,3,0,0,7,5,0
1567,Youri Regeer,nl NED,MF,Werder Bremen,de Bundesliga,23.0,2003,2,2,164,1.8,0,0,0,0,0,0,0,0,0.00,,,,,,,,,,,,,,,,,,,,,,,,,1567,nl NED,MF,de Bundesliga,23-027,2003,1.8,0,1,1,100.0,0.55,0.55,0.00,0.00,0,0,1958,nl NED,MF,de Bundesliga,23-027,2003,2,164,82,60.7,1.8,2,82,0,0,,0,2.00,4,1,+3,+1.65,+5.04,1567,nl NED,MF,de Bundesliga,23-027,2003,1.8,0,0,0,2,1,0,2,5,2,0
1568,Luca Reggiani,it ITA,DF,Dortmund,de Bundesliga,18.0,2008,1,0,28,0.3,0,0,0,0,0,0,1,0,0.00,,,,,,,,,,,,,,,,,,,,,,,,,1568,it ITA,DF,de Bundesliga,18-248,2008,0.3,0,0,0,,0.00,0.00,,,0,0,1959,it ITA,DF,de Bundesliga,18-248,2008,1,28,28,10.4,0.3,0,,0,1,28,2,3.00,2,0,+2,+6.43,+4.94,1568,it ITA,DF,de Bundesliga,18-248,2008,0.3,1,0,0,1,0,0,0,0,1,0
1569,Ludovit Reis,nl NED,MF,Werder Bremen,de Bundesliga,26.0,2000,3,3,243,2.7,0,0,0,0,0,0,1,0,0.00,,,,,,,,,,,,,,,,,,,,,,,,,1569,nl NED,MF,de Bundesliga,26-105,2000,2.7,0,1,0,0.0,0.37,0.00,0.00,,0,0,1961,nl NED,MF,de Bundesliga,26-105,2000,3,243,81,90.0,2.7,3,81,1,0,,0,1.33,5,6,-1,-0.37,-0.37,1569,nl NED,MF,de Bundesliga,26-105,2000,2.7,1,0,0,1,3,0,1,2,7,0
1570,Vitor Reis,br BRA,DF,Manchester City,eng Premier League,20.0,2006,1,0,2,0.0,0,0,0,0,0,0,0,0,0.00,,,,,,,,,,,,,,,,,,,,,,,,,1570,br BRA,DF,eng Premier League,20-245,2006,0.0,0,0,0,,0.00,0.00,,,0,0,1962,br BRA,DF,eng Premier League,20-245,2006,1,2,2,0.6,0.0,0,,0,1,2,2,3.00,0,0,0,0.00,-1.51,1570,br BRA,DF,eng Premier League,20-245,2006,0.0,0,0,0,0,0,0,0,0,0,0
1571,Rocco Reitz,de GER,MF,RB Leipzig,de Bundesliga,24.0,2002,1,1,82,0.9,1,0,1,1,0,0,0,0,1.10,,,,,,,,,,,,,,,,,,,,,,,,,1571,de GER,MF,de Bundesliga,24-108,2002,0.9,1,2,1,50.0,2.20,1.10,0.50,1.00,0,0,1963,de GER,MF,de Bundesliga,24-108,2002,1,82,82,30.4,0.9,1,82,0,0,,0,3.00,3,0,+3,+3.29,+1.86,1571,de GER,MF,de Bundesliga,24-108,2002,0.9,0,0,0,1,2,0,1,0,0,0
1572,Nicolai Remberg,de GER,MF,Hamburger SV,de Bundesliga,26.0,2000,3,3,270,3.0,0,0,0,0,0,0,0,0,0.00,,,,,,,,,,,,,,,,,,,,,,,,,1572,de GER,MF,de Bundesliga,26-087,2000,3.0,0,1,1,100.0,0.33,0.33,0.00,0.00,0,0,1964,de GER,MF,de Bundesliga,26-087,2000,3,270,90,100.0,3.0,3,90,3,0,,0,0.00,0,12,-12,-4.00,,1572,de GER,MF,de Bundesliga,26-087,2000,3.0,0,0,0,4,3,1,0,4,3,0
1573,Álex Remiro,es ESP,GK,Real Sociedad,es La Liga,31.0,1995,5,5,450,5.0,0,0,0,0,0,0,0,0,0.00,82,es ESP,GK,es La Liga,31-174,1995,5,5,450,5.0,9,1.80,28,19,67.9,1,1,3,1,20.0,1,1,0,0,1573,es ESP,GK,es La Liga,31-174,1995,5.0,0,0,0,,0.00,0.00,,,0,0,1965,es ESP,GK,es La Liga,31-174,1995,5,450,90,83.3,5.0,5,90,5,0,,1,0.80,3,9,-6,-1.20,-2.20,1573,es ESP,GK,es La Liga,31-174,1995,5.0,0,0,0,0,0,0,0,0,0,0
1574,Daniel Requena,es ESP,FW,Levante,es La Liga,22.0,2004,2,1,95,1.1,0,0,0,0,0,0,0,0,0.00,,,,,,,,,,,,,,,,,,,,,,,,,1574,es ESP,FW,es La Liga,22-214,2004,1.1,0,1,0,0.0,0.95,0.00,0.00,,0,0,1968,es ESP,FW,es La Liga,22-214,2004,2,95,48,21.1,1.1,1,90,1,1,5,2,0.50,2,4,-2,-1.89,-1.89,1574,es ESP,FW,es La Liga,22-214,2004,1.1,0,0,0,5,2,0,0,0,3,0
1575,Guillaume Restes,fr FRA,GK,Toulouse,fr Ligue 1,21.0,2005,3,3,250,2.8,0,0,0,0,0,0,0,0,0.00,83,fr FRA,GK,fr Ligue 1,21-187,2005,3,3,250,2.8,4,1.44,13,9,69.2,0,1,2,0,0.0,0,0,0,0,1575,fr FRA,GK,fr Ligue 1,21-187,2005,2.8,0,0,0,,0.00,0.00,,,0,0,1969,fr FRA,GK,fr Ligue 1,21-187,2005,3,250,83,69.4,2.8,3,83,2,0,,0,0.33,2,4,-2,-0.72,+0.10,1575,fr FRA,GK,fr Ligue 1,21-187,2005,2.8,0,0,0,0,1,0,0,0,0,0
1576,Roy Revivo,il ISR,DF,Elche,es La Liga,23.0,2003,2,1,100,1.1,0,0,0,0,0,0,0,0,0.00,,,,,,,,,,,,,,,,,,,,,,,,,1576,il ISR,DF,es La Liga,23-115,2003,1.1,0,1,0,0.0,0.90,0.00,0.00,,0,0,1970,il ISR,DF,es La Liga,23-115,2003,2,100,50,22.2,1.1,1,90,1,1,10,0,0.50,1,2,-1,-0.90,+0.64,1576,il ISR,DF,es La Liga,23-115,2003,1.1,0,0,0,0,2,0,2,2,2,0
1577,Oriol Rey,es ESP,MF,Levante,es La Liga,28.0,1998,5,4,390,4.3,0,0,0,0,0,0,0,0,0.00,,,,,,,,,,,,,,,,,,,,,,,,,1577,es ESP,MF,es La Liga,28-201,1998,4.3,0,1,0,0.0,0.23,0.00,0.00,,0,0,1971,es ESP,MF,es La Liga,28-201,1998,5,390,78,86.7,4.3,4,90,3,1,31,0,1.00,7,6,+1,+0.23,+4.73,1577,es ESP,MF,es La Liga,28-201,1998,4.3,0,0,0,6,1,0,2,3,3,0
1578,Gio Reyna,us USA,MF,Strasbourg,fr Ligue 1,23.0,2002,4,3,239,2.7,1,0,1,1,0,0,0,0,0.38,,,,,,,,,,,,,,,,,,,,,,,,,1578,us USA,MF,fr Ligue 1,23-305,2002,2.7,1,6,3,50.0,2.26,1.13,0.17,0.33,0,0,1972,us USA,MF,fr Ligue 1,23-305,2002,4,239,60,66.4,2.7,3,72,0,1,22,0,1.75,5,5,0,0.00,-0.74,1578,us USA,MF,fr Ligue 1,23-305,2002,2.7,0,0,0,2,4,0,1,1,2,0
1579,Bryan Reynolds,us USA,DF,Rennes,fr Ligue 1,25.0,2001,2,0,26,0.3,0,0,0,0,0,0,0,0,0.00,,,,,,,,,,,,,,,,,,,,,,,,,1579,us USA,DF,fr Ligue 1,25-078,2001,0.3,0,0,0,,0.00,0.00,,,0,0,1973,us USA,DF,fr Ligue 1,25-078,2001,2,26,13,7.2,0.3,0,,0,2,13,2,2.00,0,0,0,0.00,-0.81,1579,us USA,DF,fr Ligue 1,25-078,2001,0.3,0,0,0,1,0,0,1,0,1,0
1580,Chadi Riad,ma MAR,DF,Crystal Palace,eng Premier League,23.0,2003,1,1,71,0.8,0,0,0,0,0,0,0,0,0.00,,,,,,,,,,,,,,,,,,,,,,,,,1580,ma MAR,DF,eng Premier League,23-089,2003,0.8,0,0,0,,0.00,0.00,,,0,0,1974,ma MAR,DF,eng Premier League,23-089,2003,1,71,71,19.7,0.8,1,71,0,0,,0,0.00,0,2,-2,-2.54,-1.60,1580,ma MAR,DF,eng Premier League,23-089,2003,0.8,0,0,0,2,0,0,0,1,1,0
1581,Alexsandro Ribeiro,br BRA,DF,Lille,fr Ligue 1,27.0,1999,4,4,360,4.0,0,0,0,0,0,0,0,0,0.00,,,,,,,,,,,,,,,,,,,,,,,,,1581,br BRA,DF,fr Ligue 1,27-036,1999,4.0,0,0,0,,0.00,0.00,,,0,0,1975,br BRA,DF,fr Ligue 1,27-036,1999,4,360,90,100.0,4.0,4,90,4,0,,0,2.50,7,2,+5,+1.25,,1581,br BRA,DF,fr Ligue 1,27-036,1999,4.0,0,0,0,3,5,0,0,3,4,0
1582,Rodrigo Ribeiro,pt POR,FW,Augsburg,de Bundesliga,21.0,2005,3,0,33,0.4,1,0,1,1,0,0,0,0,2.73,,,,,,,,,,,,,,,,,,,,,,,,,1582,pt POR,FW,de Bundesliga,21-139,2005,0.4,1,2,1,50.0,5.45,2.73,0.50,1.00,0,0,1976,pt POR,FW,de Bundesliga,21-139,2005,3,33,11,12.2,0.4,0,,0,3,11,0,2.33,2,1,+1,+2.73,+0.83,1582,pt POR,FW,de Bundesliga,21-139,2005,0.4,0,0,0,1,0,0,0,0,0,0
1583,Samuele Ricci,it ITA,MF,Como,it Serie A,25.0,2001,1,0,11,0.1,0,0,0,0,0,0,0,0,0.00,,,,,,,,,,,,,,,,,,,,,,,,,1583,it ITA,MF,it Serie A,25-024,2001,0.1,0,1,1,100.0,8.18,8.18,0.00,0.00,0,0,1978,it ITA,MF,it Serie A,25-024,2001,1,11,11,4.1,0.1,0,,0,1,11,1,3.00,0,0,0,0.00,-1.39,1583,it ITA,MF,it Serie A,25-024,2001,0.1,0,0,0,0,0,0,0,0,1,0
1584,Declan Rice,eng ENG,MF,Arsenal,eng Premier League,27.0,1999,4,4,321,3.6,0,2,2,0,0,0,0,0,0.56,,,,,,,,,,,,,,,,,,,,,,,,,1584,eng ENG,MF,eng Premier League,27-243,1999,3.6,0,3,0,0.0,0.84,0.00,0.00,,0,0,1980,eng ENG,MF,eng Premier League,27-243,1999,4,321,80,89.2,3.6,4,80,1,0,,0,3.00,7,1,+6,+1.68,-0.63,1584,eng ENG,MF,eng Premier League,27-243,1999,3.6,0,0,0,3,0,1,12,3,2,0
1585,Chris Richards,us USA,DF,Crystal Palace,eng Premier League,26.0,2000,4,4,360,4.0,0,0,0,0,0,0,1,0,0.00,,,,,,,,,,,,,,,,,,,,,,,,,1585,us USA,DF,eng Premier League,26-170,2000,4.0,0,2,2,100.0,0.50,0.50,0.00,0.00,0,0,1981,us USA,DF,eng Premier League,26-170,2000,4,360,90,100.0,4.0,4,90,4,0,,0,0.75,6,11,-5,-1.25,,1585,us USA,DF,eng Premier League,26-170,2000,4.0,1,0,0,2,0,0,1,7,5,0
1586,Amir Richardson,ma MAR,MF,Le Havre,fr Ligue 1,24.0,2002,4,4,360,4.0,0,0,0,0,0,0,1,0,0.00,,,,,,,,,,,,,,,,,,,,,,,,,1586,ma MAR,MF,fr Ligue 1,24-233,2002,4.0,0,7,3,42.9,1.75,0.75,0.00,0.00,0,0,1982,ma MAR,MF,fr Ligue 1,24-233,2002,4,360,90,100.0,4.0,4,90,4,0,,0,0.50,2,4,-2,-0.50,,1586,ma MAR,MF,fr Ligue 1,24-233,2002,4.0,1,0,0,7,6,1,2,5,6,0
1587,Richarlison,br BRA,FW,Tottenham,eng Premier League,29.0,1997,1,1,67,0.7,0,0,0,0,0,0,0,0,0.00,,,,,,,,,,,,,,,,,,,,,,,,,1587,br BRA,FW,eng Premier League,29-127,1997,0.7,0,0,0,,0.00,0.00,,,0,0,1983,br BRA,FW,eng Premier League,29-127,1997,1,67,67,18.6,0.7,1,67,0,0,,0,0.00,0,3,-3,-4.03,-3.42,1587,br BRA,FW,eng Premier League,29-127,1997,0.7,0,0,0,2,1,0,0,0,0,0
1588,Diego Rico,es ESP,DF,Osasuna,es La Liga,33.0,1993,1,1,45,0.5,0,0,0,0,0,0,0,0,0.00,,,,,,,,,,,,,,,,,,,,,,,,,1588,es ESP,DF,es La Liga,33-203,1993,0.5,0,0,0,,0.00,0.00,,,0,0,1984,es ESP,DF,es La Liga,33-203,1993,1,45,45,10.0,0.5,1,45,0,0,,4,0.00,0,2,-2,-4.00,-3.78,1588,es ESP,DF,es La Liga,33-203,1993,0.5,0,0,0,0,3,0,0,0,0,0
1589,Clemens Riedel,de GER,DF,Espanyol,es La Liga,23.0,2003,4,3,250,2.8,0,0,0,0,0,0,2,0,0.00,,,,,,,,,,,,,,,,,,,,,,,,,1589,de GER,DF,es La Liga,23-057,2003,2.8,0,1,1,100.0,0.36,0.36,0.00,0.00,0,0,1985,de GER,DF,es La Liga,23-057,2003,4,250,63,55.6,2.8,3,82,2,1,5,1,1.75,7,1,+6,+2.16,+3.51,1589,de GER,DF,es La Liga,23-057,2003,2.8,2,0,0,9,0,0,1,2,3,0
1590,Fabian Rieder,ch SUI,MF,Augsburg,de Bundesliga,24.0,2002,3,3,262,2.9,1,2,3,1,0,0,1,0,1.03,,,,,,,,,,,,,,,,,,,,,,,,,1590,ch SUI,MF,de Bundesliga,24-210,2002,2.9,1,5,4,80.0,1.72,1.37,0.20,0.25,0,0,1986,ch SUI,MF,de Bundesliga,24-210,2002,3,262,87,97.0,2.9,3,87,2,0,,0,2.33,8,3,+5,+1.72,-9.53,1590,ch SUI,MF,de Bundesliga,24-210,2002,2.9,1,0,0,3,5,0,4,5,7,0
1591,Chris Rigg,eng ENG,MF,Sunderland,eng Premier League,19.0,2007,2,0,19,0.2,0,0,0,0,0,0,0,0,0.00,,,,,,,,,,,,,,,,,,,,,,,,,1591,eng ENG,MF,eng Premier League,19-088,2007,0.2,0,0,0,,0.00,0.00,,,0,0,1987,eng ENG,MF,eng Premier League,19-088,2007,2,19,10,5.3,0.2,0,,0,2,10,2,1.50,0,1,-1,-4.74,-4.47,1591,eng ENG,MF,eng Premier League,19-088,2007,0.2,0,0,0,0,0,0,0,0,0,0
1592,Hugo Rincón,es ESP,DF,Athletic Club,es La Liga,23.0,2003,2,1,107,1.2,0,0,0,0,0,0,0,0,0.00,,,,,,,,,,,,,,,,,,,,,,,,,1592,es ESP,DF,es La Liga,23-230,2003,1.2,0,0,0,,0.00,0.00,,,0,0,1988,es ESP,DF,es La Liga,23-230,2003,2,107,54,23.8,1.2,1,90,1,1,17,3,0.00,0,2,-2,-1.68,-2.47,1592,es ESP,DF,es La Liga,23-230,2003,1.2,0,0,0,1,4,0,2,1,0,0
1593,Luis Rioja,es ESP,DF,Valencia,es La Liga,32.0,1993,2,1,95,1.1,0,0,0,0,0,0,0,0,0.00,,,,,,,,,,,,,,,,,,,,,,,,,1593,es ESP,DF,es La Liga,32-333,1993,1.1,0,2,0,0.0,1.89,0.00,0.00,,0,0,1989,es ESP,DF,es La Liga,32-333,1993,2,95,48,21.1,1.1,1,59,0,1,36,0,0.00,1,4,-3,-2.84,-1.32,1593,es ESP,DF,es La Liga,32-333,1993,1.1,0,0,0,0,1,1,7,0,0,0
1594,Renaud Ripart,fr FRA,FW,Troyes,fr Ligue 1,33.0,1993,4,3,250,2.8,1,0,1,0,1,1,0,0,0.00,,,,,,,,,,,,,,,,,,,,,,,,,1594,fr FRA,FW,fr Ligue 1,33-184,1993,2.8,1,8,3,37.5,2.88,1.08,0.13,0.33,1,1,1990,fr FRA,FW,fr Ligue 1,33-184,1993,4,250,63,69.4,2.8,3,80,0,1,11,0,1.00,3,5,-2,-0.72,+1.73,1594,fr FRA,FW,fr Ligue 1,33-184,1993,2.8,0,0,0,2,7,0,2,1,3,0
1595,Rodrigo Riquelme,es ESP,MF,Real Betis,es La Liga,26.0,2000,4,3,210,2.3,2,0,2,2,0,0,0,0,0.86,,,,,,,,,,,,,,,,,,,,,,,,,1595,es ESP,MF,es La Liga,26-165,2000,2.3,2,4,3,75.0,1.71,1.29,0.50,0.67,0,0,1991,es ESP,MF,es La Liga,26-165,2000,4,210,53,58.3,2.3,3,65,0,1,14,0,2.25,4,3,+1,+0.43,+1.03,1595,es ESP,MF,es La Liga,26-165,2000,2.3,0,0,0,2,6,0,9,5,1,0
1596,Alberto Risco,es ESP,MF,Getafe,es La Liga,21.0,2005,3,0,52,0.6,0,0,0,0,0,0,0,0,0.00,,,,,,,,,,,,,,,,,,,,,,,,,1596,es ESP,MF,es La Liga,21-015,2005,0.6,0,1,0,0.0,1.73,0.00,0.00,,0,0,1992,es ESP,MF,es La Liga,21-015,2005,3,52,17,11.6,0.6,0,,0,3,17,0,1.00,0,3,-3,-5.19,-5.19,1596,es ESP,MF,es La Liga,21-015,2005,0.6,0,0,0,1,1,0,1,0,1,0
1597,Robin Risser,fr FRA,GK,Lens,fr Ligue 1,21.0,2004,4,4,360,4.0,0,0,0,0,0,0,0,0,0.00,84,fr FRA,GK,fr Ligue 1,21-286,2004,4,4,360,4.0,7,1.75,19,12,63.2,1,1,2,0,0.0,1,1,0,0,1597,fr FRA,GK,fr Ligue 1,21-286,2004,4.0,0,0,0,,0.00,0.00,,,0,0,1993,fr FRA,GK,fr Ligue 1,21-286,2004,4,360,90,100.0,4.0,4,90,4,0,,0,1.00,8,7,+1,+0.25,,1597,fr FRA,GK,fr Ligue 1,21-286,2004,4.0,0,0,0,0,1,0,0,0,0,0
1598,Andy Robertson,sct SCO,DF,Tottenham,eng Premier League,32.0,1994,4,3,277,3.1,0,0,0,0,0,0,0,0,0.00,,,,,,,,,,,,,,,,,,,,,,,,,1598,sct SCO,DF,eng Premier League,32-187,1994,3.1,0,2,1,50.0,0.65,0.32,0.00,0.00,0,0,1995,sct SCO,DF,eng Premier League,32-187,1994,4,277,69,76.9,3.1,3,82,2,1,30,0,0.50,0,4,-4,-1.30,-0.22,1598,sct SCO,DF,eng Premier League,32-187,1994,3.1,0,0,0,0,2,1,17,3,2,0
1599,Milan Robin,fr FRA,MF,Le Mans,fr Ligue 1,26.0,1999,1,0,10,0.1,0,0,0,0,0,0,0,0,0.00,,,,,,,,,,,,,,,,,,,,,,,,,1599,fr FRA,MF,fr Ligue 1,26-294,1999,0.1,0,0,0,,0.00,0.00,,,0,0,1996,fr FRA,MF,fr Ligue 1,26-294,1999,1,10,10,2.8,0.1,0,,0,1,10,1,0.00,0,1,-1,-9.00,-9.00,1599,fr FRA,MF,fr Ligue 1,26-294,1999,0.1,0,0,0,0,0,0,0,0,0,0
1600,Antonee Robinson,us USA,DF,Fulham,eng Premier League,29.0,1997,4,4,339,3.8,0,0,0,0,0,0,0,0,0.00,,,,,,,,,,,,,,,,,,,,,,,,,1600,us USA,DF,eng Premier League,29-037,1997,3.8,0,4,0,0.0,1.06,0.00,0.00,,0,0,1997,us USA,DF,eng Premier League,29-037,1997,4,339,85,94.2,3.8,4,85,2,0,,0,0.25,4,7,-3,-0.80,-0.80,1600,us USA,DF,eng Premier League,29-037,1997,3.8,0,0,0,3,2,0,15,2,8,0
1601,Jay Robinson,eng ENG,MF,Monza,it Serie A,19.0,2007,3,2,151,1.7,1,0,1,1,0,0,0,0,0.60,,,,,,,,,,,,,,,,,,,,,,,,,1601,eng ENG,MF,it Serie A,19-183,2007,1.7,1,4,3,75.0,2.38,1.79,0.25,0.33,0,0,1998,eng ENG,MF,it Serie A,19-183,2007,3,151,50,41.9,1.7,2,72,0,1,8,1,0.33,2,4,-2,-1.19,+0.10,1601,eng ENG,MF,it Serie A,19-183,2007,1.7,0,0,0,1,9,0,6,0,1,0
1602,Marc Roca,es ESP,MF,Real Betis,es La Liga,29.0,1996,3,3,246,2.7,0,1,1,0,0,0,1,0,0.37,,,,,,,,,,,,,,,,,,,,,,,,,1602,es ESP,MF,es La Liga,29-292,1996,2.7,0,3,0,0.0,1.10,0.00,0.00,,0,0,1999,es ESP,MF,es La Liga,29-292,1996,3,246,82,68.3,2.7,3,82,2,0,,1,2.00,4,3,+1,+0.37,+1.16,1602,es ESP,MF,es La Liga,29-292,1996,2.7,1,0,0,4,5,0,0,3,4,0
1603,Joe Rodon,wls WAL,DF,Leeds United,eng Premier League,28.0,1997,2,2,123,1.4,0,0,0,0,0,0,0,0,0.00,,,,,,,,,,,,,,,,,,,,,,,,,1603,wls WAL,DF,eng Premier League,28-327,1997,1.4,0,1,0,0.0,0.73,0.00,0.00,,0,0,2000,wls WAL,DF,eng Premier League,28-327,1997,2,123,62,45.6,1.4,2,62,1,0,,0,2.00,1,0,+1,+0.73,+0.73,1603,wls WAL,DF,eng Premier League,28-327,1997,1.4,0,0,0,3,2,0,1,2,0,0
1604,Rodri,es ESP,MF,Barcelona,es La Liga,30.0,1996,4,2,206,2.3,0,0,0,0,0,0,1,0,0.00,,,,,,,,,,,,,,,,,,,,,,,,,1604,es ESP,MF,es La Liga,30-084,1996,2.3,0,1,0,0.0,0.44,0.00,0.00,,0,0,2001,es ESP,MF,es La Liga,30-084,1996,4,206,52,45.8,2.3,2,76,1,2,28,0,3.00,10,2,+8,+3.50,+0.18,1604,es ESP,MF,es La Liga,30-084,1996,2.3,1,0,0,1,2,0,1,3,3,0
1605,Álvaro Rodríguez,uy URU,FW,Bournemouth,eng Premier League,22.0,2004,2,0,11,0.1,0,0,0,0,0,0,0,0,0.00,,,,,,,,,,,,,,,,,,,,,,,,,1605,uy URU,FW,eng Premier League,22-062,2004,0.1,0,0,0,,0.00,0.00,,,0,0,2003,uy URU,FW,eng Premier League,22-062,2004,2,11,6,3.1,0.1,0,,0,2,6,1,1.00,0,1,-1,-8.18,-8.18,1605,uy URU,FW,eng Premier League,22-062,2004,0.1,0,0,0,1,1,0,0,0,0,0
1606,Guido Rodríguez,ar ARG,MF,Valencia,es La Liga,32.0,1994,2,2,177,2.0,0,0,0,0,0,0,0,0,0.00,,,,,,,,,,,,,,,,,,,,,,,,,1606,ar ARG,MF,es La Liga,32-155,1994,2.0,0,1,1,100.0,0.51,0.51,0.00,0.00,0,0,2004,ar ARG,MF,es La Liga,32-155,1994,2,177,89,39.3,2.0,2,89,1,0,,0,0.50,0,1,-1,-0.51,+2.13,1606,ar ARG,MF,es La Liga,32-155,1994,2.0,0,0,0,4,4,0,0,5,3,0
1607,Javi Rodríguez,es ESP,DF,Celta Vigo,es La Liga,23.0,2003,4,3,232,2.6,0,0,0,0,0,0,0,0,0.00,,,,,,,,,,,,,,,,,,,,,,,,,1607,es ESP,DF,es La Liga,23-079,2003,2.6,0,1,1,100.0,0.39,0.39,0.00,0.00,0,0,2005,es ESP,DF,es La Liga,23-079,2003,4,232,58,43.0,2.6,3,75,2,1,7,2,0.50,1,4,-3,-1.16,-1.16,1607,es ESP,DF,es La Liga,23-079,2003,2.6,0,0,0,1,1,0,0,3,1,0
1608,Jesus Rodríguez,es ESP,MF,Como,it Serie A,20.0,2005,1,1,70,0.8,0,0,0,0,0,0,0,0,0.00,,,,,,,,,,,,,,,,,,,,,,,,,1608,es ESP,MF,it Serie A,20-297,2005,0.8,0,2,0,0.0,2.57,0.00,0.00,,0,0,2006,es ESP,MF,it Serie A,20-297,2005,1,70,70,25.9,0.8,1,70,0,0,,2,1.00,1,1,0,0.00,-1.80,1608,es ESP,MF,it Serie A,20-297,2005,0.8,0,0,0,1,0,0,2,0,0,0
1609,Juan Rodríguez,uy URU,DF,Cagliari,it Serie A,21.0,2005,4,4,335,3.7,0,0,0,0,0,0,0,0,0.00,,,,,,,,,,,,,,,,,,,,,,,,,1609,uy URU,DF,it Serie A,21-107,2005,3.7,0,1,0,0.0,0.27,0.00,0.00,,0,0,2007,uy URU,DF,it Serie A,21-107,2005,4,335,84,93.1,3.7,4,84,3,0,,0,2.25,4,2,+2,+0.54,+0.54,1609,uy URU,DF,it Serie A,21-107,2005,3.7,0,0,0,2,1,0,0,8,4,0
1610,Miguel Rodríguez,es ESP,MF,Alavés,es La Liga,23.0,2003,2,0,7,0.1,0,0,0,0,0,0,0,0,0.00,,,,,,,,,,,,,,,,,,,,,,,,,1610,es ESP,MF,es La Liga,23-138,2003,0.1,0,0,0,,0.00,0.00,,,0,0,2008,es ESP,MF,es La Liga,23-138,2003,2,7,4,1.6,0.1,0,,0,2,4,3,1.50,1,0,+1,+12.86,+11.84,1610,es ESP,MF,es La Liga,23-138,2003,0.1,0,0,0,0,0,0,0,0,0,0
1611,Mikel Rodriguez,es ESP,MF,Alavés,es La Liga,24.0,2002,3,2,148,1.6,1,0,1,1,0,0,0,0,0.61,,,,,,,,,,,,,,,,,,,,,,,,,1611,es ESP,MF,es La Liga,24-164,2002,1.6,1,2,1,50.0,1.22,0.61,0.50,1.00,0,0,2009,es ESP,MF,es La Liga,24-164,2002,3,148,49,32.9,1.6,2,57,0,1,34,0,2.33,4,1,+3,+1.82,+0.93,1611,es ESP,MF,es La Liga,24-164,2002,1.6,0,0,0,1,5,1,3,2,4,0
1612,Rafa Rodríguez,es ESP,MF,Málaga,es La Liga,23.0,2003,3,1,87,1.0,0,0,0,0,0,0,0,0,0.00,,,,,,,,,,,,,,,,,,,,,,,,,1612,es ESP,MF,es La Liga,23-066,2003,1.0,0,6,0,0.0,6.21,0.00,0.00,,0,0,2010,es ESP,MF,es La Liga,23-066,2003,3,87,29,19.3,1.0,1,45,0,2,21,2,0.33,0,5,-5,-5.17,-4.92,1612,es ESP,MF,es La Liga,23-066,2003,1.0,0,0,0,2,3,0,0,0,1,0
1613,Riki Rodríguez,es ESP,MF,Dep. A Coruña,es La Liga,28.0,1997,2,2,116,1.3,0,0,0,0,0,0,0,0,0.00,,,,,,,,,,,,,,,,,,,,,,,,,1613,es ESP,MF,es La Liga,28-354,1997,1.3,0,0,0,,0.00,0.00,,,0,0,2011,es ESP,MF,es La Liga,28-354,1997,2,116,58,25.8,1.3,2,58,0,0,,3,3.00,4,2,+2,+1.55,+1.28,1613,es ESP,MF,es La Liga,28-354,1997,1.3,0,0,0,2,1,0,1,1,0,0
1614,Robin Roefs,nl NED,GK,Sunderland,eng Premier League,23.0,2003,4,4,360,4.0,0,0,0,0,0,0,0,0,0.00,85,nl NED,GK,eng Premier League,23-240,2003,4,4,360,4.0,5,1.25,10,5,50.0,1,1,2,1,25.0,1,1,0,0,1614,nl NED,GK,eng Premier League,23-240,2003,4.0,0,0,0,,0.00,0.00,,,0,0,2012,nl NED,GK,eng Premier League,23-240,2003,4,360,90,100.0,4.0,4,90,4,0,,0,1.00,3,5,-2,-0.50,,1614,nl NED,GK,eng Premier League,23-240,2003,4.0,0,0,0,0,2,0,0,0,0,0
1615,Morgan Rogers,eng ENG,MF,Chelsea,eng Premier League,24.0,2002,4,4,347,3.9,3,1,4,3,0,0,1,0,1.04,,,,,,,,,,,,,,,,,,,,,,,,,1615,eng ENG,MF,eng Premier League,24-050,2002,3.9,3,11,4,36.4,2.85,1.04,0.27,0.75,0,0,2013,eng ENG,MF,eng Premier League,24-050,2002,4,347,87,96.4,3.9,4,87,2,0,,0,1.75,10,9,+1,+0.26,+0.26,1615,eng ENG,MF,eng Premier League,24-050,2002,3.9,1,0,0,5,6,0,3,0,2,0
1616,Merlin Röhl,de GER,DF,Everton,eng Premier League,24.0,2002,3,3,249,2.8,0,0,0,0,0,0,1,0,0.00,,,,,,,,,,,,,,,,,,,,,,,,,1616,de GER,DF,eng Premier League,24-071,2002,2.8,0,0,0,,0.00,0.00,,,0,0,2014,de GER,DF,eng Premier League,24-071,2002,3,249,83,69.2,2.8,3,83,1,0,,0,1.67,2,2,0,0.00,-1.62,1616,de GER,DF,eng Premier League,24-071,2002,2.8,1,0,0,3,4,0,7,1,4,0
1617,Maximilian Rohr,de GER,DF,Elversberg,de Bundesliga,31.0,1995,3,3,261,2.9,0,0,0,0,0,0,1,0,0.00,,,,,,,,,,,,,,,,,,,,,,,,,1617,de GER,DF,de Bundesliga,31-079,1995,2.9,0,1,0,0.0,0.34,0.00,0.00,,0,0,2015,de GER,DF,de Bundesliga,31-079,1995,3,261,87,96.7,2.9,3,87,2,0,,0,2.00,8,6,+2,+0.69,+10.69,1617,de GER,DF,de Bundesliga,31-079,1995,2.9,1,0,0,3,3,0,0,5,1,0
1618,Leo Román,es ESP,GK,Dep. A Coruña,es La Liga,26.0,2000,5,5,450,5.0,0,0,0,0,0,0,0,0,0.00,86,es ESP,GK,es La Liga,26-070,2000,5,5,450,5.0,6,1.20,22,16,72.7,2,3,0,0,0.0,1,1,0,0,1618,es ESP,GK,es La Liga,26-070,2000,5.0,0,0,0,,0.00,0.00,,,0,0,2017,es ESP,GK,es La Liga,26-070,2000,5,450,90,100.0,5.0,5,90,5,0,,0,1.80,9,6,+3,+0.60,,1618,es ESP,GK,es La Liga,26-070,2000,5.0,0,0,0,0,0,0,0,0,0,0
1619,Miguel Román,es ESP,MF,Celta Vigo,es La Liga,23.0,2002,6,5,495,5.5,0,1,1,0,0,0,0,0,0.18,,,,,,,,,,,,,,,,,,,,,,,,,1619,es ESP,MF,es La Liga,23-262,2002,5.5,0,5,0,0.0,0.91,0.00,0.00,,0,0,2019,es ESP,MF,es La Liga,23-262,2002,6,495,83,91.7,5.5,5,90,5,1,45,0,0.67,3,4,-1,-0.18,+3.82,1619,es ESP,MF,es La Liga,23-262,2002,5.5,0,0,0,3,4,0,14,2,4,0
1620,Alessandro Romano,ch SUI,MF,Cagliari,it Serie A,20.0,2006,4,4,360,4.0,1,0,1,1,0,0,0,0,0.25,,,,,,,,,,,,,,,,,,,,,,,,,1620,ch SUI,MF,it Serie A,20-089,2006,4.0,1,6,4,66.7,1.50,1.00,0.17,0.25,0,0,2020,ch SUI,MF,it Serie A,20-089,2006,4,360,90,100.0,4.0,4,90,4,0,,0,2.25,4,2,+2,+0.50,,1620,ch SUI,MF,it Serie A,20-089,2006,4.0,0,0,0,4,4,0,11,2,7,0
1621,Carlos Romero,es ESP,DF,Villarreal,es La Liga,24.0,2001,3,3,270,3.0,0,0,0,0,0,0,1,0,0.00,,,,,,,,,,,,,,,,,,,,,,,,,1621,es ESP,DF,es La Liga,24-320,2001,3.0,0,2,0,0.0,0.67,0.00,0.00,,0,0,2021,es ESP,DF,es La Liga,24-320,2001,3,270,90,75.0,3.0,3,90,3,0,,0,0.67,4,5,-1,-0.33,+0.67,1621,es ESP,DF,es La Liga,24-320,2001,3.0,1,0,0,2,7,0,6,1,5,0
1622,Cristian Romero,ar ARG,DF,Atlético Madrid,es La Liga,28.0,1998,2,1,122,1.4,0,0,0,0,0,0,0,0,0.00,,,,,,,,,,,,,,,,,,,,,,,,,1622,ar ARG,DF,es La Liga,28-140,1998,1.4,0,1,0,0.0,0.74,0.00,0.00,,0,0,2022,ar ARG,DF,es La Liga,28-140,1998,2,122,61,27.1,1.4,1,90,1,1,32,1,1.50,3,1,+2,+1.48,+0.93,1622,ar ARG,DF,es La Liga,28-140,1998,1.4,0,0,0,0,3,0,0,0,0,0
1623,Isaac Romero,es ESP,"MF,FW",Sevilla,es La Liga,26.0,2000,4,2,175,1.9,1,1,2,1,0,0,2,0,1.03,,,,,,,,,,,,,,,,,,,,,,,,,1623,es ESP,"MF,FW",es La Liga,26-119,2000,1.9,1,4,1,25.0,2.06,0.51,0.25,1.00,0,0,2023,es ESP,"MF,FW",es La Liga,26-119,2000,4,175,44,38.9,1.9,2,54,0,2,34,1,2.25,2,2,0,0.00,-0.65,1623,es ESP,"MF,FW",es La Liga,26-119,2000,1.9,2,0,0,6,3,1,2,1,3,0
1624,Iván Romero,es ESP,FW,Levante,es La Liga,25.0,2001,5,4,314,3.5,1,0,1,1,0,0,1,0,0.29,,,,,,,,,,,,,,,,,,,,,,,,,1624,es ESP,FW,es La Liga,25-157,2001,3.5,1,15,6,40.0,4.30,1.72,0.07,0.17,0,0,2024,es ESP,FW,es La Liga,25-157,2001,5,314,63,69.8,3.5,4,71,0,1,32,0,1.00,6,5,+1,+0.29,+2.27,1624,es ESP,FW,es La Liga,25-157,2001,3.5,1,0,0,3,7,2,2,0,2,0
1625,José Romero,ar ARG,FW,Parma,it Serie A,23.0,2003,2,1,83,0.9,0,0,0,0,0,0,0,0,0.00,,,,,,,,,,,,,,,,,,,,,,,,,1625,ar ARG,FW,it Serie A,23-173,2003,0.9,0,3,3,100.0,3.25,3.25,0.00,0.00,0,0,2025,ar ARG,FW,it Serie A,23-173,2003,2,83,42,30.7,0.9,1,54,0,1,29,1,0.50,0,2,-2,-2.17,-1.69,1625,ar ARG,FW,it Serie A,23-173,2003,0.9,0,0,0,1,2,0,0,0,1,0
1626,Zaid Romero,ar ARG,DF,Getafe,es La Liga,26.0,1999,4,4,336,3.7,0,0,0,0,0,0,2,1,0.00,,,,,,,,,,,,,,,,,,,,,,,,,1626,ar ARG,DF,es La Liga,26-273,1999,3.7,0,1,0,0.0,0.27,0.00,0.00,,0,0,2026,ar ARG,DF,es La Liga,26-273,1999,4,336,84,74.7,3.7,4,84,3,0,,0,1.00,2,5,-3,-0.80,-0.80,1626,ar ARG,DF,es La Liga,26-273,1999,3.7,2,1,1,3,3,0,4,7,3,0
1627,Rômulo,br BRA,FW,RB Leipzig,de Bundesliga,24.0,2002,1,0,17,0.2,1,0,1,1,0,0,0,0,5.29,,,,,,,,,,,,,,,,,,,,,,,,,1627,br BRA,FW,de Bundesliga,24-218,2002,0.2,1,1,1,100.0,5.29,5.29,1.00,1.00,0,0,2027,br BRA,FW,de Bundesliga,24-218,2002,1,17,17,6.3,0.2,0,,0,1,17,0,3.00,1,0,+1,+5.29,+3.52,1627,br BRA,FW,de Bundesliga,24-218,2002,0.2,0,0,0,1,0,0,0,0,1,0
1628,Imad Rondić,ba BIH,FW,Köln,de Bundesliga,27.0,1999,1,0,1,0.0,0,0,0,0,0,0,0,0,0.00,,,,,,,,,,,,,,,,,,,,,,,,,1628,ba BIH,FW,de Bundesliga,27-210,1999,0.0,0,0,0,,0.00,0.00,,,0,0,2028,ba BIH,FW,de Bundesliga,27-210,1999,1,1,1,0.4,0.0,0,,0,1,1,0,0.00,0,0,0,0.00,+0.67,1628,ba BIH,FW,de Bundesliga,27-210,1999,0.0,0,0,0,0,0,0,0,0,0,0
1629,Valentin Rongier,fr FRA,MF,Rennes,fr Ligue 1,31.0,1994,4,4,343,3.8,1,0,1,1,0,0,0,0,0.26,,,,,,,,,,,,,,,,,,,,,,,,,1629,fr FRA,MF,fr Ligue 1,31-281,1994,3.8,1,3,3,100.0,0.79,0.79,0.33,0.33,0,0,2029,fr FRA,MF,fr Ligue 1,31-281,1994,4,343,86,95.3,3.8,4,86,3,0,,0,2.50,7,5,+2,+0.52,-4.77,1629,fr FRA,MF,fr Ligue 1,31-281,1994,3.8,0,0,0,5,3,0,1,4,6,0
1630,Marten de Roon,nl NED,"DF,MF",Roma,it Serie A,35.0,1991,1,0,7,0.1,0,0,0,0,0,0,0,0,0.00,,,,,,,,,,,,,,,,,,,,,,,,,1630,nl NED,"DF,MF",it Serie A,35-169,1991,0.1,0,0,0,,0.00,0.00,,,0,0,2031,nl NED,"DF,MF",it Serie A,35-169,1991,1,7,7,2.6,0.1,0,,0,1,7,1,3.00,0,0,0,0.00,-3.08,1630,nl NED,"DF,MF",it Serie A,35-169,1991,0.1,0,0,0,0,0,0,0,0,1,0
1631,Max Rosenfelder,de GER,DF,Freiburg,de Bundesliga,23.0,2003,1,0,22,0.2,0,0,0,0,0,0,0,0,0.00,,,,,,,,,,,,,,,,,,,,,,,,,1631,de GER,DF,de Bundesliga,23-216,2003,0.2,0,0,0,,0.00,0.00,,,0,0,2032,de GER,DF,de Bundesliga,23-216,2003,1,22,22,8.1,0.2,0,,0,1,22,2,3.00,0,1,-1,-4.09,-7.72,1631,de GER,DF,de Bundesliga,23-216,2003,0.2,0,0,0,0,0,0,0,2,0,0
1632,Tom Rothe,de GER,DF,Union Berlin,de Bundesliga,21.0,2004,3,3,270,3.0,0,1,1,0,0,0,0,0,0.33,,,,,,,,,,,,,,,,,,,,,,,,,1632,de GER,DF,de Bundesliga,21-320,2004,3.0,0,4,2,50.0,1.33,0.67,0.00,0.00,0,0,2033,de GER,DF,de Bundesliga,21-320,2004,3,270,90,100.0,3.0,3,90,3,0,,0,0.33,4,10,-6,-2.00,,1632,de GER,DF,de Bundesliga,21-320,2004,3.0,0,0,0,3,2,1,7,3,7,0
1633,Mats Rots,nl NED,DF,Hoffenheim,de Bundesliga,20.0,2006,3,2,162,1.8,0,0,0,0,0,0,0,0,0.00,,,,,,,,,,,,,,,,,,,,,,,,,1633,nl NED,DF,de Bundesliga,20-187,2006,1.8,0,3,0,0.0,1.67,0.00,0.00,,0,0,2034,nl NED,DF,de Bundesliga,20-187,2006,3,162,54,60.0,1.8,2,79,1,1,4,0,1.00,4,4,0,0.00,+0.83,1633,nl NED,DF,de Bundesliga,20-187,2006,1.8,0,0,0,3,0,1,10,2,2,0
1634,Anthony Rouault,fr FRA,DF,Rennes,fr Ligue 1,25.0,2001,2,2,180,2.0,0,0,0,0,0,0,0,0,0.00,,,,,,,,,,,,,,,,,,,,,,,,,1634,fr FRA,DF,fr Ligue 1,25-108,2001,2.0,0,1,0,0.0,0.50,0.00,0.00,,0,0,2035,fr FRA,DF,fr Ligue 1,25-108,2001,2,180,90,50.0,2.0,2,90,2,0,,2,3.00,3,1,+2,+1.00,+0.50,1634,fr FRA,DF,fr Ligue 1,25-108,2001,2.0,0,0,0,0,0,0,0,1,2,0
1635,Nicolò Rovella,it ITA,MF,Lazio,it Serie A,24.0,2001,2,2,126,1.4,0,0,0,0,0,0,0,0,0.00,,,,,,,,,,,,,,,,,,,,,,,,,1635,it ITA,MF,it Serie A,24-284,2001,1.4,0,1,0,0.0,0.71,0.00,0.00,,0,0,2036,it ITA,MF,it Serie A,24-284,2001,2,126,63,35.0,1.4,2,63,1,0,,0,3.00,2,0,+2,+1.43,+1.04,1635,it ITA,MF,it Serie A,24-284,2001,1.4,0,0,0,1,2,0,0,2,2,0
1636,Jonathan Rowe,eng ENG,"FW,MF",Bologna,it Serie A,23.0,2003,1,0,31,0.3,0,0,0,0,0,0,0,0,0.00,,,,,,,,,,,,,,,,,,,,,,,,,1636,eng ENG,"FW,MF",it Serie A,23-137,2003,0.3,0,1,1,100.0,2.90,2.90,0.00,0.00,0,0,2037,eng ENG,"FW,MF",it Serie A,23-137,2003,1,31,31,8.6,0.3,0,,0,1,31,0,0.00,0,0,0,0.00,+0.82,1636,eng ENG,"FW,MF",it Serie A,23-137,2003,0.3,0,0,0,1,2,0,1,0,0,0
1637,Jonathan Rowe,eng ENG,FW,Atalanta,it Serie A,23.0,2003,1,1,90,1.0,0,0,0,0,0,0,0,0,0.00,,,,,,,,,,,,,,,,,,,,,,,,,1637,eng ENG,FW,it Serie A,23-137,2003,1.0,0,3,0,0.0,3.00,0.00,0.00,,0,0,2038,eng ENG,FW,it Serie A,23-137,2003,1,90,90,25.0,1.0,1,90,1,0,,1,0.00,1,2,-1,-1.00,-1.33,1637,eng ENG,FW,it Serie A,23-137,2003,1.0,0,0,0,0,3,1,8,0,3,0
1638,Albion Rrahmani,xk KVX,FW,Venezia,it Serie A,26.0,2000,3,1,62,0.7,0,0,0,0,0,0,0,0,0.00,,,,,,,,,,,,,,,,,,,,,,,,,1638,xk KVX,FW,it Serie A,26-014,2000,0.7,0,4,1,25.0,5.81,1.45,0.00,0.00,0,0,2040,xk KVX,FW,it Serie A,26-014,2000,3,62,21,17.2,0.7,1,45,0,2,9,1,0.00,0,3,-3,-4.35,-3.15,1638,xk KVX,FW,it Serie A,26-014,2000,0.7,0,0,0,1,0,0,0,1,1,0
1639,Amir Rrahmani,xk KVX,DF,Napoli,it Serie A,32.0,1994,4,4,360,4.0,0,1,1,0,0,0,0,0,0.25,,,,,,,,,,,,,,,,,,,,,,,,,1639,xk KVX,DF,it Serie A,32-202,1994,4.0,0,4,0,0.0,1.00,0.00,0.00,,0,0,2041,xk KVX,DF,it Serie A,32-202,1994,4,360,90,100.0,4.0,4,90,4,0,,0,1.50,6,5,+1,+0.25,,1639,xk KVX,DF,it Serie A,32-202,1994,4.0,0,0,0,7,3,0,0,4,6,0
1640,Rubén,es ESP,DF,Elche,es La Liga,25.0,2001,1,0,15,0.2,0,0,0,0,0,0,1,0,0.00,,,,,,,,,,,,,,,,,,,,,,,,,1640,es ESP,DF,es La Liga,25-222,2001,0.2,0,1,0,0.0,6.00,0.00,0.00,,0,0,2042,es ESP,DF,es La Liga,25-222,2001,1,15,15,3.3,0.2,0,,0,1,15,1,1.00,0,1,-1,-6.00,-4.76,1640,es ESP,DF,es La Liga,25-222,2001,0.2,1,0,0,1,0,0,0,0,0,0
1641,Antonio Rüdiger,de GER,DF,Real Madrid,es La Liga,33.0,1993,2,2,180,2.0,0,0,0,0,0,0,0,0,0.00,,,,,,,,,,,,,,,,,,,,,,,,,1641,de GER,DF,es La Liga,33-195,1993,2.0,0,2,1,50.0,1.00,0.50,0.00,0.00,0,0,2043,de GER,DF,es La Liga,33-195,1993,2,180,90,40.0,2.0,2,90,2,0,,3,3.00,8,1,+7,+3.50,+2.50,1641,de GER,DF,es La Liga,33-195,1993,2.0,0,0,0,1,1,0,0,0,0,0
1642,Jack Rudoni,eng ENG,MF,Coventry City,eng Premier League,26.0,2000,4,3,225,2.5,0,0,0,0,0,0,0,0,0.00,,,,,,,,,,,,,,,,,,,,,,,,,1642,eng ENG,MF,eng Premier League,26-111,2000,2.5,0,5,3,60.0,2.00,1.20,0.00,0.00,0,0,2044,eng ENG,MF,eng Premier League,26-111,2000,4,225,56,62.5,2.5,3,68,0,1,21,0,0.00,0,4,-4,-1.60,+2.40,1642,eng ENG,MF,eng Premier League,26-111,2000,2.5,0,0,0,5,3,0,9,2,1,0
1643,Javi Rueda,es ESP,MF,Celta Vigo,es La Liga,24.0,2002,6,3,330,3.7,0,0,0,0,0,0,1,0,0.00,,,,,,,,,,,,,,,,,,,,,,,,,1643,es ESP,MF,es La Liga,24-129,2002,3.7,0,2,0,0.0,0.55,0.00,0.00,,0,0,2045,es ESP,MF,es La Liga,24-129,2002,6,330,55,61.1,3.7,3,77,0,3,33,0,0.67,2,3,-1,-0.27,+0.58,1643,es ESP,MF,es La Liga,24-129,2002,3.7,1,0,0,4,5,2,10,5,5,0
1644,Matteo Ruggeri,it ITA,"DF,MF",Aston Villa,eng Premier League,24.0,2002,2,0,25,0.3,0,0,0,0,0,0,0,0,0.00,,,,,,,,,,,,,,,,,,,,,,,,,1644,it ITA,"DF,MF",eng Premier League,24-065,2002,0.3,0,0,0,,0.00,0.00,,,0,0,2048,it ITA,"DF,MF",eng Premier League,24-065,2002,2,25,13,6.9,0.3,0,,0,2,13,2,0.50,0,0,0,0.00,+1.61,1644,it ITA,"DF,MF",eng Premier League,24-065,2002,0.3,0,0,0,0,0,0,2,1,0,0
1645,Fabián Ruiz Peña,es ESP,MF,Paris SG,fr Ligue 1,30.0,1996,4,2,229,2.5,0,2,2,0,0,0,1,0,0.79,,,,,,,,,,,,,,,,,,,,,,,,,1645,es ESP,MF,fr Ligue 1,30-164,1996,2.5,0,2,2,100.0,0.79,0.79,0.00,0.00,0,0,2049,es ESP,MF,fr Ligue 1,30-164,1996,4,229,57,63.6,2.5,2,73,0,2,42,0,1.25,3,3,0,0.00,0.00,1645,es ESP,MF,fr Ligue 1,30-164,1996,2.5,1,0,0,2,2,0,5,3,4,0
1646,Otto Ruoppi,fi FIN,"FW,MF",Mainz 05,de Bundesliga,20.0,2006,3,0,32,0.4,0,1,1,0,0,0,0,0,2.81,,,,,,,,,,,,,,,,,,,,,,,,,1646,fi FIN,"FW,MF",de Bundesliga,20-226,2006,0.4,0,0,0,,0.00,0.00,,,0,0,2051,fi FIN,"FW,MF",de Bundesliga,20-226,2006,3,32,11,11.9,0.4,0,,0,3,11,0,1.33,2,0,+2,+5.63,+5.25,1646,fi FIN,"FW,MF",de Bundesliga,20-226,2006,0.4,0,0,0,0,0,0,1,0,0,0
1647,Carl Rushworth,eng ENG,GK,Coventry City,eng Premier League,25.0,2001,4,4,360,4.0,0,0,0,0,0,0,0,0,0.00,87,eng ENG,GK,eng Premier League,25-074,2001,4,4,360,4.0,10,2.50,17,7,41.2,0,0,4,0,0.0,1,1,0,0,1647,eng ENG,GK,eng Premier League,25-074,2001,4.0,0,0,0,,0.00,0.00,,,0,0,2052,eng ENG,GK,eng Premier League,25-074,2001,4,360,90,100.0,4.0,4,90,4,0,,0,0.00,0,10,-10,-2.50,,1647,eng ENG,GK,eng Premier League,25-074,2001,4.0,0,0,0,0,1,0,0,0,0,0
1648,Jacen Russell-Rowe,ca CAN,FW,Toulouse,fr Ligue 1,24.0,2002,4,3,251,2.8,1,0,1,1,0,0,0,0,0.36,,,,,,,,,,,,,,,,,,,,,,,,,1648,ca CAN,FW,fr Ligue 1,24-001,2002,2.8,1,8,4,50.0,2.87,1.43,0.13,0.25,0,0,2053,ca CAN,FW,fr Ligue 1,24-001,2002,4,251,63,69.7,2.8,3,77,1,1,20,0,0.50,4,4,0,0.00,+2.48,1648,ca CAN,FW,fr Ligue 1,24-001,2002,2.8,0,0,0,4,0,1,2,1,0,0
1649,Georginio Rutter,fr FRA,FW,Brighton,eng Premier League,24.0,2002,1,1,90,1.0,0,1,1,0,0,0,0,0,1.00,,,,,,,,,,,,,,,,,,,,,,,,,1649,fr FRA,FW,eng Premier League,24-147,2002,1.0,0,2,0,0.0,2.00,0.00,0.00,,0,0,2054,fr FRA,FW,eng Premier League,24-147,2002,1,90,90,25.0,1.0,1,90,1,0,,0,3.00,4,0,+4,+4.00,+2.67,1649,fr FRA,FW,eng Premier League,24-147,2002,1.0,0,0,0,0,0,2,0,0,2,0
1650,Mathew Ryan,au AUS,GK,Levante,es La Liga,34.0,1992,5,5,450,5.0,0,0,0,0,0,0,0,0,0.00,88,au AUS,GK,es La Liga,34-159,1992,5,5,450,5.0,9,1.80,27,18,66.7,1,2,2,2,40.0,2,1,1,0,1650,au AUS,GK,es La Liga,34-159,1992,5.0,0,0,0,,0.00,0.00,,,0,0,2055,au AUS,GK,es La Liga,34-159,1992,5,450,90,100.0,5.0,5,90,5,0,,0,1.00,7,9,-2,-0.40,,1650,au AUS,GK,es La Liga,34-159,1992,5.0,0,0,0,0,1,0,0,0,0,0
1651,Julian Ryerson,no NOR,MF,Dortmund,de Bundesliga,28.0,1997,3,3,239,2.7,0,0,0,0,0,0,1,0,0.00,,,,,,,,,,,,,,,,,,,,,,,,,1651,no NOR,MF,de Bundesliga,28-301,1997,2.7,0,0,0,,0.00,0.00,,,0,0,2056,no NOR,MF,de Bundesliga,28-301,1997,3,239,80,88.5,2.7,3,80,1,0,,0,3.00,6,2,+4,+1.51,-4.30,1651,no NOR,MF,de Bundesliga,28-301,1997,2.7,1,0,0,2,5,0,25,5,2,0
1652,Frederik Rønnow,dk DEN,GK,Union Berlin,de Bundesliga,34.0,1992,2,2,180,2.0,0,0,0,0,0,0,0,0,0.00,89,dk DEN,GK,de Bundesliga,34-041,1992,2,2,180,2.0,7,3.50,19,12,63.2,0,0,2,0,0.0,0,0,0,0,1652,dk DEN,GK,de Bundesliga,34-041,1992,2.0,0,0,0,,0.00,0.00,,,0,0,2057,dk DEN,GK,de Bundesliga,34-041,1992,2,180,90,66.7,2.0,2,90,2,0,,0,0.00,1,7,-6,-3.00,-3.00,1652,dk DEN,GK,de Bundesliga,34-041,1992,2.0,0,0,0,0,0,0,0,0,0,0
1653,Stefano Sabelli,it ITA,MF,Genoa,it Serie A,33.0,1993,1,1,45,0.5,0,0,0,0,0,0,1,0,0.00,,,,,,,,,,,,,,,,,,,,,,,,,1653,it ITA,MF,it Serie A,33-244,1993,0.5,0,0,0,,0.00,0.00,,,0,0,2058,it ITA,MF,it Serie A,33-244,1993,1,45,45,12.5,0.5,1,45,0,0,,2,0.00,1,5,-4,-8.00,-7.43,1653,it ITA,MF,it Serie A,33-244,1993,0.5,1,0,0,2,1,1,1,2,0,0
1654,Marcel Sabitzer,at AUT,"FW,MF",Dortmund,de Bundesliga,32.0,1994,3,0,67,0.7,0,1,1,0,0,0,0,0,1.34,,,,,,,,,,,,,,,,,,,,,,,,,1654,at AUT,"FW,MF",de Bundesliga,32-181,1994,0.7,0,1,0,0.0,1.34,0.00,0.00,,0,0,2059,at AUT,"FW,MF",de Bundesliga,32-181,1994,3,67,22,24.8,0.7,0,,0,3,22,0,3.00,2,0,+2,+2.69,+0.91,1654,at AUT,"FW,MF",de Bundesliga,32-181,1994,0.7,0,0,0,0,1,1,4,1,0,0
1655,Mujaid Sadick,es ESP,DF,Rayo Vallecano,es La Liga,26.0,2000,1,0,16,0.2,0,0,0,0,0,0,0,0,0.00,,,,,,,,,,,,,,,,,,,,,,,,,1655,es ESP,DF,es La Liga,26-184,2000,0.2,0,0,0,,0.00,0.00,,,0,0,2060,es ESP,DF,es La Liga,26-184,2000,1,16,16,3.6,0.2,0,,0,1,16,1,0.00,0,1,-1,-5.63,-4.59,1655,es ESP,DF,es La Liga,26-184,2000,0.2,0,0,0,0,0,0,0,0,0,0
1656,Noah Sadiki,cd COD,MF,Sunderland,eng Premier League,21.0,2004,4,4,343,3.8,0,0,0,0,0,0,1,0,0.00,,,,,,,,,,,,,,,,,,,,,,,,,1656,cd COD,MF,eng Premier League,21-271,2004,3.8,0,6,3,50.0,1.57,0.79,0.00,0.00,0,0,2061,cd COD,MF,eng Premier League,21-271,2004,4,343,86,95.3,3.8,4,86,3,0,,0,1.00,2,5,-3,-0.79,-6.08,1656,cd COD,MF,eng Premier League,21-271,2004,3.8,1,0,0,2,6,0,2,2,5,0
1657,Umar Sadiq,ng NGA,FW,Valencia,es La Liga,29.0,1997,3,1,160,1.8,1,0,1,1,0,0,0,0,0.56,,,,,,,,,,,,,,,,,,,,,,,,,1657,ng NGA,FW,es La Liga,29-224,1997,1.8,1,3,3,100.0,1.69,1.69,0.33,0.33,0,0,2062,ng NGA,FW,es La Liga,29-224,1997,3,160,53,35.6,1.8,1,90,1,2,35,0,0.33,1,4,-3,-1.69,+0.17,1657,ng NGA,FW,es La Liga,29-224,1997,1.8,0,0,0,1,1,4,1,0,0,0
1658,Alexis Saelemaekers,be BEL,MF,Milan,it Serie A,27.0,1999,3,1,117,1.3,0,1,1,0,0,0,0,0,0.77,,,,,,,,,,,,,,,,,,,,,,,,,1658,be BEL,MF,it Serie A,27-079,1999,1.3,0,1,0,0.0,0.77,0.00,0.00,,0,0,2063,be BEL,MF,it Serie A,27-079,1999,3,117,39,32.5,1.3,1,60,0,2,29,1,2.33,2,1,+1,+0.77,+0.03,1658,be BEL,MF,it Serie A,27-079,1999,1.3,0,0,0,1,1,0,2,2,4,0
1659,Matvei Safonov,ru RUS,GK,Paris SG,fr Ligue 1,27.0,1999,4,4,360,4.0,0,0,0,0,0,0,0,0,0.00,90,ru RUS,GK,fr Ligue 1,27-201,1999,4,4,360,4.0,6,1.50,14,7,57.1,1,2,1,1,25.0,0,0,0,0,1659,ru RUS,GK,fr Ligue 1,27-201,1999,4.0,0,0,0,,0.00,0.00,,,0,0,2064,ru RUS,GK,fr Ligue 1,27-201,1999,4,360,90,100.0,4.0,4,90,4,0,,0,1.25,6,6,0,0.00,,1659,ru RUS,GK,fr Ligue 1,27-201,1999,4.0,0,0,0,0,1,0,0,0,0,0
1660,Souleymane Sagnan,fr FRA,DF,Lens,fr Ligue 1,21.0,2005,3,2,246,2.7,0,0,0,0,0,0,2,1,0.00,,,,,,,,,,,,,,,,,,,,,,,,,1660,fr FRA,DF,fr Ligue 1,21-131,2005,2.7,0,1,1,100.0,0.37,0.37,0.00,0.00,0,0,2065,fr FRA,DF,fr Ligue 1,21-131,2005,3,246,82,68.3,2.7,2,90,2,1,66,0,1.00,6,5,+1,+0.37,+0.37,1660,fr FRA,DF,fr Ligue 1,21-131,2005,2.7,2,1,1,2,1,0,2,5,8,0
1661,Richie Sagrado,be BEL,MF,Venezia,it Serie A,22.0,2004,3,1,149,1.7,1,0,1,1,0,0,0,0,0.60,,,,,,,,,,,,,,,,,,,,,,,,,1661,be BEL,MF,it Serie A,22-227,2004,1.7,1,4,1,25.0,2.42,0.60,0.25,1.00,0,0,2066,be BEL,MF,it Serie A,22-227,2004,3,149,50,41.4,1.7,1,68,0,2,41,1,0.00,3,6,-3,-1.81,-0.11,1661,be BEL,MF,it Serie A,22-227,2004,1.7,0,0,0,1,2,0,2,1,0,0
1662,Osame Sahraoui,ma MAR,MF,Lille,fr Ligue 1,25.0,2001,2,1,73,0.8,0,0,0,0,0,0,0,0,0.00,,,,,,,,,,,,,,,,,,,,,,,,,1662,ma MAR,MF,fr Ligue 1,25-095,2001,0.8,0,2,1,50.0,2.47,1.23,0.00,0.00,0,0,2067,ma MAR,MF,fr Ligue 1,25-095,2001,2,73,37,20.3,0.8,1,45,0,1,28,2,3.00,0,0,0,0.00,-1.57,1662,ma MAR,MF,fr Ligue 1,25-095,2001,0.8,0,0,0,0,2,0,0,1,0,0
1663,Ismael Saibari,ma MAR,"MF,FW",Bayern Munich,de Bundesliga,25.0,2001,3,2,150,1.7,0,2,2,0,0,0,0,0,1.20,,,,,,,,,,,,,,,,,,,,,,,,,1663,ma MAR,"MF,FW",de Bundesliga,25-229,2001,1.7,0,4,0,0.0,2.40,0.00,0.00,,0,0,2068,ma MAR,"MF,FW",de Bundesliga,25-229,2001,3,150,50,55.6,1.7,2,60,0,1,30,0,2.33,3,1,+2,+1.20,-1.05,1663,ma MAR,"MF,FW",de Bundesliga,25-229,2001,1.7,0,0,0,2,2,0,4,1,0,0
1664,Bukayo Saka,eng ENG,MF,Arsenal,eng Premier League,25.0,2001,4,4,336,3.7,3,0,3,2,1,1,0,0,0.54,,,,,,,,,,,,,,,,,,,,,,,,,1664,eng ENG,MF,eng Premier League,25-009,2001,3.7,3,13,8,61.5,3.48,2.14,0.23,0.38,1,1,2070,eng ENG,MF,eng Premier League,25-009,2001,4,336,84,93.3,3.7,4,84,2,0,,0,3.00,8,1,+7,+1.87,+1.87,1664,eng ENG,MF,eng Premier League,25-009,2001,3.7,0,0,0,2,14,3,13,3,5,0
1665,Mathis Saka,fr FRA,FW,Toulouse,fr Ligue 1,19.0,2006,1,0,5,0.1,0,0,0,0,0,0,0,0,0.00,,,,,,,,,,,,,,,,,,,,,,,,,1665,fr FRA,FW,fr Ligue 1,19-359,2006,0.1,0,0,0,,0.00,0.00,,,0,0,2071,fr FRA,FW,fr Ligue 1,19-359,2006,1,5,5,1.4,0.1,0,,0,1,5,0,0.00,0,0,0,0.00,+0.76,1665,fr FRA,FW,fr Ligue 1,19-359,2006,0.1,0,0,0,1,0,0,0,0,0,0
1666,Tatsuhiro Sakamoto,jp JPN,"FW,MF",Coventry City,eng Premier League,29.0,1996,1,0,32,0.4,0,0,0,0,0,0,0,0,0.00,,,,,,,,,,,,,,,,,,,,,,,,,1666,jp JPN,"FW,MF",eng Premier League,29-327,1996,0.4,0,1,0,0.0,2.81,0.00,0.00,,0,0,2072,jp JPN,"FW,MF",eng Premier League,29-327,1996,1,32,32,8.9,0.4,0,,0,1,32,3,0.00,0,1,-1,-2.81,-0.34,1666,jp JPN,"FW,MF",eng Premier League,29-327,1996,0.4,0,0,0,0,0,0,3,0,2,0
1667,Kike Salas,es ESP,DF,Sevilla,es La Liga,24.0,2002,4,4,357,4.0,0,0,0,0,0,0,0,1,0.00,,,,,,,,,,,,,,,,,,,,,,,,,1667,es ESP,DF,es La Liga,24-144,2002,4.0,0,5,1,20.0,1.26,0.25,0.00,0.00,0,0,2073,es ESP,DF,es La Liga,24-144,2002,4,357,89,79.3,4.0,4,89,3,0,,0,1.75,4,5,-1,-0.25,-3.16,1667,es ESP,DF,es La Liga,24-144,2002,4.0,0,1,0,7,5,1,1,3,4,0
1668,Nathan Saliba,ca CAN,MF,Villarreal,es La Liga,22.0,2004,1,1,90,1.0,0,0,0,0,0,0,0,0,0.00,,,,,,,,,,,,,,,,,,,,,,,,,1668,ca CAN,MF,es La Liga,22-219,2004,1.0,0,1,0,0.0,1.00,0.00,0.00,,0,0,2074,ca CAN,MF,es La Liga,22-219,2004,1,90,90,25.0,1.0,1,90,1,0,,1,0.00,2,3,-1,-1.00,-0.67,1668,ca CAN,MF,es La Liga,22-219,2004,1.0,0,0,0,0,1,0,0,3,3,0
1669,Jorge Salinas,es ESP,DF,Racing Sant,es La Liga,19.0,2007,5,5,450,5.0,0,1,1,0,0,0,2,0,0.20,,,,,,,,,,,,,,,,,,,,,,,,,1669,es ESP,DF,es La Liga,19-164,2007,5.0,0,1,1,100.0,0.20,0.20,0.00,0.00,0,0,2075,es ESP,DF,es La Liga,19-164,2007,5,450,90,100.0,5.0,5,90,5,0,,0,1.40,9,9,0,0.00,,1669,es ESP,DF,es La Liga,19-164,2007,5.0,2,0,0,4,8,0,6,8,9,0
1670,José Salinas,es ESP,DF,Málaga,es La Liga,25.0,2000,4,2,226,2.5,0,0,0,0,0,0,0,0,0.00,,,,,,,,,,,,,,,,,,,,,,,,,1670,es ESP,DF,es La Liga,25-349,2000,2.5,0,0,0,,0.00,0.00,,,0,0,2076,es ESP,DF,es La Liga,25-349,2000,4,226,57,50.2,2.5,2,88,1,2,25,1,0.50,1,3,-2,-0.80,+0.81,1670,es ESP,DF,es La Liga,25-349,2000,2.5,0,0,0,2,2,0,0,5,1,0
1671,Lazar Samardzic,rs SRB,MF,Atalanta,it Serie A,24.0,2002,4,2,194,2.2,1,0,1,1,0,0,0,0,0.46,,,,,,,,,,,,,,,,,,,,,,,,,1671,rs SRB,MF,it Serie A,24-202,2002,2.2,1,7,1,14.3,3.25,0.46,0.14,1.00,0,0,2078,rs SRB,MF,it Serie A,24-202,2002,4,194,49,53.9,2.2,2,70,0,2,27,0,1.50,4,2,+2,+0.93,+2.01,1671,rs SRB,MF,it Serie A,24-202,2002,2.2,0,0,0,1,1,0,5,2,3,0
1672,Mbwana Samatta,tz TAN,"FW,MF",Le Havre,fr Ligue 1,33.0,1992,4,4,337,3.7,1,0,1,1,0,0,0,0,0.27,,,,,,,,,,,,,,,,,,,,,,,,,1672,tz TAN,"FW,MF",fr Ligue 1,33-265,1992,3.7,1,17,7,41.2,4.54,1.87,0.06,0.14,0,0,2079,tz TAN,"FW,MF",fr Ligue 1,33-265,1992,4,337,84,93.6,3.7,4,84,1,0,,0,0.50,2,4,-2,-0.53,-0.53,1672,tz TAN,"FW,MF",fr Ligue 1,33-265,1992,3.7,0,0,0,1,3,2,2,2,3,0
1673,Mama Samba Baldé,gw GNB,MF,Brest,fr Ligue 1,30.0,1995,3,1,110,1.2,0,1,1,0,0,0,0,0,0.82,,,,,,,,,,,,,,,,,,,,,,,,,1673,gw GNB,MF,fr Ligue 1,30-312,1995,1.2,0,7,1,14.3,5.73,0.82,0.00,0.00,0,0,2080,gw GNB,MF,fr Ligue 1,30-312,1995,3,110,37,30.6,1.2,1,66,0,2,22,0,1.67,3,0,+3,+2.45,+3.53,1673,gw GNB,MF,fr Ligue 1,30-312,1995,1.2,0,0,0,2,4,0,4,0,0,0
1674,Brice Samba,fr FRA,GK,Rennes,fr Ligue 1,32.0,1994,3,3,270,3.0,0,0,0,0,0,0,0,0,0.00,91,fr FRA,GK,fr Ligue 1,32-142,1994,3,3,270,3.0,3,1.00,13,10,76.9,2,1,0,1,33.3,0,0,0,0,1674,fr FRA,GK,fr Ligue 1,32-142,1994,3.0,0,0,0,,0.00,0.00,,,0,0,2081,fr FRA,GK,fr Ligue 1,32-142,1994,3,270,90,75.0,3.0,3,90,3,0,,0,2.33,5,3,+2,+0.67,-0.33,1674,fr FRA,GK,fr Ligue 1,32-142,1994,3.0,0,0,0,0,0,0,0,0,0,0
1675,Albert Sambi Lokonga,be BEL,MF,Hamburger SV,de Bundesliga,26.0,1999,2,2,167,1.9,0,0,0,0,0,0,1,0,0.00,,,,,,,,,,,,,,,,,,,,,,,,,1675,be BEL,MF,de Bundesliga,26-327,1999,1.9,0,1,0,0.0,0.54,0.00,0.00,,0,0,2083,be BEL,MF,de Bundesliga,26-327,1999,2,167,84,61.9,1.9,2,84,1,0,,0,0.00,0,7,-7,-3.77,+0.60,1675,be BEL,MF,de Bundesliga,26-327,1999,1.9,1,0,0,3,4,0,1,0,2,0
1676,Chuky san jose,es ESP,MF,Werder Bremen,de Bundesliga,22.0,2004,3,3,262,2.9,0,1,1,0,0,0,1,0,0.34,,,,,,,,,,,,,,,,,,,,,,,,,1676,es ESP,MF,de Bundesliga,22-138,2004,2.9,0,4,1,25.0,1.37,0.34,0.00,0.00,0,0,2084,es ESP,MF,de Bundesliga,22-138,2004,3,262,87,97.0,2.9,3,87,2,0,,0,1.33,5,5,0,0.00,+11.25,1676,es ESP,MF,de Bundesliga,22-138,2004,2.9,1,0,0,4,3,0,13,1,2,0
1677,Oihan Sancet,es ESP,MF,Athletic Club,es La Liga,26.0,2000,5,5,424,4.7,1,0,1,1,0,0,0,0,0.21,,,,,,,,,,,,,,,,,,,,,,,,,1677,es ESP,MF,es La Liga,26-142,2000,4.7,1,15,4,26.7,3.18,0.85,0.07,0.25,0,0,2085,es ESP,MF,es La Liga,26-142,2000,5,424,85,94.2,4.7,5,85,4,0,,0,1.40,7,6,+1,+0.21,+0.21,1677,es ESP,MF,es La Liga,26-142,2000,4.7,0,0,0,2,8,3,2,2,1,0
1678,Kevin Sánchez,es ESP,FW,Dep. A Coruña,es La Liga,21.0,2005,1,0,6,0.1,0,0,0,0,0,0,0,0,0.00,,,,,,,,,,,,,,,,,,,,,,,,,1678,es ESP,FW,es La Liga,21-206,2005,0.1,0,0,0,,0.00,0.00,,,0,0,2088,es ESP,FW,es La Liga,21-206,2005,1,6,6,1.3,0.1,0,,0,1,6,0,1.00,0,0,0,0.00,-0.61,1678,es ESP,FW,es La Liga,21-206,2005,0.1,0,0,0,0,0,0,0,0,0,0
1679,Manu Sánchez,es ESP,DF,Levante,es La Liga,26.0,2000,5,5,430,4.8,0,0,0,0,0,0,0,0,0.00,,,,,,,,,,,,,,,,,,,,,,,,,1679,es ESP,DF,es La Liga,26-021,2000,4.8,0,1,0,0.0,0.21,0.00,0.00,,0,0,2089,es ESP,DF,es La Liga,26-021,2000,5,430,86,95.6,4.8,5,86,4,0,,0,1.00,5,8,-3,-0.63,-5.13,1679,es ESP,DF,es La Liga,26-021,2000,4.8,0,0,0,4,6,0,5,5,15,0
1680,Robert Sánchez,es ESP,GK,Chelsea,eng Premier League,28.0,1997,1,1,90,1.0,0,0,0,0,0,0,0,0,0.00,92,es ESP,GK,eng Premier League,28-300,1997,1,1,90,1.0,2,2.00,6,4,66.7,1,0,0,0,0.0,0,0,0,0,1680,es ESP,GK,eng Premier League,28-300,1997,1.0,0,0,0,,0.00,0.00,,,0,0,2091,es ESP,GK,eng Premier League,28-300,1997,1,90,90,25.0,1.0,1,90,1,0,,0,3.00,3,2,+1,+1.00,+1.00,1680,es ESP,GK,eng Premier League,28-300,1997,1.0,0,0,0,0,0,0,0,0,0,0
1681,Philipp Sander,de GER,MF,Gladbach,de Bundesliga,28.0,1998,3,3,270,3.0,0,0,0,0,0,0,0,0,0.00,,,,,,,,,,,,,,,,,,,,,,,,,1681,de GER,MF,de Bundesliga,28-205,1998,3.0,0,4,0,0.0,1.33,0.00,0.00,,0,0,2093,de GER,MF,de Bundesliga,28-205,1998,3,270,90,100.0,3.0,3,90,3,0,,0,0.00,3,12,-9,-3.00,,1681,de GER,MF,de Bundesliga,28-205,1998,3.0,0,0,0,10,0,0,6,4,6,0
1682,Sadibou Sané,sn SEN,DF,Monaco,fr Ligue 1,22.0,2004,4,4,360,4.0,0,0,0,0,0,0,0,0,0.00,,,,,,,,,,,,,,,,,,,,,,,,,1682,sn SEN,DF,fr Ligue 1,22-096,2004,4.0,0,0,0,,0.00,0.00,,,0,0,2094,sn SEN,DF,fr Ligue 1,22-096,2004,4,360,90,100.0,4.0,4,90,4,0,,0,2.50,6,2,+4,+1.00,,1682,sn SEN,DF,fr Ligue 1,22-096,2004,4.0,0,0,0,4,2,0,1,2,4,1
1683,Arouna Sangante,sn SEN,DF,Sevilla,es La Liga,24.0,2002,3,3,212,2.4,0,0,0,0,0,0,0,1,0.00,,,,,,,,,,,,,,,,,,,,,,,,,1683,sn SEN,DF,es La Liga,24-155,2002,2.4,0,0,0,,0.00,0.00,,,0,0,2095,sn SEN,DF,es La Liga,24-155,2002,3,212,71,47.1,2.4,3,71,1,0,,1,2.33,5,1,+4,+1.70,+2.45,1683,sn SEN,DF,es La Liga,24-155,2002,2.4,0,1,0,4,1,1,1,4,1,0
1684,Buba Sangaré,es ESP,DF,Elche,es La Liga,19.0,2007,5,5,433,4.8,1,0,1,1,0,0,0,0,0.21,,,,,,,,,,,,,,,,,,,,,,,,,1684,es ESP,DF,es La Liga,19-039,2007,4.8,1,1,1,100.0,0.21,0.21,1.00,1.00,0,0,2096,es ESP,DF,es La Liga,19-039,2007,5,433,87,96.2,4.8,5,87,3,0,,0,0.40,6,12,-6,-1.25,+4.05,1684,es ESP,DF,es La Liga,19-039,2007,4.8,0,0,0,5,2,1,3,2,9,0
1685,Ibrahim Sangaré,ci CIV,MF,Nottingham,eng Premier League,28.0,1997,2,1,99,1.1,0,0,0,0,0,0,0,0,0.00,,,,,,,,,,,,,,,,,,,,,,,,,1685,ci CIV,MF,eng Premier League,28-286,1997,1.1,0,2,0,0.0,1.82,0.00,0.00,,0,0,2097,ci CIV,MF,eng Premier League,28-286,1997,2,99,50,27.5,1.1,1,90,1,1,9,0,1.50,1,1,0,0.00,0.00,1685,ci CIV,MF,eng Premier League,28-286,1997,1.1,0,0,0,2,1,0,0,0,0,0
1686,Mamadou Sangare,ml MLI,MF,Brentford,eng Premier League,24.0,2002,4,4,300,3.3,0,1,1,0,0,0,1,0,0.30,,,,,,,,,,,,,,,,,,,,,,,,,1686,ml MLI,MF,eng Premier League,24-080,2002,3.3,0,6,1,16.7,1.80,0.30,0.00,0.00,0,0,2098,ml MLI,MF,eng Premier League,24-080,2002,4,300,75,83.3,3.3,4,75,2,0,,0,1.50,6,3,+3,+0.90,+0.90,1686,ml MLI,MF,eng Premier League,24-080,2002,3.3,1,0,0,8,4,0,2,7,7,0
1687,Maroan Sannadi,ma MAR,FW,Athletic Club,es La Liga,25.0,2001,2,0,43,0.5,0,0,0,0,0,0,0,0,0.00,,,,,,,,,,,,,,,,,,,,,,,,,1687,ma MAR,FW,es La Liga,25-225,2001,0.5,0,2,1,50.0,4.19,2.09,0.00,0.00,0,0,2099,ma MAR,FW,es La Liga,25-225,2001,2,43,22,9.6,0.5,0,,0,2,22,3,0.50,1,0,+1,+2.09,+2.09,1687,ma MAR,FW,es La Liga,25-225,2001,0.5,0,0,0,0,1,2,0,0,0,0
1688,Kaishū Sano,jp JPN,MF,Mainz 05,de Bundesliga,25.0,2000,3,3,267,3.0,0,1,1,0,0,0,0,0,0.34,,,,,,,,,,,,,,,,,,,,,,,,,1688,jp JPN,MF,de Bundesliga,25-258,2000,3.0,0,3,0,0.0,1.01,0.00,0.00,,0,0,2100,jp JPN,MF,de Bundesliga,25-258,2000,3,267,89,98.9,3.0,3,89,2,0,,0,1.33,5,3,+2,+0.67,-29.33,1688,jp JPN,MF,de Bundesliga,25-258,2000,3.0,0,0,0,3,6,0,1,11,3,0
1689,Alisson Santos,br BRA,FW,Napoli,it Serie A,23.0,2002,3,2,179,2.0,0,0,0,0,0,0,0,0,0.00,,,,,,,,,,,,,,,,,,,,,,,,,1689,br BRA,FW,it Serie A,23-352,2002,2.0,0,8,1,12.5,4.02,0.50,0.00,0.00,0,0,2101,br BRA,FW,it Serie A,23-352,2002,3,179,60,49.7,2.0,2,72,0,1,35,0,1.00,2,1,+1,+0.50,+0.50,1689,br BRA,FW,it Serie A,23-352,2002,2.0,0,0,0,0,1,0,12,0,2,0
1690,Andrey Santos,br BRA,MF,Manchester Utd,eng Premier League,22.0,2004,3,1,84,0.9,0,0,0,0,0,0,0,0,0.00,,,,,,,,,,,,,,,,,,,,,,,,,1690,br BRA,MF,eng Premier League,22-134,2004,0.9,0,0,0,,0.00,0.00,,,0,0,2102,br BRA,MF,eng Premier League,22-134,2004,3,84,28,23.3,0.9,1,66,0,2,9,1,1.33,2,4,-2,-2.14,-2.80,1690,br BRA,MF,eng Premier League,22-134,2004,0.9,0,0,0,2,2,0,0,0,1,0
1691,Marc Santos,es ESP,DF,Levante,es La Liga,15.0,2010,1,0,27,0.3,0,0,0,0,0,0,0,0,0.00,,,,,,,,,,,,,,,,,,,,,,,,,1691,es ESP,DF,es La Liga,15-317,2010,0.3,0,0,0,,0.00,0.00,,,0,0,2104,es ESP,DF,es La Liga,15-317,2010,1,27,27,6.0,0.3,0,,0,1,27,4,0.00,0,1,-1,-3.33,-3.12,1691,es ESP,DF,es La Liga,15-317,2010,0.3,0,0,0,0,2,0,0,1,0,0
1692,Tiago Santos,pt POR,DF,Lille,fr Ligue 1,24.0,2002,4,4,360,4.0,2,0,2,2,0,0,0,0,0.50,,,,,,,,,,,,,,,,,,,,,,,,,1692,pt POR,DF,fr Ligue 1,24-053,2002,4.0,2,6,4,66.7,1.50,1.00,0.33,0.50,0,0,2105,pt POR,DF,fr Ligue 1,24-053,2002,4,360,90,100.0,4.0,4,90,4,0,,0,2.50,7,2,+5,+1.25,,1692,pt POR,DF,fr Ligue 1,24-053,2002,4.0,0,0,0,1,9,1,11,5,2,0
1693,Mamadou Sarr,sn SEN,DF,Real Sociedad,es La Liga,21.0,2005,2,2,147,1.6,0,0,0,0,0,0,0,0,0.00,,,,,,,,,,,,,,,,,,,,,,,,,1693,sn SEN,DF,es La Liga,21-016,2005,1.6,0,0,0,,0.00,0.00,,,0,0,2108,sn SEN,DF,es La Liga,21-016,2005,2,147,74,27.2,1.6,2,74,1,0,,2,1.50,2,3,-1,-0.61,+0.30,1693,sn SEN,DF,es La Liga,21-016,2005,1.6,0,0,0,1,2,0,0,1,4,0
1694,Vincent Sasso,fr FRA,DF,Le Havre,fr Ligue 1,35.0,1991,2,1,91,1.0,0,0,0,0,0,0,1,0,0.00,,,,,,,,,,,,,,,,,,,,,,,,,1694,fr FRA,DF,fr Ligue 1,35-210,1991,1.0,0,0,0,,0.00,0.00,,,0,0,2109,fr FRA,DF,fr Ligue 1,35-210,1991,2,91,46,25.3,1.0,1,90,1,1,1,2,0.50,0,1,-1,-0.99,-0.65,1694,fr FRA,DF,fr Ligue 1,35-210,1991,1.0,1,0,0,2,0,0,0,1,1,0
1695,Ryūnosuke Satō,jp JPN,MF,Valencia,es La Liga,19.0,2006,5,4,295,3.3,0,0,0,0,0,0,2,0,0.00,,,,,,,,,,,,,,,,,,,,,,,,,1695,jp JPN,MF,es La Liga,19-333,2006,3.3,0,5,1,20.0,1.53,0.31,0.00,0.00,0,0,2111,jp JPN,MF,es La Liga,19-333,2006,5,295,59,65.6,3.3,4,67,1,1,29,0,0.20,1,6,-5,-1.53,+0.80,1695,jp JPN,MF,es La Liga,19-333,2006,3.3,2,0,0,4,1,1,10,1,4,0
1696,Martin Satriano,uy URU,"FW,MF",Getafe,es La Liga,25.0,2001,5,5,406,4.5,1,0,1,1,0,0,0,0,0.22,,,,,,,,,,,,,,,,,,,,,,,,,1696,uy URU,"FW,MF",es La Liga,25-206,2001,4.5,1,12,3,25.0,2.66,0.67,0.08,0.33,0,0,2112,uy URU,"FW,MF",es La Liga,25-206,2001,5,406,81,90.2,4.5,5,81,0,0,,0,1.00,3,4,-1,-0.22,+3.87,1696,uy URU,"FW,MF",es La Liga,25-206,2001,4.5,0,0,0,6,9,1,2,1,0,0
1697,Leo Sauer,sk SVK,"FW,MF",Stuttgart,de Bundesliga,20.0,2005,2,0,23,0.3,0,0,0,0,0,0,0,0,0.00,,,,,,,,,,,,,,,,,,,,,,,,,1697,sk SVK,"FW,MF",de Bundesliga,20-272,2005,0.3,0,1,0,0.0,3.91,0.00,0.00,,0,0,2113,sk SVK,"FW,MF",de Bundesliga,20-272,2005,2,23,12,8.5,0.3,0,,0,2,12,0,1.50,1,1,0,0.00,+0.73,1697,sk SVK,"FW,MF",de Bundesliga,20-272,2005,0.3,0,0,0,0,1,0,1,0,0,0
1698,Sávio,br BRA,MF,Tottenham,eng Premier League,22.0,2004,2,2,150,1.7,0,0,0,0,0,0,0,0,0.00,,,,,,,,,,,,,,,,,,,,,,,,,1698,br BRA,MF,eng Premier League,22-157,2004,1.7,0,3,0,0.0,1.80,0.00,0.00,,0,0,2115,br BRA,MF,eng Premier League,22-157,2004,2,150,75,41.7,1.7,2,75,1,0,,0,1.00,0,0,0,0.00,+2.14,1698,br BRA,MF,eng Premier League,22-157,2004,1.7,0,0,0,2,3,0,9,0,0,0
1699,Saba Sazonov,ge GEO,DF,Getafe,es La Liga,24.0,2002,3,1,107,1.2,0,0,0,0,0,0,1,0,0.00,,,,,,,,,,,,,,,,,,,,,,,,,1699,ge GEO,DF,es La Liga,24-225,2002,1.2,0,1,0,0.0,0.84,0.00,0.00,,0,0,2116,ge GEO,DF,es La Liga,24-225,2002,3,107,36,23.8,1.2,1,90,1,2,9,2,1.33,1,2,-1,-0.84,-0.32,1699,ge GEO,DF,es La Liga,24-225,2002,1.2,1,0,0,3,2,0,0,1,2,0
1700,Amine Sbai,ma MAR,MF,Angers,fr Ligue 1,25.0,2000,4,4,339,3.8,0,0,0,0,0,0,0,0,0.00,,,,,,,,,,,,,,,,,,,,,,,,,1700,ma MAR,MF,fr Ligue 1,25-313,2000,3.8,0,10,1,10.0,2.65,0.27,0.00,0.00,0,0,2117,ma MAR,MF,fr Ligue 1,25-313,2000,4,339,85,94.2,3.8,4,85,1,0,,0,1.00,4,5,-1,-0.27,-0.27,1700,ma MAR,MF,fr Ligue 1,25-313,2000,3.8,0,0,0,2,7,1,19,0,1,0
1701,Joe Scally,us USA,DF,Gladbach,de Bundesliga,23.0,2002,3,2,181,2.0,1,0,1,1,0,0,1,0,0.50,,,,,,,,,,,,,,,,,,,,,,,,,1701,us USA,DF,de Bundesliga,23-257,2002,2.0,1,2,1,50.0,0.99,0.50,0.50,1.00,0,0,2118,us USA,DF,de Bundesliga,23-257,2002,3,181,60,67.0,2.0,2,83,1,1,15,0,0.00,3,7,-4,-1.99,+3.07,1701,us USA,DF,de Bundesliga,23-257,2002,2.0,1,0,0,0,5,1,7,1,4,0
1702,Giorgio Scalvini,it ITA,DF,Atalanta,it Serie A,22.0,2003,4,4,360,4.0,0,0,0,0,0,0,0,0,0.00,,,,,,,,,,,,,,,,,,,,,,,,,1702,it ITA,DF,it Serie A,22-277,2003,4.0,0,1,0,0.0,0.25,0.00,0.00,,0,0,2119,it ITA,DF,it Serie A,22-277,2003,4,360,90,100.0,4.0,4,90,4,0,,0,1.50,5,5,0,0.00,,1702,it ITA,DF,it Serie A,22-277,2003,4.0,0,0,0,5,2,0,0,2,5,0
1703,Gianluca Scamacca,it ITA,FW,Atalanta,it Serie A,27.0,1999,4,4,238,2.6,1,0,1,1,0,0,0,0,0.38,,,,,,,,,,,,,,,,,,,,,,,,,1703,it ITA,FW,it Serie A,27-256,1999,2.6,1,6,4,66.7,2.27,1.51,0.17,0.25,0,0,2120,it ITA,FW,it Serie A,27-256,1999,4,238,60,66.1,2.6,4,60,0,0,,0,1.50,2,3,-1,-0.38,-1.12,1703,it ITA,FW,it Serie A,27-256,1999,2.6,0,0,0,4,6,3,0,0,2,0
1704,Kevin Schade,de GER,MF,Brentford,eng Premier League,24.0,2001,4,4,357,4.0,3,0,3,3,0,0,0,0,0.76,,,,,,,,,,,,,,,,,,,,,,,,,1704,de GER,MF,eng Premier League,24-291,2001,4.0,3,10,5,50.0,2.52,1.26,0.30,0.60,0,0,2121,de GER,MF,eng Premier League,24-291,2001,4,357,89,99.2,4.0,4,89,3,0,,0,1.50,7,4,+3,+0.76,+0.76,1704,de GER,MF,eng Premier League,24-291,2001,4.0,0,0,0,1,7,0,1,1,5,0
1705,András Schäfer,hu HUN,MF,Union Berlin,de Bundesliga,27.0,1999,3,1,117,1.3,0,0,0,0,0,0,0,0,0.00,,,,,,,,,,,,,,,,,,,,,,,,,1705,hu HUN,MF,de Bundesliga,27-154,1999,1.3,0,1,1,100.0,0.77,0.77,0.00,0.00,0,0,2122,hu HUN,MF,de Bundesliga,27-154,1999,3,117,39,43.3,1.3,1,60,0,2,29,0,0.33,2,3,-1,-0.77,+2.17,1705,hu HUN,MF,de Bundesliga,27-154,1999,1.3,0,0,0,3,1,0,1,4,3,0
1706,Ron Schallenberg,de GER,MF,Schalke 04,de Bundesliga,27.0,1998,1,1,61,0.7,0,0,0,0,0,0,0,1,0.00,,,,,,,,,,,,,,,,,,,,,,,,,1706,de GER,MF,de Bundesliga,27-343,1998,0.7,0,1,1,100.0,1.48,1.48,0.00,0.00,0,0,2123,de GER,MF,de Bundesliga,27-343,1998,1,61,61,22.6,0.7,1,61,0,0,,0,0.00,0,1,-1,-1.48,-1.48,1706,de GER,MF,de Bundesliga,27-343,1998,0.7,0,1,0,2,1,0,0,0,1,0
1707,Fabian Schär,ch SUI,DF,Newcastle,eng Premier League,34.0,1991,1,0,1,0.0,0,0,0,0,0,0,0,0,0.00,,,,,,,,,,,,,,,,,,,,,,,,,1707,ch SUI,DF,eng Premier League,34-268,1991,0.0,0,0,0,,0.00,0.00,,,0,0,2124,ch SUI,DF,eng Premier League,34-268,1991,1,1,1,0.4,0.0,0,,0,1,1,2,1.00,0,1,-1,-90.00,-91.00,1707,ch SUI,DF,eng Premier League,34-268,1991,0.0,0,0,0,0,0,0,0,0,0,0
1708,Tjark Scheller,de GER,DF,Paderborn 07,de Bundesliga,24.0,2002,3,3,270,3.0,0,0,0,0,0,0,1,0,0.00,,,,,,,,,,,,,,,,,,,,,,,,,1708,de GER,DF,de Bundesliga,24-245,2002,3.0,0,1,0,0.0,0.33,0.00,0.00,,0,0,2125,de GER,DF,de Bundesliga,24-245,2002,3,270,90,100.0,3.0,3,90,3,0,,0,0.33,0,4,-4,-1.33,,1708,de GER,DF,de Bundesliga,24-245,2002,3.0,1,0,0,2,2,0,1,2,4,0
1709,Derry Scherhant,de GER,MF,Freiburg,de Bundesliga,23.0,2002,3,3,229,2.5,0,1,1,0,0,0,0,0,0.39,,,,,,,,,,,,,,,,,,,,,,,,,1709,de GER,MF,de Bundesliga,23-308,2002,2.5,0,7,1,14.3,2.75,0.39,0.00,0.00,0,0,2126,de GER,MF,de Bundesliga,23-308,2002,3,229,76,84.8,2.5,3,76,1,0,,0,3.00,7,1,+6,+2.36,-4.23,1709,de GER,MF,de Bundesliga,23-308,2002,2.5,0,0,0,6,1,0,14,1,2,0
1710,Kjell Scherpen,nl NED,GK,Ipswich Town,eng Premier League,26.0,2000,4,4,360,4.0,0,0,0,0,0,0,0,0,0.00,93,nl NED,GK,eng Premier League,26-234,2000,4,4,360,4.0,10,2.50,25,15,60.0,2,0,2,0,0.0,1,1,0,0,1710,nl NED,GK,eng Premier League,26-234,2000,4.0,0,0,0,,0.00,0.00,,,0,0,2127,nl NED,GK,eng Premier League,26-234,2000,4,360,90,100.0,4.0,4,90,4,0,,0,1.50,7,10,-3,-0.75,,1710,nl NED,GK,eng Premier League,26-234,2000,4.0,0,0,0,0,1,0,0,0,0,0
1711,Patrik Schick,cz CZE,FW,Leverkusen,de Bundesliga,30.0,1996,3,2,184,2.0,3,1,4,3,0,0,0,0,1.96,,,,,,,,,,,,,,,,,,,,,,,,,1711,cz CZE,FW,de Bundesliga,30-233,1996,2.0,3,13,4,30.8,6.36,1.96,0.23,0.75,0,0,2128,cz CZE,FW,de Bundesliga,30-233,1996,3,184,61,68.1,2.0,2,78,1,1,28,0,1.33,7,3,+4,+1.96,+3.00,1711,cz CZE,FW,de Bundesliga,30-233,1996,2.0,0,0,0,1,3,2,0,0,0,0
1712,Joël Schingtienne,be BEL,DF,Venezia,it Serie A,24.0,2002,4,4,360,4.0,0,0,0,0,0,0,2,0,0.00,,,,,,,,,,,,,,,,,,,,,,,,,1712,be BEL,DF,it Serie A,24-033,2002,4.0,0,0,0,,0.00,0.00,,,0,0,2129,be BEL,DF,it Serie A,24-033,2002,4,360,90,100.0,4.0,4,90,4,0,,0,0.00,4,11,-7,-1.75,,1712,be BEL,DF,it Serie A,24-033,2002,4.0,2,0,0,2,0,0,0,2,5,0
1713,Xaver Schlager,at AUT,MF,Nottingham,eng Premier League,28.0,1997,4,3,287,3.2,0,0,0,0,0,0,1,0,0.00,,,,,,,,,,,,,,,,,,,,,,,,,1713,at AUT,MF,eng Premier League,28-351,1997,3.2,0,4,1,25.0,1.25,0.31,0.00,0.00,0,0,2131,at AUT,MF,eng Premier League,28-351,1997,4,287,72,79.7,3.2,3,90,3,1,17,0,1.25,4,4,0,0.00,0.00,1713,at AUT,MF,eng Premier League,28-351,1997,3.2,1,0,0,3,2,0,1,4,9,0
1714,Nico Schlotterbeck,de GER,DF,Dortmund,de Bundesliga,26.0,1999,1,1,76,0.8,0,0,0,0,0,0,0,0,0.00,,,,,,,,,,,,,,,,,,,,,,,,,1714,de GER,DF,de Bundesliga,26-287,1999,0.8,0,0,0,,0.00,0.00,,,0,0,2132,de GER,DF,de Bundesliga,26-287,1999,1,76,76,28.1,0.8,1,76,0,0,,0,3.00,1,0,+1,+1.18,-1.14,1714,de GER,DF,de Bundesliga,26-287,1999,0.8,0,0,0,1,0,0,0,0,6,0
1715,Mick Schmetgens,de GER,DF,Werder Bremen,de Bundesliga,19.0,2007,3,1,124,1.4,0,0,0,0,0,0,0,0,0.00,,,,,,,,,,,,,,,,,,,,,,,,,1715,de GER,DF,de Bundesliga,19-005,2007,1.4,0,0,0,,0.00,0.00,,,0,0,2133,de GER,DF,de Bundesliga,19-005,2007,3,124,41,45.9,1.4,1,90,1,2,17,0,1.33,3,5,-2,-1.45,-2.07,1715,de GER,DF,de Bundesliga,19-005,2007,1.4,0,0,0,3,4,0,3,0,1,0
1716,Romano Schmid,at AUT,MF,Frosinone,it Serie A,26.0,2000,4,4,274,3.0,0,1,1,0,0,0,2,0,0.33,,,,,,,,,,,,,,,,,,,,,,,,,1716,at AUT,MF,it Serie A,26-230,2000,3.0,0,0,0,,0.00,0.00,,,0,0,2134,at AUT,MF,it Serie A,26-230,2000,4,274,69,76.1,3.0,4,69,1,0,,0,1.75,6,2,+4,+1.31,+2.36,1716,at AUT,MF,it Serie A,26-230,2000,3.0,2,0,0,7,3,0,1,0,1,0
1717,Niklas Schmidt,de GER,MF,Toulouse,fr Ligue 1,28.0,1998,4,2,218,2.4,0,0,0,0,0,0,2,0,0.00,,,,,,,,,,,,,,,,,,,,,,,,,1717,de GER,MF,fr Ligue 1,28-197,1998,2.4,0,2,0,0.0,0.83,0.00,0.00,,0,0,2135,de GER,MF,fr Ligue 1,28-197,1998,4,218,55,60.6,2.4,2,84,0,2,25,0,0.50,3,6,-3,-1.24,-1.24,1717,de GER,MF,fr Ligue 1,28-197,1998,2.4,2,0,0,4,0,0,9,2,1,0
1718,Joël Schmied,ch SUI,DF,Köln,de Bundesliga,27.0,1998,1,0,1,0.0,0,0,0,0,0,0,0,0,0.00,,,,,,,,,,,,,,,,,,,,,,,,,1718,ch SUI,DF,de Bundesliga,27-356,1998,0.0,0,0,0,,0.00,0.00,,,0,0,2136,ch SUI,DF,de Bundesliga,27-356,1998,1,1,1,0.4,0.0,0,,0,1,1,2,3.00,0,0,0,0.00,+0.67,1718,ch SUI,DF,de Bundesliga,27-356,1998,0.0,0,0,0,0,0,0,0,0,0,0
1719,Luca Schnellbacher,de GER,"FW,MF",Elversberg,de Bundesliga,32.0,1994,2,0,24,0.3,0,0,0,0,0,0,0,0,0.00,,,,,,,,,,,,,,,,,,,,,,,,,1719,de GER,"FW,MF",de Bundesliga,32-131,1994,0.3,0,0,0,,0.00,0.00,,,0,0,2137,de GER,"FW,MF",de Bundesliga,32-131,1994,2,24,12,8.9,0.3,0,,0,2,12,1,1.50,0,2,-2,-7.50,-8.60,1719,de GER,"FW,MF",de Bundesliga,32-131,1994,0.3,0,0,0,2,0,0,0,1,0,0
1720,Jannik Schuster,at AUT,DF,Brentford,eng Premier League,20.0,2006,2,1,164,1.8,0,0,0,0,0,0,0,0,0.00,,,,,,,,,,,,,,,,,,,,,,,,,1720,at AUT,DF,eng Premier League,20-121,2006,1.8,0,1,0,0.0,0.55,0.00,0.00,,0,0,2140,at AUT,DF,eng Premier League,20-121,2006,2,164,82,45.6,1.8,1,90,1,1,74,2,1.00,3,3,0,0.00,-1.38,1720,at AUT,DF,eng Premier League,20-121,2006,1.8,0,0,0,3,1,0,0,0,1,0
1721,Marvin Schwäbe,de GER,GK,Köln,de Bundesliga,31.0,1995,3,3,270,3.0,0,0,0,0,0,0,0,0,0.00,94,de GER,GK,de Bundesliga,31-142,1995,3,3,270,3.0,7,2.33,16,9,56.3,1,1,1,0,0.0,1,0,1,0,1721,de GER,GK,de Bundesliga,31-142,1995,3.0,0,0,0,,0.00,0.00,,,0,0,2141,de GER,GK,de Bundesliga,31-142,1995,3,270,90,100.0,3.0,3,90,3,0,,0,1.33,5,7,-2,-0.67,,1721,de GER,GK,de Bundesliga,31-142,1995,3.0,0,0,0,0,0,0,0,0,0,0
1722,Alexander Schwolow,de GER,GK,Mainz 05,de Bundesliga,34.0,1992,1,1,90,1.0,0,0,0,0,0,0,0,0,0.00,95,de GER,GK,de Bundesliga,34-104,1992,1,1,90,1.0,0,0.00,1,1,100.0,1,0,0,1,100.0,0,0,0,0,1722,de GER,GK,de Bundesliga,34-104,1992,1.0,0,0,0,,0.00,0.00,,,0,0,2142,de GER,GK,de Bundesliga,34-104,1992,1,90,90,33.3,1.0,1,90,1,0,,2,3.00,5,0,+5,+5.00,+6.00,1722,de GER,GK,de Bundesliga,34-104,1992,1.0,0,0,0,0,0,0,0,0,0,0
1723,Alex Scott,eng ENG,MF,Bournemouth,eng Premier League,23.0,2003,4,4,355,3.9,1,0,1,1,0,0,1,0,0.25,,,,,,,,,,,,,,,,,,,,,,,,,1723,eng ENG,MF,eng Premier League,23-024,2003,3.9,1,5,1,20.0,1.27,0.25,0.20,1.00,0,0,2143,eng ENG,MF,eng Premier League,23-024,2003,4,355,89,98.6,3.9,4,89,2,0,,0,0.75,6,6,0,0.00,+18.00,1723,eng ENG,MF,eng Premier League,23-024,2003,3.9,1,0,0,3,12,0,11,8,5,0
1724,Sebastian Sebulonsen,no NOR,"DF,MF",Köln,de Bundesliga,26.0,2000,1,0,26,0.3,0,0,0,0,0,0,0,0,0.00,,,,,,,,,,,,,,,,,,,,,,,,,1724,no NOR,"DF,MF",de Bundesliga,26-230,2000,0.3,0,0,0,,0.00,0.00,,,0,0,2145,no NOR,"DF,MF",de Bundesliga,26-230,2000,1,26,26,9.6,0.3,0,,0,1,26,0,1.00,0,1,-1,-3.46,-3.09,1724,no NOR,"DF,MF",de Bundesliga,26-230,2000,0.3,0,0,0,1,0,0,1,0,1,0
1725,Nicolas Seiwald,at AUT,MF,RB Leipzig,de Bundesliga,25.0,2001,2,2,180,2.0,0,0,0,0,0,0,0,0,0.00,,,,,,,,,,,,,,,,,,,,,,,,,1725,at AUT,MF,de Bundesliga,25-133,2001,2.0,0,0,0,,0.00,0.00,,,0,0,2146,at AUT,MF,de Bundesliga,25-133,2001,2,180,90,66.7,2.0,2,90,2,0,,1,1.50,4,3,+1,+0.50,-4.50,1725,at AUT,MF,de Bundesliga,25-133,2001,2.0,0,0,0,1,0,0,0,4,2,0
1726,Ayumu Seko,jp JPN,DF,Le Havre,fr Ligue 1,26.0,2000,4,4,360,4.0,0,0,0,0,0,0,1,0,0.00,,,,,,,,,,,,,,,,,,,,,,,,,1726,jp JPN,DF,fr Ligue 1,26-099,2000,4.0,0,3,0,0.0,0.75,0.00,0.00,,0,0,2147,jp JPN,DF,fr Ligue 1,26-099,2000,4,360,90,100.0,4.0,4,90,4,0,,0,0.50,2,4,-2,-0.50,,1726,jp JPN,DF,fr Ligue 1,26-099,2000,4.0,1,0,0,5,1,0,1,5,2,0
1727,Matz Sels,be BEL,GK,Nottingham,eng Premier League,34.0,1992,4,4,360,4.0,0,0,0,0,0,0,0,0,0.00,96,be BEL,GK,eng Premier League,34-200,1992,4,4,360,4.0,4,1.00,13,9,69.2,1,2,1,1,25.0,0,0,0,0,1727,be BEL,GK,eng Premier League,34-200,1992,4.0,0,0,0,,0.00,0.00,,,0,0,2148,be BEL,GK,eng Premier League,34-200,1992,4,360,90,100.0,4.0,4,90,4,0,,0,1.25,4,4,0,0.00,,1727,be BEL,GK,eng Premier League,34-200,1992,4.0,0,0,0,0,0,0,0,0,0,0
1728,Egil Selvik,no NOR,GK,Brest,fr Ligue 1,29.0,1997,4,4,360,4.0,0,0,0,0,0,0,0,0,0.00,97,no NOR,GK,fr Ligue 1,29-046,1997,4,4,360,4.0,6,1.50,18,12,66.7,1,2,1,0,0.0,1,1,0,0,1728,no NOR,GK,fr Ligue 1,29-046,1997,4.0,0,0,0,,0.00,0.00,,,0,0,2149,no NOR,GK,fr Ligue 1,29-046,1997,4,360,90,100.0,4.0,4,90,4,0,,0,1.25,6,6,0,0.00,,1728,no NOR,GK,fr Ligue 1,29-046,1997,4.0,0,0,0,0,0,0,0,0,0,0
1729,Antoine Semenyo,gh GHA,MF,Manchester City,eng Premier League,26.0,2000,4,4,360,4.0,0,2,2,0,0,0,0,0,0.50,,,,,,,,,,,,,,,,,,,,,,,,,1729,gh GHA,MF,eng Premier League,26-250,2000,4.0,0,5,2,40.0,1.25,0.50,0.00,0.00,0,0,2150,gh GHA,MF,eng Premier League,26-250,2000,4,360,90,100.0,4.0,4,90,4,0,,0,3.00,8,2,+6,+1.50,,1729,gh GHA,MF,eng Premier League,26-250,2000,4.0,0,0,0,7,5,5,9,0,3,0
1730,Marcos Senesi,ar ARG,DF,Tottenham,eng Premier League,29.0,1997,1,1,90,1.0,0,0,0,0,0,0,0,0,0.00,,,,,,,,,,,,,,,,,,,,,,,,,1730,ar ARG,DF,eng Premier League,29-127,1997,1.0,0,0,0,,0.00,0.00,,,0,0,2151,ar ARG,DF,eng Premier League,29-127,1997,1,90,90,25.0,1.0,1,90,1,0,,3,0.00,0,3,-3,-3.00,-2.33,1730,ar ARG,DF,eng Premier League,29-127,1997,1.0,0,0,0,2,3,1,0,2,4,0
1731,Francho Serrano,es ESP,MF,Getafe,es La Liga,24.0,2001,3,2,180,2.0,0,0,0,0,0,0,0,0,0.00,,,,,,,,,,,,,,,,,,,,,,,,,1731,es ESP,MF,es La Liga,24-332,2001,2.0,0,1,1,100.0,0.50,0.50,0.00,0.00,0,0,2153,es ESP,MF,es La Liga,24-332,2001,3,180,60,40.0,2.0,2,83,1,1,15,0,1.33,1,2,-1,-0.50,+0.17,1731,es ESP,MF,es La Liga,24-332,2001,2.0,0,0,0,2,1,0,6,3,1,0
1732,Benjamin Šeško,si SVN,FW,Manchester Utd,eng Premier League,23.0,2003,4,0,80,0.9,1,0,1,1,0,0,0,0,1.13,,,,,,,,,,,,,,,,,,,,,,,,,1732,si SVN,FW,eng Premier League,23-106,2003,0.9,1,4,1,25.0,4.50,1.13,0.25,1.00,0,0,2156,si SVN,FW,eng Premier League,23-106,2003,4,80,20,22.2,0.9,0,,0,4,20,0,1.00,2,3,-1,-1.13,-1.45,1732,si SVN,FW,eng Premier League,23-106,2003,0.9,0,0,0,1,0,0,1,0,0,0
1733,Ryan Sessegnon,eng ENG,"DF,FW",Fulham,eng Premier League,26.0,2000,3,0,53,0.6,0,0,0,0,0,0,0,0,0.00,,,,,,,,,,,,,,,,,,,,,,,,,1733,eng ENG,"DF,FW",eng Premier League,26-119,2000,0.6,0,3,1,33.3,5.09,1.70,0.00,0.00,0,0,2157,eng ENG,"DF,FW",eng Premier League,26-119,2000,3,53,18,14.7,0.6,0,,0,3,18,0,0.00,0,1,-1,-1.70,-1.11,1733,eng ENG,"DF,FW",eng Premier League,26-119,2000,0.6,0,0,0,0,0,0,8,2,0,0
1734,Stephan El Shaarawy,it ITA,"FW,MF",Genoa,it Serie A,33.0,1992,1,0,31,0.3,0,0,0,0,0,0,0,0,0.00,,,,,,,,,,,,,,,,,,,,,,,,,1734,it ITA,"FW,MF",it Serie A,33-322,1992,0.3,0,0,0,,0.00,0.00,,,0,0,2158,it ITA,"FW,MF",it Serie A,33-322,1992,1,31,31,8.6,0.3,0,,0,1,31,1,1.00,0,0,0,0.00,+1.64,1734,it ITA,"FW,MF",it Serie A,33-322,1992,0.3,0,0,0,0,0,0,1,0,0,0
1735,Luke Shaw,eng ENG,DF,Manchester Utd,eng Premier League,31.0,1995,3,3,251,2.8,0,1,1,0,0,0,1,0,0.36,,,,,,,,,,,,,,,,,,,,,,,,,1735,eng ENG,DF,eng Premier League,31-064,1995,2.8,0,1,0,0.0,0.36,0.00,0.00,,0,0,2160,eng ENG,DF,eng Premier League,31-064,1995,3,251,84,69.7,2.8,3,84,1,0,,0,1.33,6,4,+2,+0.72,+2.37,1735,eng ENG,DF,eng Premier League,31-064,1995,2.8,1,0,0,2,1,0,10,4,4,0
1736,Djibril Sidibé,fr FRA,"DF,MF",Le Mans,fr Ligue 1,34.0,1992,2,0,45,0.5,0,0,0,0,0,0,0,1,0.00,,,,,,,,,,,,,,,,,,,,,,,,,1736,fr FRA,"DF,MF",fr Ligue 1,34-047,1992,0.5,0,1,0,0.0,2.00,0.00,0.00,,0,0,2162,fr FRA,"DF,MF",fr Ligue 1,34-047,1992,2,45,23,12.5,0.5,0,,0,2,23,1,0.50,0,1,-1,-2.00,-2.00,1736,fr FRA,"DF,MF",fr Ligue 1,34-047,1992,0.5,0,1,0,2,1,0,0,0,1,0
1737,Jamil Siebert,de GER,DF,Lecce,it Serie A,24.0,2002,4,3,295,3.3,0,0,0,0,0,0,1,0,0.00,,,,,,,,,,,,,,,,,,,,,,,,,1737,de GER,DF,it Serie A,24-165,2002,3.3,0,1,0,0.0,0.31,0.00,0.00,,0,0,2163,de GER,DF,it Serie A,24-165,2002,4,295,74,81.9,3.3,3,90,3,1,25,0,1.50,5,6,-1,-0.31,+1.08,1737,de GER,DF,it Serie A,24-165,2002,3.3,1,0,0,1,2,0,1,7,4,0
1738,Vincent Sierro,ch SUI,MF,Parma,it Serie A,30.0,1995,1,0,45,0.5,0,0,0,0,0,0,0,0,0.00,,,,,,,,,,,,,,,,,,,,,,,,,1738,ch SUI,MF,it Serie A,30-341,1995,0.5,0,0,0,,0.00,0.00,,,0,0,2164,ch SUI,MF,it Serie A,30-341,1995,1,45,45,16.7,0.5,0,,0,1,45,0,1.00,1,0,+1,+2.00,+3.60,1738,ch SUI,MF,it Serie A,30-341,1995,0.5,0,0,0,3,1,0,2,1,1,0
1739,Niko Sigur,ca CAN,"DF,MF",Toulouse,fr Ligue 1,23.0,2003,1,0,45,0.5,0,0,0,0,0,0,0,0,0.00,,,,,,,,,,,,,,,,,,,,,,,,,1739,ca CAN,"DF,MF",fr Ligue 1,23-005,2003,0.5,0,0,0,,0.00,0.00,,,0,0,2165,ca CAN,"DF,MF",fr Ligue 1,23-005,2003,1,45,45,12.5,0.5,0,,0,1,45,1,1.00,2,0,+2,+4.00,+5.43,1739,ca CAN,"DF,MF",fr Ligue 1,23-005,2003,0.5,0,0,0,1,0,0,0,2,0,0
1740,António Silva,pt POR,DF,Bournemouth,eng Premier League,22.0,2003,4,4,360,4.0,0,0,0,0,0,0,1,0,0.00,,,,,,,,,,,,,,,,,,,,,,,,,1740,pt POR,DF,eng Premier League,22-319,2003,4.0,0,4,1,25.0,1.00,0.25,0.00,0.00,0,0,2166,pt POR,DF,eng Premier League,22-319,2003,4,360,90,100.0,4.0,4,90,4,0,,0,0.75,6,7,-1,-0.25,,1740,pt POR,DF,eng Premier League,22-319,2003,4.0,1,0,0,2,1,0,0,6,3,0
1741,Bernardo Silva,pt POR,MF,Real Madrid,es La Liga,32.0,1994,5,3,273,3.0,0,0,0,0,0,0,0,0,0.00,,,,,,,,,,,,,,,,,,,,,,,,,1741,pt POR,MF,es La Liga,32-035,1994,3.0,0,1,0,0.0,0.33,0.00,0.00,,0,0,2167,pt POR,MF,es La Liga,32-035,1994,5,273,55,60.7,3.0,3,77,0,2,21,0,2.40,9,4,+5,+1.65,-0.89,1741,pt POR,MF,es La Liga,32-035,1994,3.0,0,0,0,5,3,0,4,5,3,0
1742,Éderson Silva,br BRA,MF,Atalanta,it Serie A,27.0,1999,4,4,325,3.6,1,0,1,1,0,0,0,0,0.28,,,,,,,,,,,,,,,,,,,,,,,,,1742,br BRA,MF,it Serie A,27-069,1999,3.6,1,4,3,75.0,1.11,0.83,0.25,0.33,0,0,2168,br BRA,MF,it Serie A,27-069,1999,4,325,81,90.3,3.6,4,81,2,0,,0,1.50,4,3,+1,+0.28,+2.85,1742,br BRA,MF,it Serie A,27-069,1999,3.6,0,0,0,3,9,0,1,2,1,0
1743,Fábio Silva,pt POR,MF,Dortmund,de Bundesliga,24.0,2002,2,1,93,1.0,2,0,2,2,0,0,0,0,1.94,,,,,,,,,,,,,,,,,,,,,,,,,1743,pt POR,MF,de Bundesliga,24-057,2002,1.0,2,3,2,66.7,2.90,1.94,0.67,1.00,0,0,2169,pt POR,MF,de Bundesliga,24-057,2002,2,93,47,34.4,1.0,1,64,0,1,29,1,3.00,3,0,+3,+2.90,+1.38,1743,pt POR,MF,de Bundesliga,24-057,2002,1.0,0,0,0,1,1,0,1,0,0,0
1744,Abdallah Sima,sn SEN,"FW,MF",Lens,fr Ligue 1,25.0,2001,4,4,323,3.6,1,1,2,1,0,0,0,0,0.56,,,,,,,,,,,,,,,,,,,,,,,,,1744,sn SEN,"FW,MF",fr Ligue 1,25-089,2001,3.6,1,7,2,28.6,1.95,0.56,0.14,0.50,0,0,2170,sn SEN,"FW,MF",fr Ligue 1,25-089,2001,4,323,81,89.7,3.6,4,81,1,0,,0,1.00,7,7,0,0.00,-2.43,1744,sn SEN,"FW,MF",fr Ligue 1,25-089,2001,3.6,0,0,0,6,5,2,3,4,3,0
1745,Usman Simbakoli,fr FRA,FW,Angers,fr Ligue 1,25.0,2001,4,0,48,0.5,0,0,0,0,0,0,1,0,0.00,,,,,,,,,,,,,,,,,,,,,,,,,1745,fr FRA,FW,fr Ligue 1,25-148,2001,0.5,0,7,1,14.3,13.12,1.87,0.00,0.00,0,0,2171,fr FRA,FW,fr Ligue 1,25-148,2001,4,48,12,13.3,0.5,0,,0,4,12,0,1.00,0,0,0,0.00,+0.29,1745,fr FRA,FW,fr Ligue 1,25-148,2001,0.5,1,0,0,4,0,0,1,0,0,0
1746,Giovanni Simeone,ar ARG,FW,Torino,it Serie A,31.0,1995,3,2,162,1.8,0,0,0,0,0,0,0,0,0.00,,,,,,,,,,,,,,,,,,,,,,,,,1746,ar ARG,FW,it Serie A,31-071,1995,1.8,0,3,0,0.0,1.67,0.00,0.00,,0,0,2172,ar ARG,FW,it Serie A,31-071,1995,3,162,54,60.0,1.8,2,71,0,1,21,0,1.00,3,3,0,0.00,+0.83,1746,ar ARG,FW,it Serie A,31-071,1995,1.8,0,0,0,0,3,1,1,0,1,0
1747,Giuliano Simeone,ar ARG,MF,Atlético Madrid,es La Liga,23.0,2002,5,4,362,4.0,2,1,3,2,0,0,0,0,0.75,,,,,,,,,,,,,,,,,,,,,,,,,1747,ar ARG,MF,es La Liga,23-270,2002,4.0,2,8,2,25.0,1.99,0.50,0.25,1.00,0,0,2173,ar ARG,MF,es La Liga,23-270,2002,5,362,72,80.4,4.0,4,82,3,1,34,0,2.00,10,5,+5,+1.24,+2.27,1747,ar ARG,MF,es La Liga,23-270,2002,4.0,0,0,0,2,4,2,4,5,7,0
1748,Ellis Simms,eng ENG,FW,Coventry City,eng Premier League,25.0,2001,2,1,89,1.0,0,0,0,0,0,0,0,0,0.00,,,,,,,,,,,,,,,,,,,,,,,,,1748,eng ENG,FW,eng Premier League,25-252,2001,1.0,0,1,1,100.0,1.01,1.01,0.00,0.00,0,0,2174,eng ENG,FW,eng Premier League,25-252,2001,2,89,45,24.7,1.0,1,69,0,1,20,1,0.00,0,3,-3,-3.03,-0.71,1748,eng ENG,FW,eng Premier League,25-252,2001,1.0,0,0,0,2,1,0,0,0,0,0
1749,Moses Simon,ng NGA,MF,Paris FC,fr Ligue 1,31.0,1995,4,1,133,1.5,0,0,0,0,0,0,0,0,0.00,,,,,,,,,,,,,,,,,,,,,,,,,1749,ng NGA,MF,fr Ligue 1,31-064,1995,1.5,0,3,1,33.3,2.03,0.68,0.00,0.00,0,0,2175,ng NGA,MF,fr Ligue 1,31-064,1995,4,133,33,36.9,1.5,1,62,0,3,24,0,2.00,3,0,+3,+2.03,+1.63,1749,ng NGA,MF,fr Ligue 1,31-064,1995,1.5,0,0,0,1,1,0,6,2,0,0
1750,Unai Simón,es ESP,GK,Athletic Club,es La Liga,29.0,1997,5,5,450,5.0,0,0,0,0,0,0,0,0,0.00,98,es ESP,GK,es La Liga,29-095,1997,5,5,450,5.0,6,1.20,23,17,73.9,2,1,2,2,40.0,1,1,0,0,1750,es ESP,GK,es La Liga,29-095,1997,5.0,0,0,0,,0.00,0.00,,,0,0,2176,es ESP,GK,es La Liga,29-095,1997,5,450,90,100.0,5.0,5,90,5,0,,0,1.40,7,6,+1,+0.20,,1750,es ESP,GK,es La Liga,29-095,1997,5.0,0,0,0,0,0,0,0,0,0,0
1751,Jahmai Simpson-Pusey,eng ENG,DF,Köln,de Bundesliga,20.0,2005,3,3,270,3.0,0,0,0,0,0,0,1,0,0.00,,,,,,,,,,,,,,,,,,,,,,,,,1751,eng ENG,DF,de Bundesliga,20-314,2005,3.0,0,0,0,,0.00,0.00,,,0,0,2177,eng ENG,DF,de Bundesliga,20-314,2005,3,270,90,100.0,3.0,3,90,3,0,,0,1.33,5,7,-2,-0.67,,1751,eng ENG,DF,de Bundesliga,20-314,2005,3.0,1,0,0,2,4,0,0,4,3,0
1752,Lassine Sinayoko,ml MLI,FW,Paris FC,fr Ligue 1,26.0,1999,4,4,347,3.9,4,0,4,2,2,2,1,0,0.52,,,,,,,,,,,,,,,,,,,,,,,,,1752,ml MLI,FW,fr Ligue 1,26-280,1999,3.9,4,12,7,58.3,3.11,1.82,0.33,0.57,2,2,2178,ml MLI,FW,fr Ligue 1,26-280,1999,4,347,87,96.4,3.9,4,87,2,0,,0,2.00,6,2,+4,+1.04,+1.04,1752,ml MLI,FW,fr Ligue 1,26-280,1999,3.9,1,0,0,5,7,3,0,5,5,0
1753,Luca Sirch,de GER,DF,Elversberg,de Bundesliga,27.0,1999,2,0,19,0.2,0,0,0,0,0,0,0,0,0.00,,,,,,,,,,,,,,,,,,,,,,,,,1753,de GER,DF,de Bundesliga,27-092,1999,0.2,0,0,0,,0.00,0.00,,,0,0,2179,de GER,DF,de Bundesliga,27-092,1999,2,19,10,7.0,0.2,0,,0,2,10,1,3.00,1,2,-1,-4.74,-5.45,1753,de GER,DF,de Bundesliga,27-092,1999,0.2,0,0,0,0,1,0,3,0,0,0
1754,Omar Sissoko,fr FRA,MF,Paris FC,fr Ligue 1,20.0,2006,2,0,13,0.1,0,0,0,0,0,0,0,0,0.00,,,,,,,,,,,,,,,,,,,,,,,,,1754,fr FRA,MF,fr Ligue 1,20-027,2006,0.1,0,0,0,,0.00,0.00,,,0,0,2180,fr FRA,MF,fr Ligue 1,20-027,2006,2,13,7,3.6,0.1,0,,0,2,7,2,2.00,0,0,0,0.00,-1.04,1754,fr FRA,MF,fr Ligue 1,20-027,2006,0.1,0,0,0,1,1,0,0,0,0,0
1755,Antonio Sivera,es ESP,GK,Alavés,es La Liga,30.0,1996,5,5,450,5.0,0,1,1,0,0,0,1,0,0.20,99,es ESP,GK,es La Liga,30-034,1996,5,5,450,5.0,5,1.00,20,15,75.0,3,1,1,2,40.0,1,1,0,0,1755,es ESP,GK,es La Liga,30-034,1996,5.0,0,0,0,,0.00,0.00,,,0,0,2181,es ESP,GK,es La Liga,30-034,1996,5,450,90,100.0,5.0,5,90,5,0,,0,2.00,11,5,+6,+1.20,,1755,es ESP,GK,es La Liga,30-034,1996,5.0,1,0,0,0,0,0,0,0,0,0
1756,Tim Skarke,de GER,"FW,MF",Union Berlin,de Bundesliga,30.0,1996,3,0,73,0.8,2,0,2,2,0,0,0,0,2.47,,,,,,,,,,,,,,,,,,,,,,,,,1756,de GER,"FW,MF",de Bundesliga,30-007,1996,0.8,2,6,5,83.3,7.40,6.16,0.33,0.40,0,0,2184,de GER,"FW,MF",de Bundesliga,30-007,1996,3,73,24,27.0,0.8,0,,0,3,24,0,0.33,3,3,0,0.00,+2.74,1756,de GER,"FW,MF",de Bundesliga,30-007,1996,0.8,0,0,0,1,2,0,3,1,1,0
1757,Ellyes Skhiri,tn TUN,MF,Köln,de Bundesliga,31.0,1995,3,1,161,1.8,0,1,1,0,0,0,0,0,0.56,,,,,,,,,,,,,,,,,,,,,,,,,1757,tn TUN,MF,de Bundesliga,31-127,1995,1.8,0,3,1,33.3,1.68,0.56,0.00,0.00,0,0,2185,tn TUN,MF,de Bundesliga,31-127,1995,3,161,54,59.6,1.8,1,90,1,2,36,0,1.33,4,5,-1,-0.56,+0.27,1757,tn TUN,MF,de Bundesliga,31-127,1995,1.8,0,0,0,3,1,0,1,3,2,0
1758,Michał Skóraś,pl POL,MF,Lens,fr Ligue 1,26.0,2000,4,3,252,2.8,0,1,1,0,0,0,1,0,0.36,,,,,,,,,,,,,,,,,,,,,,,,,1758,pl POL,MF,fr Ligue 1,26-211,2000,2.8,0,1,0,0.0,0.36,0.00,0.00,,0,0,2187,pl POL,MF,fr Ligue 1,26-211,2000,4,252,63,70.0,2.8,3,74,1,1,29,0,1.00,4,6,-2,-0.71,-3.21,1758,pl POL,MF,fr Ligue 1,26-211,2000,2.8,1,0,0,4,8,1,12,4,2,0
1759,Łukasz Skorupski,pl POL,GK,Bologna,it Serie A,35.0,1991,3,3,270,3.0,0,0,0,0,0,0,0,0,0.00,100,pl POL,GK,it Serie A,35-132,1991,3,3,270,3.0,4,1.33,11,7,63.6,0,1,2,0,0.0,0,0,0,0,1759,pl POL,GK,it Serie A,35-132,1991,3.0,0,0,0,,0.00,0.00,,,0,0,2188,pl POL,GK,it Serie A,35-132,1991,3,270,90,75.0,3.0,3,90,3,0,,1,0.33,2,4,-2,-0.67,+0.33,1759,pl POL,GK,it Serie A,35-132,1991,3.0,0,0,0,0,0,0,0,0,0,0
1760,Robert Skov,dk DEN,"FW,MF",Union Berlin,de Bundesliga,30.0,1996,1,0,1,0.0,0,0,0,0,0,0,0,0,0.00,,,,,,,,,,,,,,,,,,,,,,,,,1760,dk DEN,"FW,MF",de Bundesliga,30-117,1996,0.0,0,0,0,,0.00,0.00,,,0,0,2189,dk DEN,"FW,MF",de Bundesliga,30-117,1996,1,1,1,0.4,0.0,0,,0,1,1,1,0.00,1,1,0,0.00,+2.01,1760,dk DEN,"FW,MF",de Bundesliga,30-117,1996,0.0,0,0,0,0,0,0,0,0,0,0
1761,Regan Slater,eng ENG,MF,Hull City,eng Premier League,27.0,1999,4,4,360,4.0,0,1,1,0,0,0,1,0,0.25,,,,,,,,,,,,,,,,,,,,,,,,,1761,eng ENG,MF,eng Premier League,27-003,1999,4.0,0,3,2,66.7,0.75,0.50,0.00,0.00,0,0,2190,eng ENG,MF,eng Premier League,27-003,1999,4,360,90,100.0,4.0,4,90,4,0,,0,2.00,5,2,+3,+0.75,,1761,eng ENG,MF,eng Premier League,27-003,1999,4.0,1,0,0,4,2,0,6,3,5,0
1762,Adam Smith,eng ENG,DF,Bournemouth,eng Premier League,35.0,1991,4,4,360,4.0,0,0,0,0,0,0,3,0,0.00,,,,,,,,,,,,,,,,,,,,,,,,,1762,eng ENG,DF,eng Premier League,35-138,1991,4.0,0,1,0,0.0,0.25,0.00,0.00,,0,0,2191,eng ENG,DF,eng Premier League,35-138,1991,4,360,90,100.0,4.0,4,90,4,0,,0,0.75,6,7,-1,-0.25,,1762,eng ENG,DF,eng Premier League,35-138,1991,4.0,3,0,0,6,6,0,4,4,2,0
1763,Emile Smith Rowe,eng ENG,MF,Fulham,eng Premier League,26.0,2000,3,0,41,0.5,0,0,0,0,0,0,0,0,0.00,,,,,,,,,,,,,,,,,,,,,,,,,1763,eng ENG,MF,eng Premier League,26-048,2000,0.5,0,1,0,0.0,2.20,0.00,0.00,,0,0,2192,eng ENG,MF,eng Premier League,26-048,2000,3,41,14,11.4,0.5,0,,0,3,14,1,0.33,0,0,0,0.00,+0.85,1763,eng ENG,MF,eng Premier League,26-048,2000,0.5,0,0,0,0,0,0,0,1,0,0
1764,Ivan Smolčić,hr CRO,DF,Como,it Serie A,26.0,2000,2,0,35,0.4,0,0,0,0,0,0,0,0,0.00,,,,,,,,,,,,,,,,,,,,,,,,,1764,hr CRO,DF,it Serie A,26-028,2000,0.4,0,0,0,,0.00,0.00,,,0,0,2193,hr CRO,DF,it Serie A,26-028,2000,2,35,18,13.0,0.4,0,,0,2,18,1,2.00,0,0,0,0.00,-1.53,1764,hr CRO,DF,it Serie A,26-028,2000,0.4,0,0,0,1,1,0,0,2,1,0
1765,Mezian Soares,pt POR,MF,Lens,fr Ligue 1,16.0,2009,2,0,47,0.5,0,0,0,0,0,0,0,0,0.00,,,,,,,,,,,,,,,,,,,,,,,,,1765,pt POR,MF,fr Ligue 1,16-310,2009,0.5,0,2,1,50.0,3.83,1.91,0.00,0.00,0,0,2194,pt POR,MF,fr Ligue 1,16-310,2009,2,47,24,13.1,0.5,0,,0,2,24,2,0.50,1,0,+1,+1.91,+1.91,1765,pt POR,MF,fr Ligue 1,16-310,2009,0.5,0,0,0,0,1,1,0,0,0,0
1766,Simon Sohm,ch SUI,MF,Venezia,it Serie A,25.0,2001,3,2,150,1.7,0,0,0,0,0,0,2,0,0.00,,,,,,,,,,,,,,,,,,,,,,,,,1766,ch SUI,MF,it Serie A,25-156,2001,1.7,0,0,0,,0.00,0.00,,,0,0,2195,ch SUI,MF,it Serie A,25-156,2001,3,150,50,41.7,1.7,2,62,0,1,26,1,0.00,1,7,-6,-3.60,-3.17,1766,ch SUI,MF,it Serie A,25-156,2001,1.7,2,0,0,2,0,0,0,0,0,0
1767,Dominic Solanke,eng ENG,FW,Tottenham,eng Premier League,29.0,1997,4,1,108,1.2,0,0,0,0,0,0,0,0,0.00,,,,,,,,,,,,,,,,,,,,,,,,,1767,eng ENG,FW,eng Premier League,29-000,1997,1.2,0,3,1,33.3,2.50,0.83,0.00,0.00,0,0,2196,eng ENG,FW,eng Premier League,29-000,1997,4,108,27,30.0,1.2,1,62,0,3,15,0,0.50,0,0,0,0.00,+1.79,1767,eng ENG,FW,eng Premier League,29-000,1997,1.2,0,0,0,2,2,1,0,0,0,0
1768,Carlos Soler,es ESP,MF,Real Sociedad,es La Liga,29.0,1997,6,4,375,4.2,0,1,1,0,0,0,0,0,0.24,,,,,,,,,,,,,,,,,,,,,,,,,1768,es ESP,MF,es La Liga,29-255,1997,4.2,0,2,1,50.0,0.48,0.24,0.00,0.00,0,0,2197,es ESP,MF,es La Liga,29-255,1997,6,375,63,69.4,4.2,4,87,3,2,14,0,1.17,5,6,-1,-0.24,+1.94,1768,es ESP,MF,es La Liga,29-255,1997,4.2,0,0,0,2,3,2,15,3,3,0
1769,Oumar Solet,fr FRA,DF,Udinese,it Serie A,26.0,2000,3,3,217,2.4,0,0,0,0,0,0,0,0,0.00,,,,,,,,,,,,,,,,,,,,,,,,,1769,fr FRA,DF,it Serie A,26-219,2000,2.4,0,0,0,,0.00,0.00,,,0,0,2200,fr FRA,DF,it Serie A,26-219,2000,3,217,72,80.4,2.4,3,72,2,0,,0,1.33,4,3,+1,+0.41,+2.11,1769,fr FRA,DF,it Serie A,26-219,2000,2.4,0,0,0,2,3,0,1,5,3,0
1770,David Soria,es ESP,GK,Getafe,es La Liga,33.0,1993,5,5,450,5.0,0,0,0,0,0,0,0,0,0.00,101,es ESP,GK,es La Liga,33-163,1993,5,5,450,5.0,6,1.20,18,12,66.7,1,2,2,1,20.0,2,1,1,0,1770,es ESP,GK,es La Liga,33-163,1993,5.0,0,0,0,,0.00,0.00,,,0,0,2202,es ESP,GK,es La Liga,33-163,1993,5,450,90,100.0,5.0,5,90,5,0,,0,1.00,3,6,-3,-0.60,,1770,es ESP,GK,es La Liga,33-163,1993,5.0,0,0,0,0,2,0,0,0,0,0
1771,Mario Soriano,es ESP,MF,Dep. A Coruña,es La Liga,24.0,2002,5,5,381,4.2,0,1,1,0,0,0,1,0,0.24,,,,,,,,,,,,,,,,,,,,,,,,,1771,es ESP,MF,es La Liga,24-145,2002,4.2,0,4,1,25.0,0.94,0.24,0.00,0.00,0,0,2203,es ESP,MF,es La Liga,24-145,2002,5,381,76,84.7,4.2,5,76,1,0,,0,1.80,7,4,+3,+0.71,+0.71,1771,es ESP,MF,es La Liga,24-145,2002,4.2,1,0,0,5,5,0,7,1,3,0
1772,Hugo Sotelo,es ESP,MF,Levante,es La Liga,22.0,2003,4,1,100,1.1,0,0,0,0,0,0,1,0,0.00,,,,,,,,,,,,,,,,,,,,,,,,,1772,es ESP,MF,es La Liga,22-269,2003,1.1,0,1,0,0.0,0.90,0.00,0.00,,0,0,2206,es ESP,MF,es La Liga,22-269,2003,4,100,25,22.2,1.1,1,59,0,3,14,0,1.25,2,3,-1,-0.90,-0.64,1772,es ESP,MF,es La Liga,22-269,2003,1.1,1,0,0,2,1,0,1,2,2,0
1773,Florian Sotoca,fr FRA,"FW,MF",Lens,fr Ligue 1,35.0,1990,2,0,23,0.3,0,0,0,0,0,0,0,0,0.00,,,,,,,,,,,,,,,,,,,,,,,,,1773,fr FRA,"FW,MF",fr Ligue 1,35-324,1990,0.3,0,2,1,50.0,7.83,3.91,0.00,0.00,0,0,2207,fr FRA,"FW,MF",fr Ligue 1,35-324,1990,2,23,12,6.4,0.3,0,,0,2,12,2,0.00,0,0,0,0.00,-0.27,1773,fr FRA,"FW,MF",fr Ligue 1,35-324,1990,0.3,0,0,0,0,0,1,1,0,0,0
1774,Anis Soubeir,fr FRA,MF,Monaco,fr Ligue 1,19.0,2007,4,1,83,0.9,0,0,0,0,0,0,0,0,0.00,,,,,,,,,,,,,,,,,,,,,,,,,1774,fr FRA,MF,fr Ligue 1,19-107,2007,0.9,0,2,1,50.0,2.17,1.08,0.00,0.00,0,0,2208,fr FRA,MF,fr Ligue 1,19-107,2007,4,83,21,23.1,0.9,1,21,0,3,21,0,2.50,0,0,0,0.00,-1.30,1774,fr FRA,MF,fr Ligue 1,19-107,2007,0.9,0,0,0,2,1,0,0,2,2,0
1775,Matìas Soulé,ar ARG,MF,Roma,it Serie A,23.0,2003,3,1,133,1.5,2,1,3,2,0,0,0,0,2.03,,,,,,,,,,,,,,,,,,,,,,,,,1775,ar ARG,MF,it Serie A,23-152,2003,1.5,2,13,7,53.8,8.80,4.74,0.15,0.29,0,0,2210,ar ARG,MF,it Serie A,23-152,2003,3,133,44,49.3,1.5,1,59,0,2,37,0,3.00,7,0,+7,+4.74,+3.42,1775,ar ARG,MF,it Serie A,23-152,2003,1.5,0,0,0,0,1,1,4,3,2,0
1776,Issa Soumaré,sn SEN,"MF,FW",Rennes,fr Ligue 1,25.0,2000,4,3,214,2.4,0,1,1,0,0,0,1,0,0.42,,,,,,,,,,,,,,,,,,,,,,,,,1776,sn SEN,"MF,FW",fr Ligue 1,25-339,2000,2.4,0,5,1,20.0,2.10,0.42,0.00,0.00,0,0,2211,sn SEN,"MF,FW",fr Ligue 1,25-339,2000,4,214,54,59.4,2.4,3,64,0,1,23,0,2.50,4,4,0,0.00,-1.85,1776,sn SEN,"MF,FW",fr Ligue 1,25-339,2000,2.4,1,0,0,4,5,1,3,2,1,0
1777,Djibril Sow,ch SUI,MF,Genoa,it Serie A,29.0,1997,4,3,225,2.5,0,1,1,0,0,0,1,0,0.40,,,,,,,,,,,,,,,,,,,,,,,,,1777,ch SUI,MF,it Serie A,29-220,1997,2.5,0,1,0,0.0,0.40,0.00,0.00,,0,0,2212,ch SUI,MF,it Serie A,29-220,1997,4,225,56,62.5,2.5,3,70,0,1,16,0,0.25,2,7,-5,-2.00,-1.33,1777,ch SUI,MF,it Serie A,29-220,1997,2.5,1,0,0,2,3,0,15,1,3,0
1778,Yanik Spalt,at AUT,MF,Stuttgart,de Bundesliga,19.0,2007,2,0,57,0.6,0,0,0,0,0,0,0,0,0.00,,,,,,,,,,,,,,,,,,,,,,,,,1778,at AUT,MF,de Bundesliga,19-011,2007,0.6,0,0,0,,0.00,0.00,,,0,0,2214,at AUT,MF,de Bundesliga,19-011,2007,2,57,29,21.1,0.6,0,,0,2,29,0,1.50,1,1,0,0.00,+0.85,1778,at AUT,MF,de Bundesliga,19-011,2007,0.6,0,0,0,3,3,0,0,1,2,0
1779,Leonardo Spinazzola,it ITA,DF,Napoli,it Serie A,33.0,1993,4,3,305,3.4,0,0,0,0,0,0,0,0,0.00,,,,,,,,,,,,,,,,,,,,,,,,,1779,it ITA,DF,it Serie A,33-173,1993,3.4,0,3,1,33.3,0.89,0.30,0.00,0.00,0,0,2215,it ITA,DF,it Serie A,33-173,1993,4,305,76,84.7,3.4,3,90,3,1,35,0,1.50,5,3,+2,+0.59,+2.23,1779,it ITA,DF,it Serie A,33-173,1993,3.4,0,0,0,2,0,1,5,1,2,0
1780,Anton Stach,de GER,MF,Leeds United,eng Premier League,27.0,1998,3,3,270,3.0,1,0,1,1,0,0,0,0,0.33,,,,,,,,,,,,,,,,,,,,,,,,,1780,de GER,MF,eng Premier League,27-303,1998,3.0,1,5,2,40.0,1.67,0.67,0.20,0.50,0,0,2218,de GER,MF,eng Premier League,27-303,1998,3,270,90,100.0,3.0,3,90,3,0,,0,1.67,3,2,+1,+0.33,,1780,de GER,MF,eng Premier League,27-303,1998,3.0,0,0,0,5,7,0,15,6,3,0
1781,Dariusz Stalmach,pl POL,MF,Werder Bremen,de Bundesliga,20.0,2005,3,0,74,0.8,1,0,1,1,0,0,0,0,1.22,,,,,,,,,,,,,,,,,,,,,,,,,1781,pl POL,MF,de Bundesliga,20-280,2005,0.8,1,1,1,100.0,1.22,1.22,1.00,1.00,0,0,2219,pl POL,MF,de Bundesliga,20-280,2005,3,74,25,27.4,0.8,0,,0,3,25,0,1.33,1,3,-2,-2.43,-2.89,1781,pl POL,MF,de Bundesliga,20-280,2005,0.8,0,0,0,3,1,0,1,1,3,0
1782,Otto Stange,de GER,DF,Hamburger SV,de Bundesliga,19.0,2007,3,0,64,0.7,0,0,0,0,0,0,0,0,0.00,,,,,,,,,,,,,,,,,,,,,,,,,1782,de GER,DF,de Bundesliga,19-217,2007,0.7,0,2,0,0.0,2.81,0.00,0.00,,0,0,2220,de GER,DF,de Bundesliga,19-217,2007,3,64,21,23.7,0.7,0,,0,3,21,0,0.00,0,2,-2,-2.81,+1.56,1782,de GER,DF,de Bundesliga,19-217,2007,0.7,0,0,0,3,1,0,0,0,0,0
1783,Josip Stanišić,hr CRO,DF,Bayern Munich,de Bundesliga,26.0,2000,2,1,107,1.2,0,0,0,0,0,0,0,0,0.00,,,,,,,,,,,,,,,,,,,,,,,,,1783,hr CRO,DF,de Bundesliga,26-165,2000,1.2,0,1,0,0.0,0.84,0.00,0.00,,0,0,2221,hr CRO,DF,de Bundesliga,26-165,2000,2,107,54,39.6,1.2,1,90,1,1,17,1,3.00,4,1,+3,+2.52,+1.42,1783,hr CRO,DF,de Bundesliga,26-165,2000,1.2,0,0,0,0,0,0,4,0,0,0
1784,Aleksandar Stanković,rs SRB,MF,Inter,it Serie A,21.0,2005,1,0,8,0.1,0,0,0,0,0,0,0,0,0.00,,,,,,,,,,,,,,,,,,,,,,,,,1784,rs SRB,MF,it Serie A,21-042,2005,0.1,0,0,0,,0.00,0.00,,,0,0,2222,rs SRB,MF,it Serie A,21-042,2005,1,8,8,3.0,0.1,0,,0,1,8,2,3.00,0,0,0,0.00,-1.72,1784,rs SRB,MF,it Serie A,21-042,2005,0.1,0,0,0,0,0,0,0,0,0,0
1785,Filip Stankovic,rs SRB,GK,Venezia,it Serie A,24.0,2002,4,4,360,4.0,0,0,0,0,0,0,0,0,0.00,102,rs SRB,GK,it Serie A,24-201,2002,4,4,360,4.0,11,2.75,28,17,60.7,0,0,4,0,0.0,0,0,0,0,1785,rs SRB,GK,it Serie A,24-201,2002,4.0,0,0,0,,0.00,0.00,,,0,0,2223,rs SRB,GK,it Serie A,24-201,2002,4,360,90,100.0,4.0,4,90,4,0,,0,0.00,4,11,-7,-1.75,,1785,rs SRB,GK,it Serie A,24-201,2002,4.0,0,0,0,0,0,0,0,0,0,0
1786,Carl Starfelt,se SWE,DF,Celta Vigo,es La Liga,31.0,1995,3,2,219,2.4,1,0,1,1,0,0,1,0,0.41,,,,,,,,,,,,,,,,,,,,,,,,,1786,se SWE,DF,es La Liga,31-105,1995,2.4,1,4,1,25.0,1.64,0.41,0.25,1.00,0,0,2224,se SWE,DF,es La Liga,31-105,1995,3,219,73,40.6,2.4,2,90,2,1,39,3,0.33,1,5,-4,-1.64,-1.92,1786,se SWE,DF,es La Liga,31-105,1995,2.4,1,0,0,2,2,0,0,4,4,0
1787,Lucas Stassin,be BEL,FW,Sevilla,es La Liga,21.0,2004,2,1,119,1.3,1,0,1,1,0,0,0,0,0.76,,,,,,,,,,,,,,,,,,,,,,,,,1787,be BEL,FW,es La Liga,21-290,2004,1.3,1,3,2,66.7,2.27,1.51,0.33,0.50,0,0,2226,be BEL,FW,es La Liga,21-290,2004,2,119,60,26.4,1.3,1,82,0,1,37,0,2.00,2,1,+1,+0.76,+0.48,1787,be BEL,FW,es La Liga,21-290,2004,1.3,0,0,0,0,1,0,1,0,0,0
1788,Orri Steinn Óskarsson,is ISL,FW,Real Sociedad,es La Liga,22.0,2004,5,3,283,3.1,1,0,1,1,0,0,0,0,0.32,,,,,,,,,,,,,,,,,,,,,,,,,1788,is ISL,FW,es La Liga,22-016,2004,3.1,1,8,4,50.0,2.54,1.27,0.13,0.25,0,0,2228,is ISL,FW,es La Liga,22-016,2004,5,283,57,52.4,3.1,3,79,1,2,23,1,0.80,2,8,-6,-1.91,-2.26,1788,is ISL,FW,es La Liga,22-016,2004,3.1,0,0,0,6,4,0,2,0,0,0
1789,Leonidas Stergiou,ch SUI,DF,Stuttgart,de Bundesliga,24.0,2002,1,0,17,0.2,0,0,0,0,0,0,0,0,0.00,,,,,,,,,,,,,,,,,,,,,,,,,1789,ch SUI,DF,de Bundesliga,24-195,2002,0.2,0,0,0,,0.00,0.00,,,0,0,2229,ch SUI,DF,de Bundesliga,24-195,2002,1,17,17,6.3,0.2,0,,0,1,17,2,0.00,0,2,-2,-10.59,-10.59,1789,ch SUI,DF,de Bundesliga,24-195,2002,0.2,0,0,0,0,0,0,0,0,0,0
1790,Sean Steur,nl NED,MF,Newcastle,eng Premier League,18.0,2008,3,1,89,1.0,0,0,0,0,0,0,0,0,0.00,,,,,,,,,,,,,,,,,,,,,,,,,1790,nl NED,MF,eng Premier League,18-246,2008,1.0,0,0,0,,0.00,0.00,,,0,0,2230,nl NED,MF,eng Premier League,18-246,2008,3,89,30,33.0,1.0,1,55,0,2,17,0,1.67,3,1,+2,+2.02,+2.02,1790,nl NED,MF,eng Premier League,18-246,2008,1.0,0,0,0,0,0,0,0,0,0,0
1791,Jonah Sticker,de GER,DF,Paderborn 07,de Bundesliga,22.0,2004,2,0,25,0.3,0,0,0,0,0,0,0,0,0.00,,,,,,,,,,,,,,,,,,,,,,,,,1791,de GER,DF,de Bundesliga,22-129,2004,0.3,0,0,0,,0.00,0.00,,,0,0,2231,de GER,DF,de Bundesliga,22-129,2004,2,25,13,9.3,0.3,0,,0,2,13,1,0.50,0,0,0,0.00,+1.47,1791,de GER,DF,de Bundesliga,22-129,2004,0.3,0,0,0,0,0,0,0,1,0,0
1792,Angelo Stiller,de GER,MF,Stuttgart,de Bundesliga,25.0,2001,3,3,210,2.3,0,0,0,0,0,0,0,0,0.00,,,,,,,,,,,,,,,,,,,,,,,,,1792,de GER,MF,de Bundesliga,25-163,2001,2.3,0,1,0,0.0,0.43,0.00,0.00,,0,0,2232,de GER,MF,de Bundesliga,25-163,2001,3,210,70,77.8,2.3,3,70,0,0,,0,1.00,5,6,-1,-0.43,+1.07,1792,de GER,MF,de Bundesliga,25-163,2001,2.3,0,0,0,5,2,0,1,2,1,0
1793,Kevin Stöger,at AUT,MF,Gladbach,de Bundesliga,33.0,1993,2,2,145,1.6,0,0,0,0,0,0,0,0,0.00,,,,,,,,,,,,,,,,,,,,,,,,,1793,at AUT,MF,de Bundesliga,33-018,1993,1.6,0,0,0,,0.00,0.00,,,0,0,2233,at AUT,MF,de Bundesliga,33-018,1993,2,145,73,53.7,1.6,2,73,0,0,,1,0.00,0,6,-6,-3.72,-1.56,1793,at AUT,MF,de Bundesliga,33-018,1993,1.6,0,0,0,2,1,0,5,1,1,0
1794,John Stones,eng ENG,DF,Inter,it Serie A,32.0,1994,2,0,39,0.4,0,0,0,0,0,0,0,0,0.00,,,,,,,,,,,,,,,,,,,,,,,,,1794,eng ENG,DF,it Serie A,32-109,1994,0.4,0,1,0,0.0,2.31,0.00,0.00,,0,0,2235,eng ENG,DF,it Serie A,32-109,1994,2,39,20,14.4,0.4,0,,0,2,20,1,3.00,0,0,0,0.00,-1.95,1794,eng ENG,DF,it Serie A,32-109,1994,0.4,0,0,0,1,1,0,0,0,1,0
1795,Jørgen Strand Larsen,no NOR,FW,Crystal Palace,eng Premier League,26.0,2000,4,2,218,2.4,1,0,1,1,0,0,0,0,0.41,,,,,,,,,,,,,,,,,,,,,,,,,1795,no NOR,FW,eng Premier League,26-220,2000,2.4,1,5,3,60.0,2.06,1.24,0.20,0.33,0,0,2237,no NOR,FW,eng Premier League,26-220,2000,4,218,55,60.6,2.4,2,73,0,2,37,0,0.75,5,5,0,0.00,+3.17,1795,no NOR,FW,eng Premier League,26-220,2000,2.4,0,0,0,4,2,0,0,0,2,0
1796,Elliot Stroud,se SWE,MF,Hull City,eng Premier League,24.0,2002,4,4,249,2.8,0,0,0,0,0,0,1,0,0.00,,,,,,,,,,,,,,,,,,,,,,,,,1796,se SWE,MF,eng Premier League,24-084,2002,2.8,0,3,0,0.0,1.08,0.00,0.00,,0,0,2238,se SWE,MF,eng Premier League,24-084,2002,4,249,62,69.2,2.8,4,62,0,0,,0,2.00,4,1,+3,+1.08,+1.08,1796,se SWE,MF,eng Premier League,24-084,2002,2.8,1,0,0,6,0,0,4,2,3,0
1797,Pascal Struijk,nl NED,DF,Brighton,eng Premier League,27.0,1999,2,0,14,0.2,0,0,0,0,0,0,0,0,0.00,,,,,,,,,,,,,,,,,,,,,,,,,1797,nl NED,DF,eng Premier League,27-034,1999,0.2,0,0,0,,0.00,0.00,,,0,0,2239,nl NED,DF,eng Premier League,27-034,1999,2,14,7,3.9,0.2,0,,0,2,7,2,2.00,2,0,+2,+12.86,+11.30,1797,nl NED,DF,eng Premier League,27-034,1999,0.2,0,0,0,0,0,0,0,0,0,0
1798,Nikola Štulić,rs SRB,FW,Lecce,it Serie A,25.0,2001,4,2,217,2.4,0,0,0,0,0,0,0,0,0.00,,,,,,,,,,,,,,,,,,,,,,,,,1798,rs SRB,FW,it Serie A,25-006,2001,2.4,0,5,2,40.0,2.07,0.83,0.00,0.00,0,0,2240,rs SRB,FW,it Serie A,25-006,2001,4,217,54,60.3,2.4,2,82,1,2,27,0,1.50,4,3,+1,+0.41,+2.30,1798,rs SRB,FW,it Serie A,25-006,2001,2.4,0,0,0,4,2,1,0,0,0,0
1799,Denis Suárez,es ESP,MF,Alavés,es La Liga,32.0,1994,5,2,215,2.4,0,0,0,0,0,0,1,0,0.00,,,,,,,,,,,,,,,,,,,,,,,,,1799,es ESP,MF,es La Liga,32-251,1994,2.4,0,2,1,50.0,0.84,0.42,0.00,0.00,0,0,2241,es ESP,MF,es La Liga,32-251,1994,5,215,43,47.8,2.4,2,73,1,3,23,0,2.00,3,2,+1,+0.42,-1.50,1799,es ESP,MF,es La Liga,32-251,1994,2.4,1,0,0,3,5,0,23,0,3,0
1800,Gabriel Suazo,cl CHI,DF,Sevilla,es La Liga,29.0,1997,5,5,450,5.0,0,0,0,0,0,0,2,0,0.00,,,,,,,,,,,,,,,,,,,,,,,,,1800,cl CHI,DF,es La Liga,29-036,1997,5.0,0,1,0,0.0,0.20,0.00,0.00,,0,0,2242,cl CHI,DF,es La Liga,29-036,1997,5,450,90,100.0,5.0,5,90,5,0,,0,2.00,8,6,+2,+0.40,,1800,cl CHI,DF,es La Liga,29-036,1997,5.0,2,0,0,9,5,1,17,4,10,0
1801,Luka Sučić,hr CRO,"MF,FW",Real Sociedad,es La Liga,24.0,2002,6,5,463,5.1,2,0,2,2,0,0,1,0,0.39,,,,,,,,,,,,,,,,,,,,,,,,,1801,hr CRO,"MF,FW",es La Liga,24-006,2002,5.1,2,13,5,38.5,2.53,0.97,0.15,0.40,0,0,2243,hr CRO,"MF,FW",es La Liga,24-006,2002,6,463,77,85.7,5.1,5,87,3,1,30,0,1.17,6,11,-5,-0.97,-0.97,1801,hr CRO,"MF,FW",es La Liga,24-006,2002,5.1,1,0,0,3,2,0,7,1,4,0
1802,Petar Sučić,hr CRO,MF,Inter,it Serie A,22.0,2003,3,2,146,1.6,0,0,0,0,0,0,0,0,0.00,,,,,,,,,,,,,,,,,,,,,,,,,1802,hr CRO,MF,it Serie A,22-324,2003,1.6,0,0,0,,0.00,0.00,,,0,0,2244,hr CRO,MF,it Serie A,22-324,2003,3,146,49,54.1,1.6,2,55,0,1,37,0,3.00,3,0,+3,+1.85,+0.40,1802,hr CRO,MF,it Serie A,22-324,2003,1.6,0,0,0,0,2,0,3,0,2,0
1803,Alessandro Sugamele,it ITA,FW,Cagliari,it Serie A,19.0,2007,1,0,17,0.2,0,0,0,0,0,0,0,0,0.00,,,,,,,,,,,,,,,,,,,,,,,,,1803,it ITA,FW,it Serie A,19-204,2007,0.2,0,1,1,100.0,5.29,5.29,0.00,0.00,0,0,2245,it ITA,FW,it Serie A,19-204,2007,1,17,17,4.7,0.2,0,,0,1,17,1,3.00,0,0,0,0.00,-0.52,1803,it ITA,FW,it Serie A,19-204,2007,0.2,0,0,0,0,0,0,0,0,0,0
1804,Yukinari Sugawara,jp JPN,"DF,FW",Cagliari,it Serie A,26.0,2000,1,0,23,0.3,0,0,0,0,0,0,0,0,0.00,,,,,,,,,,,,,,,,,,,,,,,,,1804,jp JPN,"DF,FW",it Serie A,26-078,2000,0.3,0,0,0,,0.00,0.00,,,0,0,2246,jp JPN,"DF,FW",it Serie A,26-078,2000,1,23,23,6.4,0.3,0,,0,1,23,0,3.00,0,0,0,0.00,-0.53,1804,jp JPN,"DF,FW",it Serie A,26-078,2000,0.3,0,0,0,1,0,0,1,0,0,0
1805,Pavel Šulc,cz CZE,MF,Lyon,fr Ligue 1,25.0,2000,4,2,195,2.2,0,2,2,0,0,0,0,0,0.92,,,,,,,,,,,,,,,,,,,,,,,,,1805,cz CZE,MF,fr Ligue 1,25-259,2000,2.2,0,3,1,33.3,1.38,0.46,0.00,0.00,0,0,2247,cz CZE,MF,fr Ligue 1,25-259,2000,4,195,49,54.2,2.2,2,78,1,2,20,0,2.00,6,1,+5,+2.31,+2.85,1805,cz CZE,MF,fr Ligue 1,25-259,2000,2.2,0,0,0,2,1,0,1,0,3,0
1806,Ibrahim Sulemana,gh GHA,MF,Sassuolo,it Serie A,23.0,2003,1,0,31,0.3,0,0,0,0,0,0,0,0,0.00,,,,,,,,,,,,,,,,,,,,,,,,,1806,gh GHA,MF,it Serie A,23-115,2003,0.3,0,0,0,,0.00,0.00,,,0,0,2249,gh GHA,MF,it Serie A,23-115,2003,1,31,31,8.6,0.3,0,,0,1,31,1,1.00,0,1,-1,-2.90,-3.45,1806,gh GHA,MF,it Serie A,23-115,2003,0.3,0,0,0,0,1,0,0,0,0,0
1807,Josip Šutalo,hr CRO,DF,Lazio,it Serie A,26.0,2000,1,1,83,0.9,0,0,0,0,0,0,0,0,0.00,,,,,,,,,,,,,,,,,,,,,,,,,1807,hr CRO,DF,it Serie A,26-198,2000,0.9,0,0,0,,0.00,0.00,,,0,0,2251,hr CRO,DF,it Serie A,26-198,2000,1,83,83,23.1,0.9,1,83,0,0,,2,1.00,2,2,0,0.00,-0.97,1807,hr CRO,DF,it Serie A,26-198,2000,0.9,0,0,0,0,0,0,0,1,0,0
1808,Yuito Suzuki,jp JPN,MF,Freiburg,de Bundesliga,24.0,2001,3,3,237,2.6,3,0,3,3,0,0,1,0,1.14,,,,,,,,,,,,,,,,,,,,,,,,,1808,jp JPN,MF,de Bundesliga,24-324,2001,2.6,3,6,4,66.7,2.28,1.52,0.50,0.75,0,0,2252,jp JPN,MF,de Bundesliga,24-324,2001,3,237,79,87.8,2.6,3,79,0,0,,0,3.00,8,1,+7,+2.66,-2.80,1808,jp JPN,MF,de Bundesliga,24-324,2001,2.6,1,0,0,4,2,0,2,1,0,0
1809,Zion Suzuki,jp JPN,GK,Aston Villa,eng Premier League,24.0,2002,3,3,270,3.0,0,0,0,0,0,0,0,0,0.00,103,jp JPN,GK,eng Premier League,24-024,2002,3,3,270,3.0,3,1.00,13,10,76.9,0,1,2,1,33.3,0,0,0,0,1809,jp JPN,GK,eng Premier League,24-024,2002,3.0,0,0,0,,0.00,0.00,,,0,0,2253,jp JPN,GK,eng Premier League,24-024,2002,3,270,90,75.0,3.0,3,90,3,0,,1,0.33,1,3,-2,-0.67,+3.33,1809,jp JPN,GK,eng Premier League,24-024,2002,3.0,0,0,0,0,2,0,0,0,0,0
1810,Daniel Svensson,se SWE,"MF,DF",Dortmund,de Bundesliga,24.0,2002,3,3,270,3.0,0,0,0,0,0,0,1,0,0.00,,,,,,,,,,,,,,,,,,,,,,,,,1810,se SWE,"MF,DF",de Bundesliga,24-214,2002,3.0,0,1,0,0.0,0.33,0.00,0.00,,0,0,2254,se SWE,"MF,DF",de Bundesliga,24-214,2002,3,270,90,100.0,3.0,3,90,3,0,,0,3.00,8,2,+6,+2.00,,1810,se SWE,"MF,DF",de Bundesliga,24-214,2002,3.0,1,0,0,2,7,0,6,8,8,0
1811,Mile Svilar,rs SRB,GK,Roma,it Serie A,27.0,1999,3,3,270,3.0,0,0,0,0,0,0,0,0,0.00,104,rs SRB,GK,it Serie A,27-018,1999,3,3,270,3.0,1,0.33,8,7,87.5,3,0,0,2,66.7,0,0,0,0,1811,rs SRB,GK,it Serie A,27-018,1999,3.0,0,0,0,,0.00,0.00,,,0,0,2255,rs SRB,GK,it Serie A,27-018,1999,3,270,90,100.0,3.0,3,90,3,0,,0,3.00,10,1,+9,+3.00,,1811,rs SRB,GK,it Serie A,27-018,1999,3.0,0,0,0,0,0,0,0,0,0,0
1812,Williot Swedberg,se SWE,FW,Celta Vigo,es La Liga,22.0,2004,5,3,245,2.7,0,0,0,0,0,0,0,0,0.00,,,,,,,,,,,,,,,,,,,,,,,,,1812,se SWE,FW,es La Liga,22-225,2004,2.7,0,4,3,75.0,1.47,1.10,0.00,0.00,0,0,2257,se SWE,FW,es La Liga,22-225,2004,5,245,49,45.4,2.7,3,61,0,2,32,1,0.60,1,5,-4,-1.47,-1.77,1812,se SWE,FW,es La Liga,22-225,2004,2.7,0,0,0,4,11,0,3,1,3,0
1813,Lamine Sy,mr MTN,"DF,MF",Auxerre,fr Ligue 1,24.0,2002,4,4,359,4.0,1,0,1,1,0,0,0,0,0.25,,,,,,,,,,,,,,,,,,,,,,,,,1813,mr MTN,"DF,MF",fr Ligue 1,24-035,2002,4.0,1,2,1,50.0,0.50,0.25,0.50,1.00,0,0,2259,mr MTN,"DF,MF",fr Ligue 1,24-035,2002,4,359,90,99.7,4.0,4,90,3,0,,0,0.75,5,11,-6,-1.50,-1.50,1813,mr MTN,"DF,MF",fr Ligue 1,24-035,2002,4.0,0,0,0,7,1,0,14,6,0,0
1814,Dembo Sylla,gn GUI,DF,Lorient,fr Ligue 1,23.0,2002,4,4,341,3.8,0,0,0,0,0,0,0,0,0.00,,,,,,,,,,,,,,,,,,,,,,,,,1814,gn GUI,DF,fr Ligue 1,23-308,2002,3.8,0,0,0,,0.00,0.00,,,0,0,2260,gn GUI,DF,fr Ligue 1,23-308,2002,4,341,85,94.7,3.8,4,85,3,0,,0,1.25,4,4,0,0.00,0.00,1814,gn GUI,DF,fr Ligue 1,23-308,2002,3.8,0,0,0,3,6,0,8,13,3,0
1815,Moussa Sylla,ml MLI,FW,Schalke 04,de Bundesliga,26.0,1999,2,2,180,2.0,0,0,0,0,0,0,0,0,0.00,,,,,,,,,,,,,,,,,,,,,,,,,1815,ml MLI,FW,de Bundesliga,26-293,1999,2.0,0,5,2,40.0,2.50,1.00,0.00,0.00,0,0,2261,ml MLI,FW,de Bundesliga,26-293,1999,2,180,90,66.7,2.0,2,90,2,0,,0,0.50,0,3,-3,-1.50,-3.50,1815,ml MLI,FW,de Bundesliga,26-293,1999,2.0,0,0,0,0,3,0,0,0,0,0
1816,Dominik Szoboszlai,hu HUN,MF,Liverpool,eng Premier League,25.0,2000,4,4,360,4.0,1,0,1,0,1,1,0,0,0.00,,,,,,,,,,,,,,,,,,,,,,,,,1816,hu HUN,MF,eng Premier League,25-324,2000,4.0,1,11,5,45.5,2.75,1.25,0.09,0.20,1,1,2263,hu HUN,MF,eng Premier League,25-324,2000,4,360,90,100.0,4.0,4,90,4,0,,0,1.50,6,4,+2,+0.50,,1816,hu HUN,MF,eng Premier League,25-324,2000,4.0,0,0,0,8,3,1,33,4,3,0
1817,Sebastian Szymański,pl POL,MF,Rennes,fr Ligue 1,27.0,1999,4,3,225,2.5,1,1,2,1,0,0,0,0,0.80,,,,,,,,,,,,,,,,,,,,,,,,,1817,pl POL,MF,fr Ligue 1,27-127,1999,2.5,1,3,1,33.3,1.20,0.40,0.33,1.00,0,0,2264,pl POL,MF,fr Ligue 1,27-127,1999,4,225,56,62.5,2.5,3,71,0,1,13,0,2.50,6,4,+2,+0.80,+0.13,1817,pl POL,MF,fr Ligue 1,27-127,1999,2.5,0,0,0,1,2,0,13,2,5,0
1818,Musa Al-Taamari,jo JOR,"MF,FW",Rennes,fr Ligue 1,29.0,1997,4,3,251,2.8,0,0,0,0,0,0,1,0,0.00,,,,,,,,,,,,,,,,,,,,,,,,,1818,jo JOR,"MF,FW",fr Ligue 1,29-096,1997,2.8,0,8,3,37.5,2.87,1.08,0.00,0.00,0,0,2266,jo JOR,"MF,FW",fr Ligue 1,29-096,1997,4,251,63,69.7,2.8,3,70,0,1,40,0,2.50,7,4,+3,+1.08,+1.08,1818,jo JOR,"MF,FW",fr Ligue 1,29-096,1997,2.8,1,0,0,3,2,2,8,1,4,0
1819,Nicolás Tagliafico,ar ARG,DF,Lyon,fr Ligue 1,34.0,1992,1,1,79,0.9,0,0,0,0,0,0,0,0,0.00,,,,,,,,,,,,,,,,,,,,,,,,,1819,ar ARG,DF,fr Ligue 1,34-014,1992,0.9,0,0,0,,0.00,0.00,,,0,0,2267,ar ARG,DF,fr Ligue 1,34-014,1992,1,79,79,21.9,0.9,1,79,0,0,,3,1.00,0,1,-1,-1.14,-2.74,1819,ar ARG,DF,fr Ligue 1,34-014,1992,0.9,0,0,0,1,1,0,1,2,1,0
1820,Jonathan Tah,de GER,DF,Bayern Munich,de Bundesliga,30.0,1996,2,1,97,1.1,0,0,0,0,0,0,0,0,0.00,,,,,,,,,,,,,,,,,,,,,,,,,1820,de GER,DF,de Bundesliga,30-215,1996,1.1,0,1,0,0.0,0.93,0.00,0.00,,0,0,2268,de GER,DF,de Bundesliga,30-215,1996,2,97,49,35.9,1.1,1,90,1,1,7,1,2.00,1,0,+1,+0.93,-1.15,1820,de GER,DF,de Bundesliga,30-215,1996,1.1,0,0,0,1,1,0,0,0,3,0
1821,Chemsdine Talbi,ma MAR,MF,Sunderland,eng Premier League,21.0,2005,1,0,32,0.4,0,0,0,0,0,0,0,0,0.00,,,,,,,,,,,,,,,,,,,,,,,,,1821,ma MAR,MF,eng Premier League,21-128,2005,0.4,0,0,0,,0.00,0.00,,,0,0,2269,ma MAR,MF,eng Premier League,21-128,2005,1,32,32,8.9,0.4,0,,0,1,32,2,0.00,0,1,-1,-2.81,-2.54,1821,ma MAR,MF,eng Premier League,21-128,2005,0.4,0,0,0,1,0,1,3,0,0,0
1822,Montassar Talbi,tn TUN,DF,Lorient,fr Ligue 1,28.0,1998,4,4,360,4.0,0,0,0,0,0,0,0,0,0.00,,,,,,,,,,,,,,,,,,,,,,,,,1822,tn TUN,DF,fr Ligue 1,28-111,1998,4.0,0,3,2,66.7,0.75,0.50,0.00,0.00,0,0,2270,tn TUN,DF,fr Ligue 1,28-111,1998,4,360,90,100.0,4.0,4,90,4,0,,0,1.25,4,4,0,0.00,,1822,tn TUN,DF,fr Ligue 1,28-111,1998,4.0,0,0,0,1,2,0,0,2,4,0
1823,Ao Tanaka,jp JPN,MF,Leeds United,eng Premier League,28.0,1998,2,1,117,1.3,0,1,1,0,0,0,0,0,0.77,,,,,,,,,,,,,,,,,,,,,,,,,1823,jp JPN,MF,eng Premier League,28-004,1998,1.3,0,2,0,0.0,1.54,0.00,0.00,,0,0,2271,jp JPN,MF,eng Premier League,28-004,1998,2,117,59,43.3,1.3,1,72,0,1,45,1,1.00,2,1,+1,+0.77,+0.77,1823,jp JPN,MF,eng Premier League,28-004,1998,1.3,0,0,0,1,1,1,0,0,1,0
1824,Satoshi Tanaka,jp JPN,MF,Schalke 04,de Bundesliga,24.0,2002,2,2,180,2.0,0,0,0,0,0,0,0,0,0.00,,,,,,,,,,,,,,,,,,,,,,,,,1824,jp JPN,MF,de Bundesliga,24-032,2002,2.0,0,0,0,,0.00,0.00,,,0,0,2272,jp JPN,MF,de Bundesliga,24-032,2002,2,180,90,66.7,2.0,2,90,2,0,,1,2.00,3,1,+2,+1.00,+4.00,1824,jp JPN,MF,de Bundesliga,24-032,2002,2.0,0,0,0,1,5,0,0,7,2,0
1825,Christ Tapé,ci CIV,DF,Toulouse,fr Ligue 1,20.0,2006,4,4,353,3.9,1,0,1,1,0,0,0,0,0.25,,,,,,,,,,,,,,,,,,,,,,,,,1825,ci CIV,DF,fr Ligue 1,20-196,2006,3.9,1,5,2,40.0,1.27,0.51,0.20,0.50,0,0,2275,ci CIV,DF,fr Ligue 1,20-196,2006,4,353,88,98.1,3.9,4,88,3,0,,0,0.50,4,7,-3,-0.76,-0.76,1825,ci CIV,DF,fr Ligue 1,20-196,2006,3.9,0,0,0,4,3,0,8,5,1,0
1826,Edmond Tapsoba,bf BFA,DF,Leverkusen,de Bundesliga,27.0,1999,3,3,270,3.0,0,1,1,0,0,0,0,0,0.33,,,,,,,,,,,,,,,,,,,,,,,,,1826,bf BFA,DF,de Bundesliga,27-224,1999,3.0,0,1,0,0.0,0.33,0.00,0.00,,0,0,2276,bf BFA,DF,de Bundesliga,27-224,1999,3,270,90,100.0,3.0,3,90,3,0,,0,1.33,8,5,+3,+1.00,,1826,bf BFA,DF,de Bundesliga,27-224,1999,3.0,0,0,0,0,2,0,0,2,3,0
1827,Matt Targett,eng ENG,"DF,MF",Hull City,eng Premier League,30.0,1995,1,0,6,0.1,0,0,0,0,0,0,0,0,0.00,,,,,,,,,,,,,,,,,,,,,,,,,1827,eng ENG,"DF,MF",eng Premier League,30-361,1995,0.1,0,0,0,,0.00,0.00,,,0,0,2277,eng ENG,"DF,MF",eng Premier League,30-361,1995,1,6,6,1.7,0.1,0,,0,1,6,3,3.00,0,0,0,0.00,-0.76,1827,eng ENG,"DF,MF",eng Premier League,30-361,1995,0.1,0,0,0,0,0,0,0,0,0,0
1828,James Tarkowski,eng ENG,DF,Everton,eng Premier League,33.0,1992,4,4,360,4.0,1,0,1,1,0,0,0,0,0.25,,,,,,,,,,,,,,,,,,,,,,,,,1828,eng ENG,DF,eng Premier League,33-299,1992,4.0,1,3,1,33.3,0.75,0.25,0.33,1.00,0,0,2278,eng ENG,DF,eng Premier League,33-299,1992,4,360,90,100.0,4.0,4,90,4,0,,0,1.50,5,3,+2,+0.50,,1828,eng ENG,DF,eng Premier League,33-299,1992,4.0,0,0,0,1,5,0,1,10,8,0
1829,César Tárrega,es ESP,DF,Valencia,es La Liga,24.0,2002,5,4,330,3.7,0,0,0,0,0,0,0,0,0.00,,,,,,,,,,,,,,,,,,,,,,,,,1829,es ESP,DF,es La Liga,24-200,2002,3.7,0,3,0,0.0,0.82,0.00,0.00,,0,0,2279,es ESP,DF,es La Liga,24-200,2002,5,330,66,73.3,3.7,4,73,3,1,37,0,0.20,1,6,-5,-1.36,+1.64,1829,es ESP,DF,es La Liga,24-200,2002,3.7,0,0,0,6,3,0,0,5,6,1
1830,Nuno Tavares,pt POR,DF,Lazio,it Serie A,26.0,2000,4,3,255,2.8,0,1,1,0,0,0,0,0,0.35,,,,,,,,,,,,,,,,,,,,,,,,,1830,pt POR,DF,it Serie A,26-231,2000,2.8,0,7,2,28.6,2.47,0.71,0.00,0.00,0,0,2280,pt POR,DF,it Serie A,26-231,2000,4,255,64,70.8,2.8,3,81,2,1,13,0,2.50,5,3,+2,+0.71,-0.15,1830,pt POR,DF,it Serie A,26-231,2000,2.8,0,0,0,2,6,0,19,1,2,0
1831,Marcus Tavernier,eng ENG,MF,Bournemouth,eng Premier League,27.0,1999,4,4,350,3.9,3,0,3,3,0,0,2,0,0.77,,,,,,,,,,,,,,,,,,,,,,,,,1831,eng ENG,MF,eng Premier League,27-176,1999,3.9,3,13,8,61.5,3.34,2.06,0.23,0.38,0,0,2281,eng ENG,MF,eng Premier League,27-176,1999,4,350,88,97.2,3.9,4,88,2,0,,0,0.75,6,7,-1,-0.26,-0.26,1831,eng ENG,MF,eng Premier League,27-176,1999,3.9,2,0,0,3,8,0,17,0,4,0
1832,Kenneth Taylor,nl NED,MF,Lazio,it Serie A,24.0,2002,4,4,343,3.8,0,0,0,0,0,0,0,0,0.00,,,,,,,,,,,,,,,,,,,,,,,,,1832,nl NED,MF,it Serie A,24-121,2002,3.8,0,2,0,0.0,0.52,0.00,0.00,,0,0,2282,nl NED,MF,it Serie A,24-121,2002,4,343,86,95.3,3.8,4,86,3,0,,0,2.50,6,3,+3,+0.79,+0.79,1832,nl NED,MF,it Serie A,24-121,2002,3.8,0,0,0,5,4,0,2,4,5,0
1833,Loum Tchaouna,fr FRA,MF,Coventry City,eng Premier League,23.0,2003,3,2,167,1.9,0,0,0,0,0,0,0,0,0.00,,,,,,,,,,,,,,,,,,,,,,,,,1833,fr FRA,MF,eng Premier League,23-006,2003,1.9,0,5,1,20.0,2.69,0.54,0.00,0.00,0,0,2283,fr FRA,MF,eng Premier League,23-006,2003,3,167,56,46.4,1.9,2,70,0,1,28,1,0.00,0,3,-3,-1.62,+1.65,1833,fr FRA,MF,eng Premier League,23-006,2003,1.9,0,0,0,1,2,0,12,0,1,0
1834,Aurélien Tchouaméni,fr FRA,"DF,MF",Real Madrid,es La Liga,26.0,2000,1,0,22,0.2,0,0,0,0,0,0,0,0,0.00,,,,,,,,,,,,,,,,,,,,,,,,,1834,fr FRA,"DF,MF",es La Liga,26-230,2000,0.2,0,1,0,0.0,4.09,0.00,0.00,,0,0,2285,fr FRA,"DF,MF",es La Liga,26-230,2000,1,22,22,4.9,0.2,0,,0,1,22,0,3.00,1,0,+1,+4.09,+2.20,1834,fr FRA,"DF,MF",es La Liga,26-230,2000,0.2,0,0,0,0,0,0,0,0,0,0
1835,Mathys Tel,fr FRA,MF,Tottenham,eng Premier League,21.0,2005,4,3,258,2.9,0,0,0,0,0,0,0,0,0.00,,,,,,,,,,,,,,,,,,,,,,,,,1835,fr FRA,MF,eng Premier League,21-140,2005,2.9,0,6,1,16.7,2.09,0.35,0.00,0.00,0,0,2287,fr FRA,MF,eng Premier League,21-140,2005,4,258,65,71.7,2.9,3,77,1,1,28,0,0.50,0,4,-4,-1.40,-0.51,1835,fr FRA,MF,eng Premier League,21-140,2005,2.9,0,0,0,4,1,0,12,0,1,0
1836,Nahuel Tenaglia,ar ARG,DF,Alavés,es La Liga,30.0,1996,5,5,405,4.5,1,0,1,1,0,0,2,0,0.22,,,,,,,,,,,,,,,,,,,,,,,,,1836,ar ARG,DF,es La Liga,30-205,1996,4.5,1,6,2,33.3,1.33,0.44,0.17,0.50,0,0,2288,ar ARG,DF,es La Liga,30-205,1996,5,405,81,90.0,4.5,5,81,4,0,,0,2.00,11,4,+7,+1.56,+3.56,1836,ar ARG,DF,es La Liga,30-205,1996,4.5,2,0,0,5,5,2,4,6,5,0
1837,Casper Tengstedt,dk DEN,FW,Toulouse,fr Ligue 1,26.0,2000,2,0,71,0.8,1,0,1,1,0,0,0,0,1.27,,,,,,,,,,,,,,,,,,,,,,,,,1837,dk DEN,FW,fr Ligue 1,26-105,2000,0.8,1,5,1,20.0,6.34,1.27,0.20,1.00,0,0,2289,dk DEN,FW,fr Ligue 1,26-105,2000,2,71,36,19.7,0.8,0,,0,2,36,0,0.50,2,1,+1,+1.27,+2.51,1837,dk DEN,FW,fr Ligue 1,26-105,2000,0.8,0,0,0,1,0,1,1,0,0,0
1838,Jano ter Horst,de GER,DF,Paderborn 07,de Bundesliga,24.0,2002,3,3,261,2.9,0,0,0,0,0,0,1,0,0.00,,,,,,,,,,,,,,,,,,,,,,,,,1838,de GER,DF,de Bundesliga,24-087,2002,2.9,0,1,0,0.0,0.34,0.00,0.00,,0,0,2290,de GER,DF,de Bundesliga,24-087,2002,3,261,87,96.7,2.9,3,87,2,0,,0,0.33,0,4,-4,-1.38,-1.38,1838,de GER,DF,de Bundesliga,24-087,2002,2.9,1,0,0,3,2,0,1,8,1,0
1839,Filippo Terracciano,it ITA,DF,Milan,it Serie A,23.0,2003,1,0,3,0.0,0,0,0,0,0,0,0,0,0.00,,,,,,,,,,,,,,,,,,,,,,,,,1839,it ITA,DF,it Serie A,23-218,2003,0.0,0,0,0,,0.00,0.00,,,0,0,2291,it ITA,DF,it Serie A,23-218,2003,1,3,3,0.8,0.0,0,,0,1,3,3,1.00,0,1,-1,-30.00,-31.01,1839,it ITA,DF,it Serie A,23-218,2003,0.0,0,0,0,0,1,0,0,0,0,0
1840,Ramón Terrats,es ESP,MF,Getafe,es La Liga,25.0,2000,5,5,441,4.9,1,0,1,1,0,0,1,0,0.20,,,,,,,,,,,,,,,,,,,,,,,,,1840,es ESP,MF,es La Liga,25-331,2000,4.9,1,15,4,26.7,3.06,0.82,0.07,0.25,0,0,2293,es ESP,MF,es La Liga,25-331,2000,5,441,88,98.0,4.9,5,88,2,0,,0,1.00,3,6,-3,-0.61,-0.61,1840,es ESP,MF,es La Liga,25-331,2000,4.9,1,0,0,8,13,1,14,2,2,0
1841,Martin Terrier,fr FRA,"FW,MF",Leverkusen,de Bundesliga,29.0,1997,1,0,15,0.2,0,0,0,0,0,0,0,0,0.00,,,,,,,,,,,,,,,,,,,,,,,,,1841,fr FRA,"FW,MF",de Bundesliga,29-194,1997,0.2,0,1,1,100.0,6.00,6.00,0.00,0.00,0,0,2294,fr FRA,"FW,MF",de Bundesliga,29-194,1997,1,15,15,5.6,0.2,0,,0,1,15,0,1.00,1,0,+1,+6.00,+5.29,1841,fr FRA,"FW,MF",de Bundesliga,29-194,1997,0.2,0,0,0,0,0,0,1,0,0,0
1842,Aleksa Terzić,rs SRB,DF,Frosinone,it Serie A,27.0,1999,2,0,32,0.4,0,0,0,0,0,0,0,0,0.00,,,,,,,,,,,,,,,,,,,,,,,,,1842,rs SRB,DF,it Serie A,27-028,1999,0.4,0,1,0,0.0,2.81,0.00,0.00,,0,0,2295,rs SRB,DF,it Serie A,27-028,1999,2,32,16,8.9,0.4,0,,0,2,16,2,1.50,0,0,0,0.00,-0.82,1842,rs SRB,DF,it Serie A,27-028,1999,0.4,0,0,0,1,1,0,2,0,0,0
1843,Tanner Tessmann,us USA,MF,Lyon,fr Ligue 1,24.0,2001,3,0,30,0.3,0,0,0,0,0,0,1,0,0.00,,,,,,,,,,,,,,,,,,,,,,,,,1843,us USA,MF,fr Ligue 1,24-355,2001,0.3,0,1,0,0.0,3.00,0.00,0.00,,0,0,2296,us USA,MF,fr Ligue 1,24-355,2001,3,30,10,8.3,0.3,0,,0,3,10,1,2.33,1,0,+1,+3.00,+2.18,1843,us USA,MF,fr Ligue 1,24-355,2001,0.3,1,0,0,2,1,0,0,0,1,0
1844,Kenny Tete,nl NED,DF,Fulham,eng Premier League,30.0,1995,1,0,28,0.3,0,0,0,0,0,0,1,0,0.00,,,,,,,,,,,,,,,,,,,,,,,,,1844,nl NED,DF,eng Premier League,30-340,1995,0.3,0,0,0,,0.00,0.00,,,0,0,2297,nl NED,DF,eng Premier League,30-340,1995,1,28,28,7.8,0.3,0,,0,1,28,1,1.00,0,0,0,0.00,+0.81,1844,nl NED,DF,eng Premier League,30-340,1995,0.3,1,0,0,2,0,0,0,0,0,0
1845,Jordan Teze,nl NED,"DF,MF",Monaco,fr Ligue 1,26.0,1999,1,0,39,0.4,0,1,1,0,0,0,1,0,2.31,,,,,,,,,,,,,,,,,,,,,,,,,1845,nl NED,"DF,MF",fr Ligue 1,26-349,1999,0.4,0,0,0,,0.00,0.00,,,0,0,2298,nl NED,"DF,MF",fr Ligue 1,26-349,1999,1,39,39,10.8,0.4,0,,0,1,39,1,3.00,2,0,+2,+4.62,+4.05,1845,nl NED,"DF,MF",fr Ligue 1,26-349,1999,0.4,1,0,0,0,0,0,0,1,2,0
1846,Florian Thauvin,fr FRA,MF,Lens,fr Ligue 1,33.0,1993,4,4,360,4.0,3,1,4,0,3,3,1,0,0.25,,,,,,,,,,,,,,,,,,,,,,,,,1846,fr FRA,MF,fr Ligue 1,33-231,1993,4.0,3,14,9,64.3,3.50,2.25,0.21,0.33,3,3,2299,fr FRA,MF,fr Ligue 1,33-231,1993,4,360,90,100.0,4.0,4,90,4,0,,0,1.00,8,7,+1,+0.25,,1846,fr FRA,MF,fr Ligue 1,33-231,1993,4.0,1,0,0,2,6,0,40,2,1,0
1847,Arthur Theate,be BEL,DF,Bologna,it Serie A,26.0,2000,2,2,180,2.0,0,0,0,0,0,0,0,0,0.00,,,,,,,,,,,,,,,,,,,,,,,,,1847,be BEL,DF,it Serie A,26-112,2000,2.0,0,2,0,0.0,1.00,0.00,0.00,,0,0,2300,be BEL,DF,it Serie A,26-112,2000,2,180,90,50.0,2.0,2,90,2,0,,1,0.50,2,3,-1,-0.50,+0.50,1847,be BEL,DF,it Serie A,26-112,2000,2.0,0,0,0,1,1,1,1,3,1,0
1848,Igor Thiago,br BRA,FW,Brentford,eng Premier League,25.0,2001,4,4,352,3.9,0,0,0,0,0,1,1,0,0.00,,,,,,,,,,,,,,,,,,,,,,,,,1848,br BRA,FW,eng Premier League,25-080,2001,3.9,0,10,3,30.0,2.56,0.77,0.00,0.00,0,1,2301,br BRA,FW,eng Premier League,25-080,2001,4,352,88,97.8,3.9,4,88,3,0,,0,1.50,7,4,+3,+0.77,+0.77,1848,br BRA,FW,eng Premier League,25-080,2001,3.9,1,0,0,3,2,0,2,0,1,0
1849,Demba Thiam,sn SEN,GK,Monza,it Serie A,28.0,1998,3,3,270,3.0,0,0,0,0,0,0,0,0,0.00,105,sn SEN,GK,it Serie A,28-189,1998,3,3,270,3.0,7,2.33,11,4,36.4,0,1,2,0,0.0,0,0,0,0,1849,sn SEN,GK,it Serie A,28-189,1998,3.0,0,0,0,,0.00,0.00,,,0,0,2303,sn SEN,GK,it Serie A,28-189,1998,3,270,90,75.0,3.0,3,90,3,0,,0,0.33,5,7,-2,-0.67,+2.33,1849,sn SEN,GK,it Serie A,28-189,1998,3.0,0,0,0,0,1,0,0,0,0,0
1850,Malick Thiaw,de GER,DF,Newcastle,eng Premier League,25.0,2001,3,3,270,3.0,0,0,0,0,0,0,0,0,0.00,,,,,,,,,,,,,,,,,,,,,,,,,1850,de GER,DF,eng Premier League,25-037,2001,3.0,0,0,0,,0.00,0.00,,,0,0,2304,de GER,DF,eng Premier League,25-037,2001,3,270,90,100.0,3.0,3,90,3,0,,0,1.67,6,4,+2,+0.67,,1850,de GER,DF,eng Premier League,25-037,2001,3.0,0,0,0,3,3,0,0,0,0,1
1851,Jan Thielmann,de GER,FW,Köln,de Bundesliga,24.0,2002,2,2,135,1.5,0,0,0,0,0,0,0,0,0.00,,,,,,,,,,,,,,,,,,,,,,,,,1851,de GER,FW,de Bundesliga,24-111,2002,1.5,0,2,0,0.0,1.33,0.00,0.00,,0,0,2305,de GER,FW,de Bundesliga,24-111,2002,2,135,68,50.0,1.5,2,68,1,0,,1,1.50,3,3,0,0.00,+1.33,1851,de GER,FW,de Bundesliga,24-111,2002,1.5,0,0,0,0,1,0,1,1,2,0
1852,Bobby Thomas,eng ENG,DF,Coventry City,eng Premier League,25.0,2001,4,4,347,3.9,0,0,0,0,0,0,0,0,0.00,,,,,,,,,,,,,,,,,,,,,,,,,1852,eng ENG,DF,eng Premier League,25-227,2001,3.9,0,9,0,0.0,2.33,0.00,0.00,,0,0,2306,eng ENG,DF,eng Premier League,25-227,2001,4,347,87,96.4,3.9,4,87,3,0,,0,0.00,0,9,-9,-2.33,+4.59,1852,eng ENG,DF,eng Premier League,25-227,2001,3.9,0,0,0,4,7,1,1,5,2,0
1853,Sorba Thomas,wls WAL,"FW,MF",Hull City,eng Premier League,27.0,1999,2,0,59,0.7,0,0,0,0,0,0,0,0,0.00,,,,,,,,,,,,,,,,,,,,,,,,,1853,wls WAL,"FW,MF",eng Premier League,27-023,1999,0.7,0,1,0,0.0,1.53,0.00,0.00,,0,0,2307,wls WAL,"FW,MF",eng Premier League,27-023,1999,2,59,30,16.4,0.7,0,,0,2,30,0,1.00,0,1,-1,-1.53,-2.72,1853,wls WAL,"FW,MF",eng Premier League,27-023,1999,0.7,0,0,0,0,0,1,3,0,0,0
1854,Brandon Thomas-Asante,gh GHA,MF,Coventry City,eng Premier League,27.0,1998,4,1,139,1.5,0,0,0,0,0,0,0,0,0.00,,,,,,,,,,,,,,,,,,,,,,,,,1854,gh GHA,MF,eng Premier League,27-259,1998,1.5,0,2,2,100.0,1.29,1.29,0.00,0.00,0,0,2308,gh GHA,MF,eng Premier League,27-259,1998,4,139,35,38.6,1.5,1,69,0,3,23,0,0.00,0,6,-6,-3.88,-2.26,1854,gh GHA,MF,eng Premier League,27-259,1998,1.5,0,0,0,0,5,0,2,5,0,0
1855,Adrien Thomasson,fr FRA,MF,Rennes,fr Ligue 1,32.0,1993,4,3,284,3.2,1,2,3,1,0,0,1,0,0.95,,,,,,,,,,,,,,,,,,,,,,,,,1855,fr FRA,MF,fr Ligue 1,32-278,1993,3.2,1,4,1,25.0,1.27,0.32,0.25,1.00,0,0,2309,fr FRA,MF,fr Ligue 1,32-278,1993,4,284,71,78.9,3.2,3,90,3,1,14,0,2.50,6,4,+2,+0.63,-0.55,1855,fr FRA,MF,fr Ligue 1,32-278,1993,3.2,1,0,0,6,5,0,14,4,1,0
1856,Kristian Thorstvedt,no NOR,MF,Sassuolo,it Serie A,27.0,1999,4,1,159,1.8,0,0,0,0,0,0,0,0,0.00,,,,,,,,,,,,,,,,,,,,,,,,,1856,no NOR,MF,it Serie A,27-185,1999,1.8,0,4,2,50.0,2.26,1.13,0.00,0.00,0,0,2310,no NOR,MF,it Serie A,27-185,1999,4,159,40,44.2,1.8,1,70,0,3,30,0,1.75,2,2,0,0.00,-0.45,1856,no NOR,MF,it Serie A,27-185,1999,1.8,0,0,0,0,6,0,1,1,1,0
1857,Marcus Thuram,fr FRA,"FW,MF",Inter,it Serie A,29.0,1997,2,0,71,0.8,1,0,1,1,0,0,0,0,1.27,,,,,,,,,,,,,,,,,,,,,,,,,1857,fr FRA,"FW,MF",it Serie A,29-039,1997,0.8,1,8,1,12.5,10.14,1.27,0.13,1.00,0,0,2312,fr FRA,"FW,MF",it Serie A,29-039,1997,2,71,36,26.3,0.8,0,,0,2,36,1,3.00,3,2,+1,+1.27,-0.54,1857,fr FRA,"FW,MF",it Serie A,29-039,1997,0.8,0,0,0,0,0,0,1,0,0,0
1858,Youri Tielemans,be BEL,MF,Manchester Utd,eng Premier League,29.0,1997,4,4,312,3.5,0,0,0,0,0,0,0,0,0.00,,,,,,,,,,,,,,,,,,,,,,,,,1858,be BEL,MF,eng Premier League,29-130,1997,3.5,0,6,3,50.0,1.73,0.87,0.00,0.00,0,0,2313,be BEL,MF,eng Premier League,29-130,1997,4,312,78,86.7,3.5,4,78,2,0,,0,1.00,7,7,0,0.00,0.00,1858,be BEL,MF,eng Premier League,29-130,1997,3.5,0,0,0,1,7,0,2,5,2,0
1859,Phillip Tietz,de GER,FW,Mainz 05,de Bundesliga,29.0,1997,3,3,270,3.0,3,0,3,3,0,0,0,0,1.00,,,,,,,,,,,,,,,,,,,,,,,,,1859,de GER,FW,de Bundesliga,29-067,1997,3.0,3,13,5,38.5,4.33,1.67,0.23,0.60,0,0,2314,de GER,FW,de Bundesliga,29-067,1997,3,270,90,100.0,3.0,3,90,3,0,,0,1.33,6,3,+3,+1.00,,1859,de GER,FW,de Bundesliga,29-067,1997,3.0,0,0,0,5,1,1,1,1,0,0
1860,Steffen Tigges,de GER,FW,Paderborn 07,de Bundesliga,28.0,1998,3,0,93,1.0,0,0,0,0,0,0,0,0,0.00,,,,,,,,,,,,,,,,,,,,,,,,,1860,de GER,FW,de Bundesliga,28-045,1998,1.0,0,5,0,0.0,4.84,0.00,0.00,,0,0,2315,de GER,FW,de Bundesliga,28-045,1998,3,93,31,34.4,1.0,0,,0,3,31,0,0.33,0,2,-2,-1.94,-0.92,1860,de GER,FW,de Bundesliga,28-045,1998,1.0,0,0,0,2,1,0,0,1,1,0
1861,Malik Tillman,us USA,MF,Leverkusen,de Bundesliga,24.0,2002,3,2,146,1.6,0,1,1,0,0,0,0,0,0.62,,,,,,,,,,,,,,,,,,,,,,,,,1861,us USA,MF,de Bundesliga,24-109,2002,1.6,0,3,0,0.0,1.85,0.00,0.00,,0,0,2316,us USA,MF,de Bundesliga,24-109,2002,3,146,49,54.1,1.6,2,65,0,1,16,0,1.33,5,3,+2,+1.23,+0.51,1861,us USA,MF,de Bundesliga,24-109,2002,1.6,0,0,0,3,3,0,2,4,0,0
1862,Jurriën Timber,nl NED,DF,Arsenal,eng Premier League,25.0,2001,1,0,45,0.5,0,0,0,0,0,0,0,0,0.00,,,,,,,,,,,,,,,,,,,,,,,,,1862,nl NED,DF,eng Premier League,25-089,2001,0.5,0,0,0,,0.00,0.00,,,0,0,2317,nl NED,DF,eng Premier League,25-089,2001,1,45,45,12.5,0.5,0,,0,1,45,0,3.00,2,0,+2,+4.00,+2.57,1862,nl NED,DF,eng Premier League,25-089,2001,0.5,0,0,0,0,0,1,0,0,0,0
1863,Quinten Timber,nl NED,MF,Crystal Palace,eng Premier League,25.0,2001,2,2,163,1.8,0,0,0,0,0,0,0,0,0.00,,,,,,,,,,,,,,,,,,,,,,,,,1863,nl NED,MF,eng Premier League,25-089,2001,1.8,0,3,1,33.3,1.66,0.55,0.00,0.00,0,0,2318,nl NED,MF,eng Premier League,25-089,2001,2,163,82,45.3,1.8,2,82,1,0,,0,1.50,4,5,-1,-0.55,+1.28,1863,nl NED,MF,eng Premier League,25-089,2001,1.8,0,0,0,2,4,0,1,1,5,0
1864,Quinten Timber,nl NED,MF,Marseille,fr Ligue 1,25.0,2001,1,1,45,0.5,0,0,0,0,0,0,0,0,0.00,,,,,,,,,,,,,,,,,,,,,,,,,1864,nl NED,MF,fr Ligue 1,25-089,2001,0.5,0,0,0,,0.00,0.00,,,0,0,2319,nl NED,MF,fr Ligue 1,25-089,2001,1,45,45,12.5,0.5,1,45,0,0,,0,0.00,0,1,-1,-2.00,-2.29,1864,nl NED,MF,fr Ligue 1,25-089,2001,0.5,0,0,0,2,1,0,3,0,0,0
1865,Yvann Titi,fr FRA,DF,Troyes,fr Ligue 1,20.0,2006,1,1,54,0.6,0,0,0,0,0,0,0,0,0.00,,,,,,,,,,,,,,,,,,,,,,,,,1865,fr FRA,DF,fr Ligue 1,20-132,2006,0.6,0,1,0,0.0,1.67,0.00,0.00,,0,0,2321,fr FRA,DF,fr Ligue 1,20-132,2006,1,54,54,15.0,0.6,1,54,0,0,,0,1.00,0,0,0,0.00,+1.47,1865,fr FRA,DF,fr Ligue 1,20-132,2006,0.6,0,0,0,0,1,0,4,1,0,0
1866,Yassine Titraoui,dz ALG,MF,Lens,fr Ligue 1,23.0,2003,3,3,239,2.7,0,0,0,0,0,0,1,0,0.00,,,,,,,,,,,,,,,,,,,,,,,,,1866,dz ALG,MF,fr Ligue 1,23-050,2003,2.7,0,1,0,0.0,0.38,0.00,0.00,,0,0,2322,dz ALG,MF,fr Ligue 1,23-050,2003,3,239,80,66.4,2.7,3,80,2,0,,0,1.00,6,5,+1,+0.38,+0.38,1866,dz ALG,MF,fr Ligue 1,23-050,2003,2.7,1,0,0,2,5,0,0,6,5,0
1867,Jean-Clair Todibo,fr FRA,DF,Lens,fr Ligue 1,26.0,1999,1,0,36,0.4,0,0,0,0,0,0,0,0,0.00,,,,,,,,,,,,,,,,,,,,,,,,,1867,fr FRA,DF,fr Ligue 1,26-258,1999,0.4,0,1,0,0.0,2.50,0.00,0.00,,0,0,2323,fr FRA,DF,fr Ligue 1,26-258,1999,1,36,36,10.0,0.4,0,,0,1,36,0,1.00,0,0,0,0.00,-0.28,1867,fr FRA,DF,fr Ligue 1,26-258,1999,0.4,0,0,0,2,0,0,0,0,0,0
1868,Corentin Tolisso,fr FRA,MF,Lyon,fr Ligue 1,32.0,1994,4,3,292,3.2,0,1,1,0,0,0,0,0,0.31,,,,,,,,,,,,,,,,,,,,,,,,,1868,fr FRA,MF,fr Ligue 1,32-042,1994,3.2,0,6,3,50.0,1.85,0.92,0.00,0.00,0,0,2324,fr FRA,MF,fr Ligue 1,32-042,1994,4,292,73,81.1,3.2,3,90,3,1,22,0,2.00,5,2,+3,+0.92,-0.40,1868,fr FRA,MF,fr Ligue 1,32-042,1994,3.2,0,0,0,2,6,0,7,5,2,0
1869,Jeremy Toljan,de GER,DF,Levante,es La Liga,32.0,1994,5,1,177,2.0,0,0,0,0,0,0,1,0,0.00,,,,,,,,,,,,,,,,,,,,,,,,,1869,de GER,DF,es La Liga,32-037,1994,2.0,0,0,0,,0.00,0.00,,,0,0,2325,de GER,DF,es La Liga,32-037,1994,5,177,35,39.3,2.0,1,90,1,4,22,0,1.00,5,5,0,0.00,+0.66,1869,de GER,DF,es La Liga,32-037,1994,2.0,1,0,0,1,0,2,7,1,0,0
1870,Tiago Tomás,pt POR,FW,Stuttgart,de Bundesliga,24.0,2002,1,1,61,0.7,0,0,0,0,0,0,0,0,0.00,,,,,,,,,,,,,,,,,,,,,,,,,1870,pt POR,FW,de Bundesliga,24-090,2002,0.7,0,2,1,50.0,2.95,1.48,0.00,0.00,0,0,2326,pt POR,FW,de Bundesliga,24-090,2002,1,61,61,22.6,0.7,1,61,0,0,,0,0.00,1,3,-2,-2.95,-2.95,1870,pt POR,FW,de Bundesliga,24-090,2002,0.7,0,0,0,1,2,0,0,0,2,0
1871,Takehiro Tomiyasu,jp JPN,DF,Crystal Palace,eng Premier League,27.0,1998,3,1,147,1.6,0,0,0,0,0,0,0,0,0.00,,,,,,,,,,,,,,,,,,,,,,,,,1871,jp JPN,DF,eng Premier League,27-313,1998,1.6,0,0,0,,0.00,0.00,,,0,0,2327,jp JPN,DF,eng Premier League,27-313,1998,3,147,49,40.8,1.6,1,74,0,2,37,1,0.00,2,5,-3,-1.84,-0.99,1871,jp JPN,DF,eng Premier League,27-313,1998,1.6,0,0,0,1,2,0,4,5,1,0
1872,Sandro Tonali,it ITA,MF,Tottenham,eng Premier League,26.0,2000,4,4,344,3.8,0,0,0,0,0,0,0,0,0.00,,,,,,,,,,,,,,,,,,,,,,,,,1872,it ITA,MF,eng Premier League,26-129,2000,3.8,0,5,1,20.0,1.31,0.26,0.00,0.00,0,0,2329,it ITA,MF,eng Premier League,26-129,2000,4,344,86,95.6,3.8,4,86,3,0,,0,0.50,0,5,-5,-1.31,-1.31,1872,it ITA,MF,eng Premier League,26-129,2000,3.8,0,0,0,2,4,2,4,3,1,0
1873,Victor Torp,dk DEN,MF,Coventry City,eng Premier League,27.0,1999,3,0,56,0.6,0,0,0,0,0,0,0,0,0.00,,,,,,,,,,,,,,,,,,,,,,,,,1873,dk DEN,MF,eng Premier League,27-046,1999,0.6,0,0,0,,0.00,0.00,,,0,0,2332,dk DEN,MF,eng Premier League,27-046,1999,3,56,19,15.6,0.6,0,,0,3,19,1,0.00,0,2,-2,-3.21,-0.85,1873,dk DEN,MF,eng Premier League,27-046,1999,0.6,0,0,0,1,0,0,5,1,0,0
1874,Raúl Torrente,es ESP,DF,Le Mans,fr Ligue 1,25.0,2001,2,1,74,0.8,0,0,0,0,0,0,0,0,0.00,,,,,,,,,,,,,,,,,,,,,,,,,1874,es ESP,DF,fr Ligue 1,25-003,2001,0.8,0,0,0,,0.00,0.00,,,0,0,2333,es ESP,DF,fr Ligue 1,25-003,2001,2,74,37,20.6,0.8,1,60,0,1,14,2,1.00,1,1,0,0.00,+0.31,1874,es ESP,DF,fr Ligue 1,25-003,2001,0.8,0,0,0,2,0,0,0,0,3,0
1875,Ferran Torres,es ESP,FW,Paris SG,fr Ligue 1,26.0,2000,4,2,220,2.4,3,0,3,3,0,0,0,0,1.23,,,,,,,,,,,,,,,,,,,,,,,,,1875,es ESP,FW,fr Ligue 1,26-197,2000,2.4,3,6,3,50.0,2.45,1.23,0.50,1.00,0,0,2334,es ESP,FW,fr Ligue 1,26-197,2000,4,220,55,61.1,2.4,2,74,0,2,37,0,1.25,3,2,+1,+0.41,+1.05,1875,es ESP,FW,fr Ligue 1,26-197,2000,2.4,0,0,0,0,3,1,3,2,0,0
1876,Pau Torres,es ESP,DF,Aston Villa,eng Premier League,29.0,1997,3,3,187,2.1,0,0,0,0,0,0,0,0,0.00,,,,,,,,,,,,,,,,,,,,,,,,,1876,es ESP,DF,eng Premier League,29-241,1997,2.1,0,0,0,,0.00,0.00,,,0,0,2335,es ESP,DF,eng Premier League,29-241,1997,3,187,62,51.9,2.1,3,62,1,0,,1,0.00,0,5,-5,-2.41,-1.89,1876,es ESP,DF,eng Premier League,29-241,1997,2.1,0,0,0,2,1,0,1,1,0,0
1877,Lucas Torró,es ESP,MF,Osasuna,es La Liga,32.0,1994,3,1,120,1.3,0,0,0,0,0,0,0,0,0.00,,,,,,,,,,,,,,,,,,,,,,,,,1877,es ESP,MF,es La Liga,32-057,1994,1.3,0,1,0,0.0,0.75,0.00,0.00,,0,0,2337,es ESP,MF,es La Liga,32-057,1994,3,120,40,26.7,1.3,1,90,1,2,15,2,2.33,2,1,+1,+0.75,+1.84,1877,es ESP,MF,es La Liga,32-057,1994,1.3,0,0,0,1,0,0,0,0,2,0
1878,Jordan Torunarigha,de GER,DF,Hamburger SV,de Bundesliga,29.0,1997,3,3,216,2.4,0,0,0,0,0,0,0,0,0.00,,,,,,,,,,,,,,,,,,,,,,,,,1878,de GER,DF,de Bundesliga,29-038,1997,2.4,0,0,0,,0.00,0.00,,,0,0,2338,de GER,DF,de Bundesliga,29-038,1997,3,216,72,80.0,2.4,3,72,1,0,,0,0.00,0,9,-9,-3.75,+1.25,1878,de GER,DF,de Bundesliga,29-038,1997,2.4,0,0,0,5,0,0,0,4,0,0
1879,Alex Tóth,hu HUN,MF,Bournemouth,eng Premier League,20.0,2005,1,0,16,0.2,0,0,0,0,0,0,0,0,0.00,,,,,,,,,,,,,,,,,,,,,,,,,1879,hu HUN,MF,eng Premier League,20-326,2005,0.2,0,0,0,,0.00,0.00,,,0,0,2339,hu HUN,MF,eng Premier League,20-326,2005,1,16,16,4.4,0.2,0,,0,1,16,1,0.00,0,2,-2,-11.25,-11.51,1879,hu HUN,MF,eng Premier League,20-326,2005,0.2,0,0,0,0,0,0,0,0,1,0
1880,Ahmed Touba,dz ALG,DF,Le Havre,fr Ligue 1,28.0,1998,3,3,270,3.0,0,0,0,0,0,0,1,0,0.00,,,,,,,,,,,,,,,,,,,,,,,,,1880,dz ALG,DF,fr Ligue 1,28-186,1998,3.0,0,1,0,0.0,0.33,0.00,0.00,,0,0,2340,dz ALG,DF,fr Ligue 1,28-186,1998,3,270,90,75.0,3.0,3,90,3,0,,0,0.67,2,3,-1,-0.33,+0.67,1880,dz ALG,DF,fr Ligue 1,28-186,1998,3.0,1,0,0,3,0,0,0,9,5,0
1881,Bazoumana Touré,ci CIV,MF,Newcastle,eng Premier League,20.0,2006,1,0,1,0.0,0,0,0,0,0,0,0,0,0.00,,,,,,,,,,,,,,,,,,,,,,,,,1881,ci CIV,MF,eng Premier League,20-196,2006,0.0,0,0,0,,0.00,0.00,,,0,0,2341,ci CIV,MF,eng Premier League,20-196,2006,1,1,1,0.4,0.0,0,,0,1,1,2,3.00,0,0,0,0.00,-0.67,1881,ci CIV,MF,eng Premier League,20-196,2006,0.0,0,0,0,0,0,0,0,0,0,0
1882,Ilane Touré,fr FRA,MF,Monaco,fr Ligue 1,20.0,2006,1,0,11,0.1,0,0,0,0,0,0,0,0,0.00,,,,,,,,,,,,,,,,,,,,,,,,,1882,fr FRA,MF,fr Ligue 1,20-041,2006,0.1,0,0,0,,0.00,0.00,,,0,0,2342,fr FRA,MF,fr Ligue 1,20-041,2006,1,11,11,3.1,0.1,0,,0,1,11,2,3.00,0,0,0,0.00,-1.03,1882,fr FRA,MF,fr Ligue 1,20-041,2006,0.1,0,0,0,0,0,0,0,1,0,0
1883,Lucas Tousart,fr FRA,DF,Brest,fr Ligue 1,29.0,1997,4,1,127,1.4,0,0,0,0,0,0,0,0,0.00,,,,,,,,,,,,,,,,,,,,,,,,,1883,fr FRA,DF,fr Ligue 1,29-138,1997,1.4,0,4,3,75.0,2.83,2.13,0.00,0.00,0,0,2344,fr FRA,DF,fr Ligue 1,29-138,1997,4,127,32,35.3,1.4,1,90,1,3,12,0,1.25,3,3,0,0.00,0.00,1883,fr FRA,DF,fr Ligue 1,29-138,1997,1.4,0,0,0,2,2,0,0,2,2,0
1884,James Trafford,eng ENG,GK,Leeds United,eng Premier League,23.0,2002,3,3,270,3.0,0,0,0,0,0,0,0,0,0.00,106,eng ENG,GK,eng Premier League,23-339,2002,3,3,270,3.0,2,0.67,13,10,84.6,1,2,0,1,33.3,0,0,0,0,1884,eng ENG,GK,eng Premier League,23-339,2002,3.0,0,0,0,,0.00,0.00,,,0,0,2345,eng ENG,GK,eng Premier League,23-339,2002,3,270,90,100.0,3.0,3,90,3,0,,0,1.67,3,2,+1,+0.33,,1884,eng ENG,GK,eng Premier League,23-339,2002,3.0,0,0,0,0,0,0,0,0,0,0
1885,Adama Traoré,es ESP,"FW,MF",Dep. A Coruña,es La Liga,30.0,1996,2,0,54,0.6,0,0,0,0,0,0,0,0,0.00,,,,,,,,,,,,,,,,,,,,,,,,,1885,es ESP,"FW,MF",es La Liga,30-232,1996,0.6,0,0,0,,0.00,0.00,,,0,0,2346,es ESP,"FW,MF",es La Liga,30-232,1996,2,54,27,12.0,0.6,0,,0,2,27,0,2.00,3,2,+1,+1.67,+1.21,1885,es ESP,"FW,MF",es La Liga,30-232,1996,0.6,0,0,0,0,2,0,7,0,0,1
1886,Daouda Traoré,fr FRA,MF,Le Mans,fr Ligue 1,20.0,2006,1,0,26,0.3,0,0,0,0,0,0,0,0,0.00,,,,,,,,,,,,,,,,,,,,,,,,,1886,fr FRA,MF,fr Ligue 1,20-054,2006,0.3,0,1,0,0.0,3.46,0.00,0.00,,0,0,2347,fr FRA,MF,fr Ligue 1,20-054,2006,1,26,26,7.2,0.3,0,,0,1,26,2,1.00,0,0,0,0.00,+0.27,1886,fr FRA,MF,fr Ligue 1,20-054,2006,0.3,0,0,0,2,0,0,0,0,0,0
1887,Hamari Traoré,ml MLI,DF,Paris FC,fr Ligue 1,34.0,1992,3,2,188,2.1,0,0,0,0,0,0,1,0,0.00,,,,,,,,,,,,,,,,,,,,,,,,,1887,ml MLI,DF,fr Ligue 1,34-230,1992,2.1,0,0,0,,0.00,0.00,,,0,0,2348,ml MLI,DF,fr Ligue 1,34-230,1992,3,188,63,52.2,2.1,2,90,2,1,8,1,2.33,4,2,+2,+0.96,-0.09,1887,ml MLI,DF,fr Ligue 1,34-230,1992,2.1,1,0,0,2,2,0,0,1,1,0
1888,Kevin Trapp,de GER,GK,Paris FC,fr Ligue 1,36.0,1990,4,4,360,4.0,0,0,0,0,0,0,0,0,0.00,107,de GER,GK,fr Ligue 1,36-068,1990,4,4,360,4.0,2,0.50,11,9,81.8,2,2,0,3,75.0,0,0,0,0,1888,de GER,GK,fr Ligue 1,36-068,1990,4.0,0,0,0,,0.00,0.00,,,0,0,2349,de GER,GK,fr Ligue 1,36-068,1990,4,360,90,100.0,4.0,4,90,4,0,,0,2.00,6,2,+4,+1.00,,1888,de GER,GK,fr Ligue 1,36-068,1990,4.0,0,0,0,0,0,0,0,0,0,0
1889,Philipp Treu,de GER,DF,Freiburg,de Bundesliga,25.0,2000,3,2,193,2.1,0,0,0,0,0,0,0,0,0.00,,,,,,,,,,,,,,,,,,,,,,,,,1889,de GER,DF,de Bundesliga,25-285,2000,2.1,0,1,1,100.0,0.47,0.47,0.00,0.00,0,0,2351,de GER,DF,de Bundesliga,25-285,2000,3,193,64,71.5,2.1,2,86,1,1,22,0,3.00,5,1,+4,+1.87,-3.98,1889,de GER,DF,de Bundesliga,25-285,2000,2.1,0,0,0,1,2,0,4,2,5,0
1890,Christopher Trimmel,at AUT,"DF,FW",Union Berlin,de Bundesliga,39.0,1987,1,0,17,0.2,0,0,0,0,0,0,0,0,0.00,,,,,,,,,,,,,,,,,,,,,,,,,1890,at AUT,"DF,FW",de Bundesliga,39-202,1987,0.2,0,0,0,,0.00,0.00,,,0,0,2352,at AUT,"DF,FW",de Bundesliga,39-202,1987,1,17,17,6.3,0.2,0,,0,1,17,2,0.00,0,0,0,0.00,+2.13,1890,at AUT,"DF,FW",de Bundesliga,39-202,1987,0.2,0,0,0,0,0,0,1,0,0,0
1891,Mariano Troilo,ar ARG,DF,Parma,it Serie A,23.0,2003,3,3,264,2.9,0,0,0,0,0,0,1,0,0.00,,,,,,,,,,,,,,,,,,,,,,,,,1891,ar ARG,DF,it Serie A,23-084,2003,2.9,0,0,0,,0.00,0.00,,,0,0,2353,ar ARG,DF,it Serie A,23-084,2003,3,264,88,97.8,2.9,3,88,2,0,,0,0.33,1,4,-3,-1.02,-1.02,1891,ar ARG,DF,it Serie A,23-084,2003,2.9,1,0,0,2,3,0,0,3,3,0
1892,Adrien Truffert,fr FRA,DF,Bournemouth,eng Premier League,24.0,2001,4,4,360,4.0,0,0,0,0,0,0,1,0,0.00,,,,,,,,,,,,,,,,,,,,,,,,,1892,fr FRA,DF,eng Premier League,24-298,2001,4.0,0,3,2,66.7,0.75,0.50,0.00,0.00,0,0,2354,fr FRA,DF,eng Premier League,24-298,2001,4,360,90,100.0,4.0,4,90,4,0,,0,0.75,6,7,-1,-0.25,,1892,fr FRA,DF,eng Premier League,24-298,2001,4.0,1,0,0,8,3,1,14,7,5,0
1893,Kostas Tsimikas,gr GRE,DF,Liverpool,eng Premier League,30.0,1996,2,1,65,0.7,0,0,0,0,0,0,0,0,0.00,,,,,,,,,,,,,,,,,,,,,,,,,1893,gr GRE,DF,eng Premier League,30-125,1996,0.7,0,1,1,100.0,1.38,1.38,0.00,0.00,0,0,2355,gr GRE,DF,eng Premier League,30-125,1996,2,65,33,18.1,0.7,1,45,0,1,20,2,1.00,1,0,+1,+1.38,+1.08,1893,gr GRE,DF,eng Premier League,30-125,1996,0.7,0,0,0,4,0,0,5,1,0,0
1894,Heorhii Tsitaishvili,ge GEO,MF,Rayo Vallecano,es La Liga,25.0,2000,2,1,107,1.2,0,0,0,0,0,0,0,0,0.00,,,,,,,,,,,,,,,,,,,,,,,,,1894,ge GEO,MF,es La Liga,25-300,2000,1.2,0,3,2,66.7,2.52,1.68,0.00,0.00,0,0,2356,ge GEO,MF,es La Liga,25-300,2000,2,107,54,23.8,1.2,1,90,1,1,17,2,1.50,1,4,-3,-2.52,-1.74,1894,ge GEO,MF,es La Liga,25-300,2000,1.2,0,0,0,0,0,0,4,0,1,0
1895,Axel Tuanzebe,cd COD,DF,Auxerre,fr Ligue 1,28.0,1997,1,1,90,1.0,0,0,0,0,0,0,0,0,0.00,,,,,,,,,,,,,,,,,,,,,,,,,1895,cd COD,DF,fr Ligue 1,28-304,1997,1.0,0,2,1,50.0,2.00,1.00,0.00,0.00,0,0,2357,cd COD,DF,fr Ligue 1,28-304,1997,1,90,90,25.0,1.0,1,90,1,0,,0,3.00,1,0,+1,+1.00,+3.33,1895,cd COD,DF,fr Ligue 1,28-304,1997,1.0,0,0,0,0,2,0,0,1,0,0
1896,Kareem Tunde,es ESP,FW,Levante,es La Liga,21.0,2005,1,0,15,0.2,0,0,0,0,0,0,0,0,0.00,,,,,,,,,,,,,,,,,,,,,,,,,1896,es ESP,FW,es La Liga,21-026,2005,0.2,0,0,0,,0.00,0.00,,,0,0,2358,es ESP,FW,es La Liga,21-026,2005,1,15,15,3.3,0.2,0,,0,1,15,0,0.00,0,1,-1,-6.00,-5.79,1896,es ESP,FW,es La Liga,21-026,2005,0.2,0,0,0,0,0,1,0,0,0,0
1897,Beñat Turrientes,es ESP,MF,Real Sociedad,es La Liga,24.0,2002,4,3,257,2.9,0,0,0,0,0,0,1,0,0.00,,,,,,,,,,,,,,,,,,,,,,,,,1897,es ESP,MF,es La Liga,24-226,2002,2.9,0,4,3,75.0,1.40,1.05,0.00,0.00,0,0,2360,es ESP,MF,es La Liga,24-226,2002,4,257,64,47.6,2.9,3,79,1,1,19,2,1.00,3,5,-2,-0.70,+0.25,1897,es ESP,MF,es La Liga,24-226,2002,2.9,1,0,0,0,1,0,2,0,4,0
1898,Kostas Tzolakis,gr GRE,GK,Hull City,eng Premier League,23.0,2002,4,4,360,4.0,0,0,0,0,0,0,0,0,0.00,108,gr GRE,GK,eng Premier League,23-310,2002,4,4,360,4.0,2,0.50,16,14,87.5,2,2,0,3,75.0,0,0,0,0,1898,gr GRE,GK,eng Premier League,23-310,2002,4.0,0,0,0,,0.00,0.00,,,0,0,2361,gr GRE,GK,eng Premier League,23-310,2002,4,360,90,100.0,4.0,4,90,4,0,,0,2.00,5,2,+3,+0.75,,1898,gr GRE,GK,eng Premier League,23-310,2002,4.0,0,0,0,0,5,0,0,1,0,0
1899,Christos Tzolis,gr GRE,MF,Arsenal,eng Premier League,24.0,2002,4,4,290,3.2,0,1,1,0,0,0,2,0,0.31,,,,,,,,,,,,,,,,,,,,,,,,,1899,gr GRE,MF,eng Premier League,24-227,2002,3.2,0,4,2,50.0,1.24,0.62,0.00,0.00,0,0,2362,gr GRE,MF,eng Premier League,24-227,2002,4,290,73,80.6,3.2,4,73,1,0,,0,3.00,6,1,+5,+1.55,-1.02,1899,gr GRE,MF,eng Premier League,24-227,2002,3.2,2,0,0,2,8,1,9,2,3,0
1900,Destiny Udogie,it ITA,DF,Tottenham,eng Premier League,23.0,2002,3,1,88,1.0,0,0,0,0,0,0,1,0,0.00,,,,,,,,,,,,,,,,,,,,,,,,,1900,it ITA,DF,eng Premier League,23-290,2002,1.0,0,0,0,,0.00,0.00,,,0,0,2363,it ITA,DF,eng Premier League,23-290,2002,3,88,29,24.4,1.0,1,60,0,2,14,0,0.33,0,1,-1,-1.02,+0.30,1900,it ITA,DF,eng Premier League,23-290,2002,1.0,1,0,0,3,3,0,2,1,1,0
1901,Matthieu Udol,fr FRA,"MF,DF",Lens,fr Ligue 1,30.0,1996,4,4,293,3.3,0,0,0,0,0,0,0,0,0.00,,,,,,,,,,,,,,,,,,,,,,,,,1901,fr FRA,"MF,DF",fr Ligue 1,30-178,1996,3.3,0,4,0,0.0,1.23,0.00,0.00,,0,0,2364,fr FRA,"MF,DF",fr Ligue 1,30-178,1996,4,293,73,81.4,3.3,4,73,3,0,,0,1.00,8,6,+2,+0.61,+1.96,1901,fr FRA,"MF,DF",fr Ligue 1,30-178,1996,3.3,0,0,0,3,3,0,7,4,3,0
1902,Ayase Ueda,jp JPN,FW,Lille,fr Ligue 1,28.0,1998,2,1,104,1.2,1,0,1,1,0,0,0,0,0.87,,,,,,,,,,,,,,,,,,,,,,,,,1902,jp JPN,FW,fr Ligue 1,28-004,1998,1.2,1,5,3,60.0,4.33,2.60,0.20,0.33,0,0,2365,jp JPN,FW,fr Ligue 1,28-004,1998,2,104,52,28.9,1.2,1,70,0,1,34,0,3.00,2,0,+2,+1.73,+0.68,1902,jp JPN,FW,fr Ligue 1,28-004,1998,1.2,0,0,0,7,0,0,0,0,0,0
1903,Filip Ugrinic,ch SUI,MF,Valencia,es La Liga,27.0,1999,5,4,374,4.2,0,0,0,0,0,0,0,0,0.00,,,,,,,,,,,,,,,,,,,,,,,,,1903,ch SUI,MF,es La Liga,27-252,1999,4.2,0,6,2,33.3,1.44,0.48,0.00,0.00,0,0,2366,ch SUI,MF,es La Liga,27-252,1999,5,374,75,83.1,4.2,4,85,3,1,36,0,0.20,1,10,-9,-2.17,-2.17,1903,ch SUI,MF,es La Liga,27-252,1999,4.2,0,0,0,3,10,0,18,4,4,0
1904,Lukas Ullrich,de GER,DF,Gladbach,de Bundesliga,22.0,2004,2,2,143,1.6,0,0,0,0,0,0,0,0,0.00,,,,,,,,,,,,,,,,,,,,,,,,,1904,de GER,DF,de Bundesliga,22-182,2004,1.6,0,2,0,0.0,1.26,0.00,0.00,,0,0,2367,de GER,DF,de Bundesliga,22-182,2004,2,143,72,53.0,1.6,2,72,0,0,,1,0.00,3,5,-2,-1.26,+3.70,1904,de GER,DF,de Bundesliga,22-182,2004,1.6,0,0,0,3,3,0,4,6,3,0
1905,Lauren Ulrich,de GER,MF,Paderborn 07,de Bundesliga,21.0,2005,3,3,223,2.5,0,0,0,0,0,0,1,0,0.00,,,,,,,,,,,,,,,,,,,,,,,,,1905,de GER,MF,de Bundesliga,21-226,2005,2.5,0,5,0,0.0,2.02,0.00,0.00,,0,0,2368,de GER,MF,de Bundesliga,21-226,2005,3,223,74,82.6,2.5,3,74,0,0,,0,0.33,0,2,-2,-0.81,+3.02,1905,de GER,MF,de Bundesliga,21-226,2005,2.5,1,0,0,2,5,0,4,2,5,0
1906,Enes Ünal,tr TUR,FW,Getafe,es La Liga,29.0,1997,5,4,405,4.5,1,0,1,1,0,0,2,0,0.22,,,,,,,,,,,,,,,,,,,,,,,,,1906,tr TUR,FW,es La Liga,29-127,1997,4.5,1,7,1,14.3,1.56,0.22,0.14,1.00,0,0,2369,tr TUR,FW,es La Liga,29-127,1997,5,405,81,90.0,4.5,4,90,4,1,45,0,1.00,3,6,-3,-0.67,-0.67,1906,tr TUR,FW,es La Liga,29-127,1997,4.5,2,0,0,7,4,3,4,0,5,0
1907,Deniz Undav,de GER,MF,Stuttgart,de Bundesliga,30.0,1996,3,2,168,1.9,0,0,0,0,0,0,0,0,0.00,,,,,,,,,,,,,,,,,,,,,,,,,1907,de GER,MF,de Bundesliga,30-057,1996,1.9,0,1,1,100.0,0.54,0.54,0.00,0.00,0,0,2370,de GER,MF,de Bundesliga,30-057,1996,3,168,56,62.2,1.9,2,71,0,1,26,0,1.00,3,4,-1,-0.54,+0.35,1907,de GER,MF,de Bundesliga,30-057,1996,1.9,0,0,0,4,0,0,0,2,1,0
1908,Dayot Upamecano,fr FRA,DF,Bayern Munich,de Bundesliga,27.0,1998,3,3,270,3.0,1,0,1,1,0,0,1,0,0.33,,,,,,,,,,,,,,,,,,,,,,,,,1908,fr FRA,DF,de Bundesliga,27-322,1998,3.0,1,3,1,33.3,1.00,0.33,0.33,1.00,0,0,2371,fr FRA,DF,de Bundesliga,27-322,1998,3,270,90,100.0,3.0,3,90,3,0,,0,2.33,7,2,+5,+1.67,,1908,fr FRA,DF,de Bundesliga,27-322,1998,3.0,1,0,0,3,1,0,0,6,6,0
1909,Jonas Urbig,de GER,GK,Bayern Munich,de Bundesliga,23.0,2003,1,1,90,1.0,0,0,0,0,0,0,0,0,0.00,109,de GER,GK,de Bundesliga,23-037,2003,1,1,90,1.0,1,1.00,1,0,0.0,1,0,0,0,0.0,0,0,0,0,1909,de GER,GK,de Bundesliga,23-037,2003,1.0,0,0,0,,0.00,0.00,,,0,0,2372,de GER,GK,de Bundesliga,23-037,2003,1,90,90,33.3,1.0,1,90,1,0,,2,3.00,2,1,+1,+1.00,-1.00,1909,de GER,GK,de Bundesliga,23-037,2003,1.0,0,0,0,0,0,0,0,0,0,0
1910,Robbie Ure,sct SCO,FW,Sevilla,es La Liga,22.0,2004,5,3,306,3.4,0,1,1,0,0,0,1,0,0.29,,,,,,,,,,,,,,,,,,,,,,,,,1910,sct SCO,FW,es La Liga,22-200,2004,3.4,0,4,0,0.0,1.18,0.00,0.00,,0,0,2373,sct SCO,FW,es La Liga,22-200,2004,5,306,61,68.0,3.4,3,78,2,2,37,0,2.00,7,4,+3,+0.88,+1.51,1910,sct SCO,FW,es La Liga,22-200,2004,3.4,1,0,0,6,9,0,2,0,0,0
1911,Can Uzun,tr TUR,MF,Frankfurt,de Bundesliga,20.0,2005,3,3,232,2.6,2,0,2,2,0,0,0,0,0.78,,,,,,,,,,,,,,,,,,,,,,,,,1911,tr TUR,MF,de Bundesliga,20-307,2005,2.6,2,6,3,50.0,2.33,1.16,0.33,0.67,0,0,2375,tr TUR,MF,de Bundesliga,20-307,2005,3,232,77,85.9,2.6,3,77,0,0,,0,1.33,7,5,+2,+0.78,+7.88,1911,tr TUR,MF,de Bundesliga,20-307,2005,2.6,0,0,0,1,4,0,16,0,1,0
1912,Josha Vagnoman,de GER,MF,Stuttgart,de Bundesliga,25.0,2000,3,3,260,2.9,2,1,3,2,0,0,0,0,1.04,,,,,,,,,,,,,,,,,,,,,,,,,1912,de GER,MF,de Bundesliga,25-277,2000,2.9,2,4,2,50.0,1.38,0.69,0.50,1.00,0,0,2376,de GER,MF,de Bundesliga,25-277,2000,3,260,87,96.3,2.9,3,87,2,0,,0,1.00,6,8,-2,-0.69,-0.69,1912,de GER,MF,de Bundesliga,25-277,2000,2.9,0,0,0,2,3,0,6,2,2,1
1913,Victor Valdepeñas,es ESP,DF,Fiorentina,it Serie A,19.0,2006,3,2,191,2.1,0,0,0,0,0,0,0,0,0.00,,,,,,,,,,,,,,,,,,,,,,,,,1913,es ESP,DF,it Serie A,19-329,2006,2.1,0,1,0,0.0,0.47,0.00,0.00,,0,0,2377,es ESP,DF,it Serie A,19-329,2006,3,191,64,53.1,2.1,2,90,2,1,11,1,0.00,1,6,-5,-2.36,-1.82,1913,es ESP,DF,it Serie A,19-329,2006,2.1,0,0,0,0,3,0,6,1,2,0
1914,Lautaro Valenti,ar ARG,DF,Parma,it Serie A,27.0,1999,1,0,45,0.5,0,0,0,0,0,0,0,0,0.00,,,,,,,,,,,,,,,,,,,,,,,,,1914,ar ARG,DF,it Serie A,27-243,1999,0.5,0,0,0,,0.00,0.00,,,0,0,2379,ar ARG,DF,it Serie A,27-243,1999,1,45,45,16.7,0.5,0,,0,1,45,2,1.00,1,0,+1,+2.00,+3.60,1914,ar ARG,DF,it Serie A,27-243,1999,0.5,0,0,0,0,0,0,0,1,0,0
1915,Óscar Valentín,es ESP,MF,Rayo Vallecano,es La Liga,32.0,1994,5,3,283,3.1,0,0,0,0,0,0,1,0,0.00,,,,,,,,,,,,,,,,,,,,,,,,,1915,es ESP,MF,es La Liga,32-025,1994,3.1,0,0,0,,0.00,0.00,,,0,0,2380,es ESP,MF,es La Liga,32-025,1994,5,283,57,62.9,3.1,3,74,1,2,30,0,0.80,6,10,-4,-1.27,-0.19,1915,es ESP,MF,es La Liga,32-025,1994,3.1,1,0,0,6,4,0,2,5,5,0
1916,Nicolás Valentini,ar ARG,DF,Alavés,es La Liga,25.0,2001,2,0,56,0.6,0,0,0,0,0,0,1,0,0.00,,,,,,,,,,,,,,,,,,,,,,,,,1916,ar ARG,DF,es La Liga,25-161,2001,0.6,0,1,0,0.0,1.61,0.00,0.00,,0,0,2381,ar ARG,DF,es La Liga,25-161,2001,2,56,28,12.4,0.6,0,,0,2,28,2,0.50,1,1,0,0.00,-1.37,1916,ar ARG,DF,es La Liga,25-161,2001,0.6,1,0,0,1,0,0,1,1,0,0
1917,Germán Valera,es ESP,"DF,MF",Elche,es La Liga,24.0,2002,5,5,421,4.7,0,0,0,0,0,0,1,0,0.00,,,,,,,,,,,,,,,,,,,,,,,,,1917,es ESP,"DF,MF",es La Liga,24-182,2002,4.7,0,1,0,0.0,0.21,0.00,0.00,,0,0,2382,es ESP,"DF,MF",es La Liga,24-182,2002,5,421,84,93.6,4.7,5,84,2,0,,0,0.40,6,12,-6,-1.28,+1.82,1917,es ESP,"DF,MF",es La Liga,24-182,2002,4.7,1,0,0,3,10,2,19,2,2,0
1918,Emanuele Valeri,it ITA,"DF,MF",Parma,it Serie A,27.0,1998,3,3,270,3.0,0,0,0,0,0,0,0,0,0.00,,,,,,,,,,,,,,,,,,,,,,,,,1918,it ITA,"DF,MF",it Serie A,27-281,1998,3.0,0,2,1,50.0,0.67,0.33,0.00,0.00,0,0,2383,it ITA,"DF,MF",it Serie A,27-281,1998,3,270,90,100.0,3.0,3,90,3,0,,0,0.33,1,4,-3,-1.00,,1918,it ITA,"DF,MF",it Serie A,27-281,1998,3.0,0,0,0,1,1,0,23,2,2,0
1919,Álex Valle,es ESP,DF,Como,it Serie A,22.0,2004,3,3,270,3.0,0,1,1,0,0,0,0,0,0.33,,,,,,,,,,,,,,,,,,,,,,,,,1919,es ESP,DF,it Serie A,22-142,2004,3.0,0,5,1,20.0,1.67,0.33,0.00,0.00,0,0,2384,es ESP,DF,it Serie A,22-142,2004,3,270,90,100.0,3.0,3,90,3,0,,0,2.33,7,3,+4,+1.33,,1919,es ESP,DF,it Serie A,22-142,2004,3.0,0,0,0,3,2,0,6,6,1,0
1920,Álvaro Vallés,es ESP,GK,Real Betis,es La Liga,29.0,1997,4,4,360,4.0,0,0,0,0,0,0,0,0,0.00,110,es ESP,GK,es La Liga,29-051,1997,4,4,360,4.0,5,1.25,20,15,75.0,3,0,1,3,75.0,1,0,1,0,1920,es ESP,GK,es La Liga,29-051,1997,4.0,0,0,0,,0.00,0.00,,,0,0,2386,es ESP,GK,es La Liga,29-051,1997,4,360,90,100.0,4.0,4,90,4,0,,0,2.25,5,5,0,0.00,,1920,es ESP,GK,es La Liga,29-051,1997,4.0,0,0,0,0,0,0,0,0,0,0
1921,Jean Valou,ci CIV,DF,Getafe,es La Liga,19.0,2006,1,0,18,0.2,0,0,0,0,0,0,0,0,0.00,,,,,,,,,,,,,,,,,,,,,,,,,1921,ci CIV,DF,es La Liga,19-266,2006,0.2,0,0,0,,0.00,0.00,,,0,0,2387,ci CIV,DF,es La Liga,19-266,2006,1,18,18,4.0,0.2,0,,0,1,18,4,0.00,0,2,-2,-10.00,-9.79,1921,ci CIV,DF,es La Liga,19-266,2006,0.2,0,0,0,1,0,0,1,0,0,0
1922,Federico Valverde,uy URU,MF,Real Madrid,es La Liga,28.0,1998,5,5,382,4.2,0,1,1,0,0,0,0,0,0.24,,,,,,,,,,,,,,,,,,,,,,,,,1922,uy URU,MF,es La Liga,28-054,1998,4.2,0,6,1,16.7,1.41,0.24,0.00,0.00,0,0,2388,uy URU,MF,es La Liga,28-054,1998,5,382,76,84.9,4.2,5,76,2,0,,0,2.40,12,3,+9,+2.12,+0.80,1922,uy URU,MF,es La Liga,28-054,1998,4.2,0,0,0,2,0,0,1,4,7,0
1923,Zeno Van den Bosch,be BEL,DF,Union Berlin,de Bundesliga,23.0,2003,2,2,180,2.0,0,0,0,0,0,0,2,0,0.00,,,,,,,,,,,,,,,,,,,,,,,,,1923,be BEL,DF,de Bundesliga,23-070,2003,2.0,0,0,0,,0.00,0.00,,,0,0,2389,be BEL,DF,de Bundesliga,23-070,2003,2,180,90,66.7,2.0,2,90,2,0,,1,0.50,3,7,-4,-2.00,0.00,1923,be BEL,DF,de Bundesliga,23-070,2003,2.0,2,0,0,4,1,0,0,2,2,0
1924,Virgil van Dijk,nl NED,DF,Liverpool,eng Premier League,35.0,1991,4,4,360,4.0,0,0,0,0,0,0,1,0,0.00,,,,,,,,,,,,,,,,,,,,,,,,,1924,nl NED,DF,eng Premier League,35-068,1991,4.0,0,2,1,50.0,0.50,0.25,0.00,0.00,0,0,2391,nl NED,DF,eng Premier League,35-068,1991,4,360,90,100.0,4.0,4,90,4,0,,0,1.50,6,4,+2,+0.50,,1924,nl NED,DF,eng Premier League,35-068,1991,4.0,1,0,0,1,0,0,0,6,4,0
1925,Vanderson,br BRA,DF,Monaco,fr Ligue 1,25.0,2001,4,4,319,3.5,0,0,0,0,0,0,1,0,0.00,,,,,,,,,,,,,,,,,,,,,,,,,1925,br BRA,DF,fr Ligue 1,25-085,2001,3.5,0,2,0,0.0,0.56,0.00,0.00,,0,0,2392,br BRA,DF,fr Ligue 1,25-085,2001,4,319,80,88.6,3.5,4,80,2,0,,0,2.50,4,2,+2,+0.56,-3.83,1925,br BRA,DF,fr Ligue 1,25-085,2001,3.5,1,0,0,6,2,0,11,6,5,0
1926,Maarten Vandevoordt,be BEL,GK,RB Leipzig,de Bundesliga,24.0,2002,3,3,270,3.0,0,0,0,0,0,0,0,0,0.00,111,be BEL,GK,de Bundesliga,24-200,2002,3,3,270,3.0,3,1.00,15,12,80.0,2,0,1,2,66.7,0,0,0,0,1926,be BEL,GK,de Bundesliga,24-200,2002,3.0,0,0,0,,0.00,0.00,,,0,0,2393,be BEL,GK,de Bundesliga,24-200,2002,3,270,90,100.0,3.0,3,90,3,0,,0,2.00,9,3,+6,+2.00,,1926,be BEL,GK,de Bundesliga,24-200,2002,3.0,0,0,0,0,2,0,0,0,0,0
1927,Gustavo Varela,pt POR,FW,Monza,it Serie A,21.0,2005,3,3,246,2.7,2,0,2,2,0,0,0,0,0.73,,,,,,,,,,,,,,,,,,,,,,,,,1927,pt POR,FW,it Serie A,21-227,2005,2.7,2,8,3,37.5,2.93,1.10,0.25,0.67,0,0,2394,pt POR,FW,it Serie A,21-227,2005,3,246,82,68.3,2.7,3,82,1,0,,0,0.00,4,10,-6,-2.20,-2.98,1927,pt POR,FW,it Serie A,21-227,2005,2.7,0,0,0,4,0,4,0,0,0,0
1928,Ruben Vargas,ch SUI,"FW,MF",Sevilla,es La Liga,28.0,1998,1,0,21,0.2,0,0,0,0,0,0,0,0,0.00,,,,,,,,,,,,,,,,,,,,,,,,,1928,ch SUI,"FW,MF",es La Liga,28-040,1998,0.2,0,1,0,0.0,4.29,0.00,0.00,,0,0,2396,ch SUI,"FW,MF",es La Liga,28-040,1998,1,21,21,4.7,0.2,0,,0,1,21,0,3.00,1,0,+1,+4.29,+4.08,1928,ch SUI,"FW,MF",es La Liga,28-040,1998,0.2,0,0,0,0,0,0,0,0,0,0
1929,Johan Vásquez,mx MEX,DF,Genoa,it Serie A,27.0,1998,4,4,338,3.8,1,0,1,1,0,0,2,1,0.27,,,,,,,,,,,,,,,,,,,,,,,,,1929,mx MEX,DF,it Serie A,27-327,1998,3.8,1,3,1,33.3,0.80,0.27,0.33,1.00,0,0,2397,mx MEX,DF,it Serie A,27-327,1998,4,338,85,93.9,3.8,4,85,1,0,,0,0.25,2,8,-6,-1.60,-1.60,1929,mx MEX,DF,it Serie A,27-327,1998,3.8,2,1,1,3,4,1,2,1,2,0
1930,José Luis García Vayá,es ESP,"DF,MF",Valencia,es La Liga,28.0,1998,5,5,385,4.3,0,0,0,0,0,0,0,0,0.00,,,,,,,,,,,,,,,,,,,,,,,,,1930,es ESP,"DF,MF",es La Liga,28-034,1998,4.3,0,1,0,0.0,0.23,0.00,0.00,,0,0,2398,es ESP,"DF,MF",es La Liga,28-034,1998,5,385,77,85.6,4.3,5,77,2,0,,0,0.20,1,8,-7,-1.64,+1.13,1930,es ESP,"DF,MF",es La Liga,28-034,1998,4.3,0,0,0,3,2,0,2,5,3,0
1931,Robinio Vaz,fr FRA,FW,Hull City,eng Premier League,19.0,2007,1,0,9,0.1,0,0,0,0,0,0,0,0,0.00,,,,,,,,,,,,,,,,,,,,,,,,,1931,fr FRA,FW,eng Premier League,19-209,2007,0.1,0,0,0,,0.00,0.00,,,0,0,2400,fr FRA,FW,eng Premier League,19-209,2007,1,9,9,2.5,0.1,0,,0,1,9,1,1.00,0,0,0,0.00,-0.77,1931,fr FRA,FW,eng Premier League,19-209,2007,0.1,0,0,0,1,1,0,0,0,0,0
1932,Jesus Vazquez,es ESP,DF,Valencia,es La Liga,23.0,2003,5,4,331,3.7,0,0,0,0,0,0,0,0,0.00,,,,,,,,,,,,,,,,,,,,,,,,,1932,es ESP,DF,es La Liga,23-255,2003,3.7,0,2,0,0.0,0.54,0.00,0.00,,0,0,2402,es ESP,DF,es La Liga,23-255,2003,5,331,66,73.6,3.7,4,81,3,1,8,0,0.20,1,7,-6,-1.63,+0.64,1932,es ESP,DF,es La Liga,23-255,2003,3.7,0,0,0,6,9,0,5,3,8,0
1933,Lucas Vázquez,es ESP,DF,Leverkusen,de Bundesliga,35.0,1991,3,1,68,0.8,0,0,0,0,0,0,0,0,0.00,,,,,,,,,,,,,,,,,,,,,,,,,1933,es ESP,DF,de Bundesliga,35-075,1991,0.8,0,0,0,,0.00,0.00,,,0,0,2403,es ESP,DF,de Bundesliga,35-075,1991,3,68,23,25.2,0.8,1,54,0,2,7,0,1.33,1,3,-2,-2.65,-4.87,1933,es ESP,DF,de Bundesliga,35-075,1991,0.8,0,0,0,2,2,0,9,1,1,0
1934,Joey Veerman,nl NED,MF,Dortmund,de Bundesliga,27.0,1998,3,1,126,1.4,0,0,0,0,0,0,0,0,0.00,,,,,,,,,,,,,,,,,,,,,,,,,1934,nl NED,MF,de Bundesliga,27-299,1998,1.4,0,3,1,33.3,2.14,0.71,0.00,0.00,0,0,2404,nl NED,MF,de Bundesliga,27-299,1998,3,126,42,46.7,1.4,1,64,0,2,31,0,3.00,4,1,+3,+2.14,+0.27,1934,nl NED,MF,de Bundesliga,27-299,1998,1.4,0,0,0,3,1,0,3,1,2,0
1935,Danilo Veiga,pt POR,"DF,MF",Lecce,it Serie A,23.0,2002,4,4,360,4.0,0,1,1,0,0,0,2,0,0.25,,,,,,,,,,,,,,,,,,,,,,,,,1935,pt POR,"DF,MF",it Serie A,23-354,2002,4.0,0,0,0,,0.00,0.00,,,0,0,2405,pt POR,"DF,MF",it Serie A,23-354,2002,4,360,90,100.0,4.0,4,90,4,0,,0,1.50,5,7,-2,-0.50,,1935,pt POR,"DF,MF",it Serie A,23-354,2002,4.0,2,0,0,4,6,0,9,4,5,0
1936,Renato Veiga,pt POR,DF,Villarreal,es La Liga,23.0,2003,4,4,360,4.0,0,0,0,0,0,0,0,0,0.00,,,,,,,,,,,,,,,,,,,,,,,,,1936,pt POR,DF,es La Liga,23-047,2003,4.0,0,2,0,0.0,0.50,0.00,0.00,,0,0,2406,pt POR,DF,es La Liga,23-047,2003,4,360,90,100.0,4.0,4,90,4,0,,0,0.50,6,8,-2,-0.50,,1936,pt POR,DF,es La Liga,23-047,2003,4.0,0,0,0,6,1,0,1,7,0,0
1937,Micky van de Ven,nl NED,DF,Tottenham,eng Premier League,25.0,2001,3,3,270,3.0,0,0,0,0,0,0,1,0,0.00,,,,,,,,,,,,,,,,,,,,,,,,,1937,nl NED,DF,eng Premier League,25-148,2001,3.0,0,2,0,0.0,0.67,0.00,0.00,,0,0,2407,nl NED,DF,eng Premier League,25-148,2001,3,270,90,75.0,3.0,3,90,3,0,,0,0.67,0,2,-2,-0.67,+2.33,1937,nl NED,DF,eng Premier League,25-148,2001,3.0,1,0,0,3,3,0,0,2,4,0
1938,Bart Verbruggen,nl NED,GK,Brighton,eng Premier League,24.0,2002,4,4,360,4.0,0,0,0,0,0,0,0,0,0.00,112,nl NED,GK,eng Premier League,24-027,2002,4,4,360,4.0,5,1.25,15,10,66.7,2,1,1,2,50.0,0,0,0,0,1938,nl NED,GK,eng Premier League,24-027,2002,4.0,0,0,0,,0.00,0.00,,,0,0,2408,nl NED,GK,eng Premier League,24-027,2002,4,360,90,100.0,4.0,4,90,4,0,,0,1.75,13,5,+8,+2.00,,1938,nl NED,GK,eng Premier League,24-027,2002,4.0,0,0,0,0,1,0,0,0,0,0
1939,Jean Vercruysse,fr FRA,MF,Le Mans,fr Ligue 1,26.0,2000,3,2,155,1.7,0,1,1,0,0,0,1,0,0.58,,,,,,,,,,,,,,,,,,,,,,,,,1939,fr FRA,MF,fr Ligue 1,26-073,2000,1.7,0,3,0,0.0,1.74,0.00,0.00,,0,0,2409,fr FRA,MF,fr Ligue 1,26-073,2000,3,155,52,43.1,1.7,2,62,0,1,31,0,0.67,3,4,-1,-0.58,-0.58,1939,fr FRA,MF,fr Ligue 1,26-073,2000,1.7,1,0,0,5,2,0,4,2,1,0
1940,Calvin Verdonk,id IDN,DF,Lille,fr Ligue 1,29.0,1997,3,1,71,0.8,0,0,0,0,0,0,0,0,0.00,,,,,,,,,,,,,,,,,,,,,,,,,1940,id IDN,DF,fr Ligue 1,29-141,1997,0.8,0,1,0,0.0,1.27,0.00,0.00,,0,0,2410,id IDN,DF,fr Ligue 1,29-141,1997,3,71,24,19.7,0.8,1,45,0,2,13,1,2.33,1,2,-1,-1.27,-3.14,1940,id IDN,DF,fr Ligue 1,29-141,1997,0.8,0,0,0,1,0,0,0,0,1,0
1941,Antonio Vergara,it ITA,MF,Napoli,it Serie A,23.0,2003,3,2,130,1.4,1,1,2,1,0,0,1,0,1.38,,,,,,,,,,,,,,,,,,,,,,,,,1941,it ITA,MF,it Serie A,23-241,2003,1.4,1,2,1,50.0,1.38,0.69,0.50,1.00,0,0,2411,it ITA,MF,it Serie A,23-241,2003,3,130,43,36.1,1.4,2,53,0,1,24,1,2.00,4,1,+3,+2.08,+2.86,1941,it ITA,MF,it Serie A,23-241,2003,1.4,1,0,0,1,2,0,4,2,7,0
1942,Arthur Vermeeren,be BEL,MF,RB Leipzig,de Bundesliga,21.0,2005,1,0,8,0.1,0,0,0,0,0,0,0,0,0.00,,,,,,,,,,,,,,,,,,,,,,,,,1942,be BEL,MF,de Bundesliga,21-219,2005,0.1,0,1,0,0.0,11.25,0.00,0.00,,0,0,2412,be BEL,MF,de Bundesliga,21-219,2005,1,8,8,3.0,0.1,0,,0,1,8,0,3.00,0,0,0,0.00,-2.06,1942,be BEL,MF,de Bundesliga,21-219,2005,0.1,0,0,0,1,0,0,0,0,0,0
1943,Giovani Versini,fr FRA,MF,Brest,fr Ligue 1,22.0,2004,2,1,81,0.9,0,0,0,0,0,0,0,0,0.00,,,,,,,,,,,,,,,,,,,,,,,,,1943,fr FRA,MF,fr Ligue 1,22-180,2004,0.9,0,1,0,0.0,1.11,0.00,0.00,,0,0,2414,fr FRA,MF,fr Ligue 1,22-180,2004,2,81,41,22.5,0.9,1,65,0,1,16,0,1.50,0,2,-2,-2.22,-2.87,1943,fr FRA,MF,fr Ligue 1,22-180,2004,0.9,0,0,0,1,0,0,6,2,1,0
1944,Jozhua Vertrouwd,nl NED,DF,Rayo Vallecano,es La Liga,22.0,2004,2,2,121,1.3,0,0,0,0,0,0,0,0,0.00,,,,,,,,,,,,,,,,,,,,,,,,,1944,nl NED,DF,es La Liga,22-024,2004,1.3,0,0,0,,0.00,0.00,,,0,0,2415,nl NED,DF,es La Liga,22-024,2004,2,121,61,26.9,1.3,2,61,1,0,,1,0.50,2,3,-1,-0.74,+0.62,1944,nl NED,DF,es La Liga,22-024,2004,1.3,0,0,0,2,1,0,0,0,1,0
1945,Guglielmo Vicario,it ITA,GK,Juventus,it Serie A,29.0,1996,4,4,359,4.0,0,0,0,0,0,0,0,0,0.00,113,it ITA,GK,it Serie A,29-342,1996,4,4,359,4.0,4,1.00,12,8,66.7,2,1,1,2,50.0,0,0,0,0,1945,it ITA,GK,it Serie A,29-342,1996,4.0,0,0,0,,0.00,0.00,,,0,0,2416,it ITA,GK,it Serie A,29-342,1996,4,359,90,99.7,4.0,4,90,3,0,,0,1.75,6,4,+2,+0.50,+0.50,1945,it ITA,GK,it Serie A,29-342,1996,4.0,0,0,0,0,0,0,0,0,0,0
1946,Iñigo Vicente,es ESP,MF,Racing Sant,es La Liga,28.0,1998,5,5,421,4.7,0,2,2,0,0,0,1,0,0.43,,,,,,,,,,,,,,,,,,,,,,,,,1946,es ESP,MF,es La Liga,28-251,1998,4.7,0,1,0,0.0,0.21,0.00,0.00,,0,0,2417,es ESP,MF,es La Liga,28-251,1998,5,421,84,93.6,4.7,5,84,3,0,,0,1.40,9,7,+2,+0.43,+6.63,1946,es ESP,MF,es La Liga,28-251,1998,4.7,1,0,0,9,13,3,13,4,6,0
1947,Gabriel Vidovic,hr CRO,"MF,FW",Paderborn 07,de Bundesliga,22.0,2003,3,3,246,2.7,0,0,0,0,0,0,0,0,0.00,,,,,,,,,,,,,,,,,,,,,,,,,1947,hr CRO,"MF,FW",de Bundesliga,22-287,2003,2.7,0,0,0,,0.00,0.00,,,0,0,2418,hr CRO,"MF,FW",de Bundesliga,22-287,2003,3,246,82,91.1,2.7,3,82,2,0,,0,0.33,0,2,-2,-0.73,+6.77,1947,hr CRO,"MF,FW",de Bundesliga,22-287,2003,2.7,0,0,0,2,3,0,2,0,1,0
1948,Fabio Vieira,pt POR,MF,Hamburger SV,de Bundesliga,26.0,2000,2,0,63,0.7,0,0,0,0,0,0,0,0,0.00,,,,,,,,,,,,,,,,,,,,,,,,,1948,pt POR,MF,de Bundesliga,26-107,2000,0.7,0,1,1,100.0,1.43,1.43,0.00,0.00,0,0,2419,pt POR,MF,de Bundesliga,26-107,2000,2,63,32,23.3,0.7,0,,0,2,32,0,0.00,0,5,-5,-7.14,-4.10,1948,pt POR,MF,de Bundesliga,26-107,2000,0.7,0,0,0,0,4,0,5,1,2,0
1949,Viery,br BRA,DF,Fiorentina,it Serie A,21.0,2005,3,2,210,2.3,0,0,0,0,0,0,0,0,0.00,,,,,,,,,,,,,,,,,,,,,,,,,1949,br BRA,DF,it Serie A,21-255,2005,2.3,0,0,0,,0.00,0.00,,,0,0,2420,br BRA,DF,it Serie A,21-255,2005,3,210,70,58.3,2.3,2,90,2,1,30,1,1.00,5,5,0,0.00,+3.60,1949,br BRA,DF,it Serie A,21-255,2005,2.3,0,0,0,4,0,0,0,3,3,0
1950,Julián Vignolo,ar ARG,MF,Toulouse,fr Ligue 1,19.0,2006,3,2,170,1.9,0,0,0,0,0,0,0,0,0.00,,,,,,,,,,,,,,,,,,,,,,,,,1950,ar ARG,MF,fr Ligue 1,19-281,2006,1.9,0,4,1,25.0,2.12,0.53,0.00,0.00,0,0,2421,ar ARG,MF,fr Ligue 1,19-281,2006,3,170,57,47.2,1.9,2,68,0,1,34,1,0.33,2,3,-1,-0.53,+0.42,1950,ar ARG,MF,fr Ligue 1,19-281,2006,1.9,0,0,0,5,3,0,8,0,2,0
1951,Asier Villalibre,es ESP,FW,Racing Sant,es La Liga,28.0,1997,4,2,160,1.8,0,0,0,0,0,0,0,0,0.00,,,,,,,,,,,,,,,,,,,,,,,,,1951,es ESP,FW,es La Liga,28-349,1997,1.8,0,2,1,50.0,1.13,0.56,0.00,0.00,0,0,2423,es ESP,FW,es La Liga,28-349,1997,4,160,40,35.6,1.8,2,66,0,2,15,1,1.75,2,4,-2,-1.13,-1.75,1951,es ESP,FW,es La Liga,28-349,1997,1.8,0,0,0,0,5,0,0,0,0,0
1952,Gonzalo Villar,es ESP,MF,Elche,es La Liga,28.0,1998,5,5,421,4.7,0,1,1,0,0,0,1,0,0.21,,,,,,,,,,,,,,,,,,,,,,,,,1952,es ESP,MF,es La Liga,28-175,1998,4.7,0,4,3,75.0,0.86,0.64,0.00,0.00,0,0,2424,es ESP,MF,es La Liga,28-175,1998,5,421,84,93.6,4.7,5,84,3,0,,0,0.40,5,12,-7,-1.50,-1.50,1952,es ESP,MF,es La Liga,28-175,1998,4.7,1,0,0,11,17,0,10,3,5,0
1953,Diego Villares,es ESP,MF,Dep. A Coruña,es La Liga,30.0,1996,2,0,60,0.7,0,0,0,0,0,0,0,0,0.00,,,,,,,,,,,,,,,,,,,,,,,,,1953,es ESP,MF,es La Liga,30-089,1996,0.7,0,0,0,,0.00,0.00,,,0,0,2426,es ESP,MF,es La Liga,30-089,1996,2,60,30,13.3,0.7,0,,0,2,30,3,1.00,0,1,-1,-1.50,-2.42,1953,es ESP,MF,es La Liga,30-089,1996,0.7,0,0,0,1,0,0,0,1,2,0
1954,Vitinha,pt POR,MF,Paris SG,fr Ligue 1,26.0,2000,4,4,338,3.8,1,1,2,1,0,0,1,0,0.53,,,,,,,,,,,,,,,,,,,,,,,,,1954,pt POR,MF,fr Ligue 1,26-213,2000,3.8,1,9,3,33.3,2.40,0.80,0.11,0.33,0,0,2430,pt POR,MF,fr Ligue 1,26-213,2000,4,338,85,93.9,3.8,4,85,3,0,,0,1.25,4,6,-2,-0.53,-8.71,1954,pt POR,MF,fr Ligue 1,26-213,2000,3.8,1,0,0,2,1,0,6,4,2,0
1955,Vitinha,pt POR,MF,Genoa,it Serie A,26.0,2000,4,2,218,2.4,0,0,0,0,0,0,0,0,0.00,,,,,,,,,,,,,,,,,,,,,,,,,1955,pt POR,MF,it Serie A,26-183,2000,2.4,0,6,3,50.0,2.48,1.24,0.00,0.00,0,0,2431,pt POR,MF,it Serie A,26-183,2000,4,218,55,60.6,2.4,2,76,1,2,33,0,0.25,0,4,-4,-1.65,-0.38,1955,pt POR,MF,it Serie A,26-183,2000,2.4,0,0,0,0,4,1,4,1,2,0
1956,Odysseas Vlachodimos,gr GRE,GK,Sevilla,es La Liga,32.0,1994,5,5,450,5.0,0,0,0,0,0,0,0,0,0.00,114,gr GRE,GK,es La Liga,32-141,1994,5,5,450,5.0,6,1.20,18,12,66.7,3,1,1,1,20.0,0,0,0,0,1956,gr GRE,GK,es La Liga,32-141,1994,5.0,0,0,0,,0.00,0.00,,,0,0,2432,gr GRE,GK,es La Liga,32-141,1994,5,450,90,100.0,5.0,5,90,5,0,,0,2.00,8,6,+2,+0.40,,1956,gr GRE,GK,es La Liga,32-141,1994,5.0,0,0,0,0,0,0,0,0,0,0
1957,Nikola Vlašić,hr CRO,"MF,FW",Torino,it Serie A,28.0,1997,3,3,270,3.0,0,0,0,0,0,0,0,0,0.00,,,,,,,,,,,,,,,,,,,,,,,,,1957,hr CRO,"MF,FW",it Serie A,28-345,1997,3.0,0,4,2,50.0,1.33,0.67,0.00,0.00,0,0,2433,hr CRO,"MF,FW",it Serie A,28-345,1997,3,270,90,100.0,3.0,3,90,3,0,,0,1.00,4,5,-1,-0.33,,1957,hr CRO,"MF,FW",it Serie A,28-345,1997,3.0,0,0,0,4,3,0,2,0,1,0
1958,Mërgim Vojvoda,xk KVX,MF,Udinese,it Serie A,31.0,1995,3,3,264,2.9,0,0,0,0,0,0,0,0,0.00,,,,,,,,,,,,,,,,,,,,,,,,,1958,xk KVX,MF,it Serie A,31-225,1995,2.9,0,2,0,0.0,0.68,0.00,0.00,,0,0,2434,xk KVX,MF,it Serie A,31-225,1995,3,264,88,97.8,2.9,3,88,2,0,,0,1.33,5,5,0,0.00,0.00,1958,xk KVX,MF,it Serie A,31-225,1995,2.9,0,0,0,0,2,1,9,3,3,0
1959,Cristian Volpato,au AUS,FW,Sassuolo,it Serie A,22.0,2003,3,3,183,2.0,1,0,1,1,0,0,1,0,0.49,,,,,,,,,,,,,,,,,,,,,,,,,1959,au AUS,FW,it Serie A,22-303,2003,2.0,1,5,4,80.0,2.46,1.97,0.20,0.25,0,0,2435,au AUS,FW,it Serie A,22-303,2003,3,183,61,50.8,2.0,3,61,0,0,,0,1.33,3,3,0,0.00,-0.51,1959,au AUS,FW,it Serie A,22-303,2003,2.0,1,0,0,3,3,1,4,0,2,0
1960,Alexis Vossah,fr FRA,MF,Toulouse,fr Ligue 1,18.0,2008,3,2,137,1.5,0,0,0,0,0,0,0,0,0.00,,,,,,,,,,,,,,,,,,,,,,,,,1960,fr FRA,MF,fr Ligue 1,18-187,2008,1.5,0,3,0,0.0,1.97,0.00,0.00,,0,0,2436,fr FRA,MF,fr Ligue 1,18-187,2008,3,137,46,38.1,1.5,2,65,0,1,7,0,0.67,1,1,0,0.00,+1.21,1960,fr FRA,MF,fr Ligue 1,18-187,2008,1.5,0,0,0,2,2,0,0,2,2,0
1961,Harold Voyer,mq MTQ,DF,Le Mans,fr Ligue 1,29.0,1997,3,3,270,3.0,0,0,0,0,0,0,1,0,0.00,,,,,,,,,,,,,,,,,,,,,,,,,1961,mq MTQ,DF,fr Ligue 1,29-172,1997,3.0,0,1,1,100.0,0.33,0.33,0.00,0.00,0,0,2437,mq MTQ,DF,fr Ligue 1,29-172,1997,3,270,90,75.0,3.0,3,90,3,0,,0,0.67,5,6,-1,-0.33,-0.33,1961,mq MTQ,DF,fr Ligue 1,29-172,1997,3.0,1,0,0,3,0,0,2,5,2,0
1962,Luca Vozar,de GER,MF,Schalke 04,de Bundesliga,19.0,2007,1,0,17,0.2,0,0,0,0,0,0,0,0,0.00,,,,,,,,,,,,,,,,,,,,,,,,,1962,de GER,MF,de Bundesliga,19-131,2007,0.2,0,0,0,,0.00,0.00,,,0,0,2438,de GER,MF,de Bundesliga,19-131,2007,1,17,17,6.3,0.2,0,,0,1,17,2,1.00,0,0,0,0.00,+0.36,1962,de GER,MF,de Bundesliga,19-131,2007,0.2,0,0,0,1,0,0,0,0,0,0
1963,Luka Vušković,hr CRO,DF,Brighton,eng Premier League,19.0,2007,4,4,347,3.9,1,0,1,1,0,0,0,0,0.26,,,,,,,,,,,,,,,,,,,,,,,,,1963,hr CRO,DF,eng Premier League,19-202,2007,3.9,1,8,1,12.5,2.07,0.26,0.13,1.00,0,0,2439,hr CRO,DF,eng Premier League,19-202,2007,4,347,87,96.4,3.9,4,87,3,0,,0,1.75,11,5,+6,+1.56,-12.29,1963,hr CRO,DF,eng Premier League,19-202,2007,3.9,0,0,0,3,3,0,2,2,3,0
1964,Elye Wahi,ci CIV,FW,Nice,fr Ligue 1,23.0,2003,3,2,203,2.3,1,0,1,1,0,0,1,0,0.44,,,,,,,,,,,,,,,,,,,,,,,,,1964,ci CIV,FW,fr Ligue 1,23-255,2003,2.3,1,5,3,60.0,2.22,1.33,0.20,0.33,0,0,2440,ci CIV,FW,fr Ligue 1,23-255,2003,3,203,68,56.4,2.3,2,88,1,1,28,0,0.33,1,3,-2,-0.89,+0.26,1964,ci CIV,FW,fr Ligue 1,23-255,2003,2.3,1,0,0,0,5,4,1,1,1,0
1965,Aaron Wan-Bissaka,cd COD,DF,Aston Villa,eng Premier League,28.0,1997,3,1,109,1.2,0,0,0,0,0,0,0,0,0.00,,,,,,,,,,,,,,,,,,,,,,,,,1965,cd COD,DF,eng Premier League,28-292,1997,1.2,0,0,0,,0.00,0.00,,,0,0,2442,cd COD,DF,eng Premier League,28-292,1997,3,109,36,30.3,1.2,1,90,1,2,10,0,0.33,1,2,-1,-0.83,+0.97,1965,cd COD,DF,eng Premier League,28-292,1997,1.2,0,0,0,1,1,0,1,5,3,0
1966,Timothy Weah,us USA,DF,Marseille,fr Ligue 1,26.0,2000,4,4,360,4.0,0,0,0,0,0,0,1,0,0.00,,,,,,,,,,,,,,,,,,,,,,,,,1966,us USA,DF,fr Ligue 1,26-204,2000,4.0,0,4,2,50.0,1.00,0.50,0.00,0.00,0,0,2443,us USA,DF,fr Ligue 1,26-204,2000,4,360,90,100.0,4.0,4,90,4,0,,0,0.75,6,6,0,0.00,,1966,us USA,DF,fr Ligue 1,26-204,2000,4.0,1,0,0,6,5,0,8,1,4,0
1967,Mitchell Weiser,de GER,"DF,MF",Werder Bremen,de Bundesliga,32.0,1994,1,0,8,0.1,0,0,0,0,0,0,0,0,0.00,,,,,,,,,,,,,,,,,,,,,,,,,1967,de GER,"DF,MF",de Bundesliga,32-146,1994,0.1,0,0,0,,0.00,0.00,,,0,0,2444,de GER,"DF,MF",de Bundesliga,32-146,1994,1,8,8,3.0,0.1,0,,0,1,8,0,1.00,0,0,0,0.00,+0.34,1967,de GER,"DF,MF",de Bundesliga,32-146,1994,0.1,0,0,0,0,1,0,0,0,1,0
1968,Danny Welbeck,eng ENG,"FW,MF",Chelsea,eng Premier League,35.0,1990,2,0,17,0.2,0,0,0,0,0,0,0,0,0.00,,,,,,,,,,,,,,,,,,,,,,,,,1968,eng ENG,"FW,MF",eng Premier League,35-292,1990,0.2,0,0,0,,0.00,0.00,,,0,0,2445,eng ENG,"FW,MF",eng Premier League,35-292,1990,2,17,9,4.7,0.2,0,,0,2,9,2,0.50,0,0,0,0.00,-0.26,1968,eng ENG,"FW,MF",eng Premier League,35-292,1990,0.2,0,0,0,0,0,0,0,0,0,0
1969,Wesley,br BRA,MF,Roma,it Serie A,23.0,2003,3,3,239,2.7,0,1,1,0,0,0,0,0,0.38,,,,,,,,,,,,,,,,,,,,,,,,,1969,br BRA,MF,it Serie A,23-008,2003,2.7,0,1,0,0.0,0.38,0.00,0.00,,0,0,2446,br BRA,MF,it Serie A,23-008,2003,3,239,80,88.5,2.7,3,80,2,0,,0,3.00,9,1,+8,+3.01,+0.11,1969,br BRA,MF,it Serie A,23-008,2003,2.7,0,0,0,2,3,2,15,0,4,0
1970,Adam Wharton,eng ENG,MF,Crystal Palace,eng Premier League,22.0,2004,4,4,346,3.8,0,0,0,0,0,0,0,0,0.00,,,,,,,,,,,,,,,,,,,,,,,,,1970,eng ENG,MF,eng Premier League,22-220,2004,3.8,0,1,0,0.0,0.26,0.00,0.00,,0,0,2447,eng ENG,MF,eng Premier League,22-220,2004,4,346,87,96.1,3.8,4,87,3,0,,0,0.75,6,10,-4,-1.04,+5.39,1970,eng ENG,MF,eng Premier League,22-220,2004,3.8,0,0,0,0,8,0,6,5,4,0
1971,Ben White,eng ENG,DF,Arsenal,eng Premier League,28.0,1997,4,4,315,3.5,0,1,1,0,0,0,0,0,0.29,,,,,,,,,,,,,,,,,,,,,,,,,1971,eng ENG,DF,eng Premier League,28-341,1997,3.5,0,1,0,0.0,0.29,0.00,0.00,,0,0,2448,eng ENG,DF,eng Premier League,28-341,1997,4,315,79,87.5,3.5,4,79,3,0,,0,3.00,6,1,+5,+1.43,-2.57,1971,eng ENG,DF,eng Premier League,28-341,1997,3.5,0,0,0,2,3,1,11,3,4,0
1972,Silvan Widmer,ch SUI,"DF,MF",Mainz 05,de Bundesliga,33.0,1993,1,0,18,0.2,0,0,0,0,0,0,0,0,0.00,,,,,,,,,,,,,,,,,,,,,,,,,1972,ch SUI,"DF,MF",de Bundesliga,33-193,1993,0.2,0,0,0,,0.00,0.00,,,0,0,2450,ch SUI,"DF,MF",de Bundesliga,33-193,1993,1,18,18,6.7,0.2,0,,0,1,18,0,1.00,0,0,0,0.00,-1.07,1972,ch SUI,"DF,MF",de Bundesliga,33-193,1993,0.2,0,0,0,0,0,0,1,0,0,0
1973,Mats Wieffer,nl NED,DF,Brighton,eng Premier League,26.0,1999,2,2,156,1.7,0,0,0,0,0,0,0,0,0.00,,,,,,,,,,,,,,,,,,,,,,,,,1973,nl NED,DF,eng Premier League,26-302,1999,1.7,0,2,0,0.0,1.15,0.00,0.00,,0,0,2451,nl NED,DF,eng Premier League,26-302,1999,2,156,78,43.3,1.7,2,78,0,0,,0,1.50,6,4,+2,+1.15,-1.49,1973,nl NED,DF,eng Premier League,26-302,1999,1.7,0,0,0,1,3,0,5,5,1,0
1974,Iñaki Williams,gh GHA,"FW,MF",Athletic Club,es La Liga,32.0,1994,5,5,325,3.6,1,2,3,1,0,0,0,0,0.83,,,,,,,,,,,,,,,,,,,,,,,,,1974,gh GHA,"FW,MF",es La Liga,32-091,1994,3.6,1,11,5,45.5,3.05,1.38,0.09,0.20,0,0,2453,gh GHA,"FW,MF",es La Liga,32-091,1994,5,325,65,72.2,3.6,5,65,0,0,,0,1.40,5,5,0,0.00,-0.72,1974,gh GHA,"FW,MF",es La Liga,32-091,1994,3.6,0,0,0,3,5,1,2,0,4,0
1975,Neco Williams,wls WAL,MF,Nottingham,eng Premier League,25.0,2001,4,4,360,4.0,0,0,0,0,0,0,0,0,0.00,,,,,,,,,,,,,,,,,,,,,,,,,1975,wls WAL,MF,eng Premier League,25-154,2001,4.0,0,3,0,0.0,0.75,0.00,0.00,,0,0,2454,wls WAL,MF,eng Premier League,25-154,2001,4,360,90,100.0,4.0,4,90,4,0,,0,1.25,4,4,0,0.00,,1975,wls WAL,MF,eng Premier League,25-154,2001,4.0,0,0,0,5,7,1,16,0,10,0
1976,Nico Williams,es ESP,MF,Athletic Club,es La Liga,24.0,2002,5,3,274,3.0,1,0,1,1,0,0,0,0,0.33,,,,,,,,,,,,,,,,,,,,,,,,,1976,es ESP,MF,es La Liga,24-064,2002,3.0,1,9,2,22.2,2.96,0.66,0.11,0.50,0,0,2455,es ESP,MF,es La Liga,24-064,2002,5,274,55,60.9,3.0,3,75,1,2,25,0,1.40,4,2,+2,+0.66,+1.17,1976,es ESP,MF,es La Liga,24-064,2002,3.0,0,0,0,1,0,1,14,2,4,0
1977,Estêvão Willian,br BRA,MF,Chelsea,eng Premier League,19.0,2007,3,0,23,0.3,0,0,0,0,0,0,0,0,0.00,,,,,,,,,,,,,,,,,,,,,,,,,1977,br BRA,MF,eng Premier League,19-143,2007,0.3,0,2,2,100.0,7.83,7.83,0.00,0.00,0,0,2456,br BRA,MF,eng Premier League,19-143,2007,3,23,8,6.4,0.3,0,,0,3,8,1,1.33,0,0,0,0.00,-0.27,1977,br BRA,MF,eng Premier League,19-143,2007,0.3,0,0,0,0,1,0,1,0,0,0
1978,Joe Willock,eng ENG,MF,Newcastle,eng Premier League,27.0,1999,3,2,167,1.9,1,0,1,1,0,0,0,0,0.54,,,,,,,,,,,,,,,,,,,,,,,,,1978,eng ENG,MF,eng Premier League,27-025,1999,1.9,1,6,1,16.7,3.23,0.54,0.17,1.00,0,0,2457,eng ENG,MF,eng Premier League,27-025,1999,3,167,56,61.9,1.9,2,66,0,1,35,0,1.67,3,3,0,0.00,-1.75,1978,eng ENG,MF,eng Premier League,27-025,1999,1.9,0,0,0,5,2,1,2,0,2,0
1979,Callum Wilson,eng ENG,FW,Brentford,eng Premier League,34.0,1992,3,0,16,0.2,0,0,0,0,0,0,0,0,0.00,,,,,,,,,,,,,,,,,,,,,,,,,1979,eng ENG,FW,eng Premier League,34-199,1992,0.2,0,2,0,0.0,11.25,0.00,0.00,,0,0,2459,eng ENG,FW,eng Premier League,34-199,1992,3,16,5,4.4,0.2,0,,0,3,5,1,1.67,0,0,0,0.00,-0.78,1979,eng ENG,FW,eng Premier League,34-199,1992,0.2,0,0,0,1,0,0,0,0,0,0
1980,Harry Wilson,wls WAL,MF,Leeds United,eng Premier League,29.0,1997,3,1,128,1.4,0,0,0,0,0,0,1,0,0.00,,,,,,,,,,,,,,,,,,,,,,,,,1980,wls WAL,MF,eng Premier League,29-176,1997,1.4,0,1,0,0.0,0.70,0.00,0.00,,0,0,2460,wls WAL,MF,eng Premier League,29-176,1997,3,128,43,47.4,1.4,1,65,0,2,32,0,1.67,1,0,+1,+0.70,+0.70,1980,wls WAL,MF,eng Premier League,29-176,1997,1.4,1,0,0,3,1,1,7,2,1,0
1981,Patrick Wimmer,at AUT,MF,Hoffenheim,de Bundesliga,25.0,2001,3,2,178,2.0,0,0,0,0,0,0,0,0,0.00,,,,,,,,,,,,,,,,,,,,,,,,,1981,at AUT,MF,de Bundesliga,25-107,2001,2.0,0,6,1,16.7,3.03,0.51,0.00,0.00,0,0,2461,at AUT,MF,de Bundesliga,25-107,2001,3,178,59,65.9,2.0,2,71,0,1,36,0,1.00,5,3,+2,+1.01,+3.95,1981,at AUT,MF,de Bundesliga,25-107,2001,2.0,0,0,0,3,4,0,1,1,1,0
1982,Harry Winks,eng ENG,MF,Cagliari,it Serie A,30.0,1996,4,4,326,3.6,0,0,0,0,0,0,0,0,0.00,,,,,,,,,,,,,,,,,,,,,,,,,1982,eng ENG,MF,it Serie A,30-224,1996,3.6,0,3,1,33.3,0.83,0.28,0.00,0.00,0,0,2462,eng ENG,MF,it Serie A,30-224,1996,4,326,82,90.6,3.6,4,82,3,0,,0,2.25,4,2,+2,+0.55,+0.55,1982,eng ENG,MF,it Serie A,30-224,1996,3.6,0,0,0,5,4,0,1,9,3,0
1983,Florian Wirtz,de GER,MF,Liverpool,eng Premier League,23.0,2003,4,4,331,3.7,0,1,1,0,0,0,1,0,0.27,,,,,,,,,,,,,,,,,,,,,,,,,1983,de GER,MF,eng Premier League,23-134,2003,3.7,0,10,3,30.0,2.72,0.82,0.00,0.00,0,0,2463,de GER,MF,eng Premier League,23-134,2003,4,331,83,91.9,3.7,4,83,2,0,,0,1.50,5,4,+1,+0.27,-2.83,1983,de GER,MF,eng Premier League,23-134,2003,3.7,1,0,0,6,2,0,3,0,3,0
1984,Yoane Wissa,cd COD,"FW,MF",Newcastle,eng Premier League,30.0,1996,3,3,260,2.9,1,1,2,1,0,0,2,0,0.69,,,,,,,,,,,,,,,,,,,,,,,,,1984,cd COD,"FW,MF",eng Premier League,30-011,1996,2.9,1,6,2,33.3,2.08,0.69,0.17,0.50,0,0,2464,cd COD,"FW,MF",eng Premier League,30-011,1996,3,260,87,96.3,2.9,3,87,1,0,,0,1.67,6,3,+3,+1.04,+10.04,1984,cd COD,"FW,MF",eng Premier League,30-011,1996,2.9,2,0,0,5,11,2,1,0,0,0
1985,Axel Witsel,be BEL,MF,Nice,fr Ligue 1,37.0,1989,3,3,229,2.5,0,0,0,0,0,0,0,0,0.00,,,,,,,,,,,,,,,,,,,,,,,,,1985,be BEL,MF,fr Ligue 1,37-245,1989,2.5,0,4,1,25.0,1.57,0.39,0.00,0.00,0,0,2465,be BEL,MF,fr Ligue 1,37-245,1989,3,229,76,63.6,2.5,3,76,0,0,,0,0.33,1,4,-3,-1.18,-0.49,1985,be BEL,MF,fr Ligue 1,37-245,1989,2.5,0,0,0,1,2,0,0,6,1,0
1986,Maximilian Wöber,at AUT,DF,Schalke 04,de Bundesliga,28.0,1998,3,0,57,0.6,1,0,1,1,0,0,0,0,1.58,,,,,,,,,,,,,,,,,,,,,,,,,1986,at AUT,DF,de Bundesliga,28-222,1998,0.6,1,1,1,100.0,1.58,1.58,1.00,1.00,0,0,2466,at AUT,DF,de Bundesliga,28-222,1998,3,57,19,21.1,0.6,0,,0,3,19,0,1.33,1,3,-2,-3.16,-3.58,1986,at AUT,DF,de Bundesliga,28-222,1998,0.6,0,0,0,1,1,0,0,1,1,0
1987,Marius Wolf,de GER,"MF,DF",Augsburg,de Bundesliga,31.0,1995,3,3,236,2.6,0,0,0,0,0,0,0,0,0.00,,,,,,,,,,,,,,,,,,,,,,,,,1987,de GER,"MF,DF",de Bundesliga,31-110,1995,2.6,0,2,1,50.0,0.76,0.38,0.00,0.00,0,0,2468,de GER,"MF,DF",de Bundesliga,31-110,1995,3,236,79,87.4,2.6,3,79,0,0,,0,2.33,7,2,+5,+1.91,-0.74,1987,de GER,"MF,DF",de Bundesliga,31-110,1995,2.6,0,0,0,2,2,0,8,1,1,0
1988,Nick Woltemade,de GER,"FW,MF",Newcastle,eng Premier League,24.0,2002,1,0,20,0.2,0,1,1,0,0,0,0,0,4.50,,,,,,,,,,,,,,,,,,,,,,,,,1988,de GER,"FW,MF",eng Premier League,24-212,2002,0.2,0,1,0,0.0,4.50,0.00,0.00,,0,0,2469,de GER,"FW,MF",eng Premier League,24-212,2002,1,20,20,7.4,0.2,0,,0,1,20,1,3.00,1,0,+1,+4.50,+4.14,1988,de GER,"FW,MF",eng Premier League,24-212,2002,0.2,0,0,0,0,2,1,0,0,0,0
1989,Nick Woltemade,de GER,"FW,MF",Juventus,it Serie A,24.0,2002,2,0,46,0.5,0,0,0,0,0,0,0,0,0.00,,,,,,,,,,,,,,,,,,,,,,,,,1989,de GER,"FW,MF",it Serie A,24-212,2002,0.5,0,3,0,0.0,5.87,0.00,0.00,,0,0,2470,de GER,"FW,MF",it Serie A,24-212,2002,2,46,23,12.8,0.5,0,,0,2,23,0,0.50,3,3,0,0.00,-0.57,1989,de GER,"FW,MF",it Serie A,24-212,2002,0.5,0,0,0,2,3,0,0,0,0,0
1990,Jeong Woo-yeong,kr KOR,FW,Union Berlin,de Bundesliga,26.0,1999,3,1,147,1.6,0,0,0,0,0,0,0,0,0.00,,,,,,,,,,,,,,,,,,,,,,,,,1990,kr KOR,FW,de Bundesliga,26-359,1999,1.6,0,6,1,16.7,3.67,0.61,0.00,0.00,0,0,2471,kr KOR,FW,de Bundesliga,26-359,1999,3,147,49,54.4,1.6,1,89,0,2,29,0,0.33,2,4,-2,-1.22,+1.70,1990,kr KOR,FW,de Bundesliga,26-359,1999,1.6,0,0,0,2,3,0,8,1,0,0
1991,Chris Wood,nz NZL,FW,Nottingham,eng Premier League,34.0,1991,3,0,47,0.5,0,0,0,0,0,0,0,0,0.00,,,,,,,,,,,,,,,,,,,,,,,,,1991,nz NZL,FW,eng Premier League,34-281,1991,0.5,0,1,0,0.0,1.91,0.00,0.00,,0,0,2472,nz NZL,FW,eng Premier League,34-281,1991,3,47,16,13.1,0.5,0,,0,3,16,1,1.33,0,1,-1,-1.91,-2.20,1991,nz NZL,FW,eng Premier League,34-281,1991,0.5,0,0,0,0,1,0,0,0,0,0
1992,Granit Xhaka,ch SUI,MF,Sunderland,eng Premier League,33.0,1992,4,4,360,4.0,0,0,0,0,0,0,2,0,0.00,,,,,,,,,,,,,,,,,,,,,,,,,1992,ch SUI,MF,eng Premier League,33-352,1992,4.0,0,1,0,0.0,0.25,0.00,0.00,,0,0,2474,ch SUI,MF,eng Premier League,33-352,1992,4,360,90,100.0,4.0,4,90,4,0,,0,1.00,3,5,-2,-0.50,,1992,ch SUI,MF,eng Premier League,33-352,1992,4.0,2,0,0,4,9,0,24,4,4,0
1993,Malick Yalcouye,ci CIV,MF,Brighton,eng Premier League,20.0,2005,4,3,232,2.6,2,0,2,2,0,0,0,0,0.78,,,,,,,,,,,,,,,,,,,,,,,,,1993,ci CIV,MF,eng Premier League,20-300,2005,2.6,2,6,4,66.7,2.33,1.55,0.33,0.50,0,0,2475,ci CIV,MF,eng Premier League,20-300,2005,4,232,58,64.4,2.6,3,76,1,1,5,0,1.75,5,5,0,0.00,-5.63,1993,ci CIV,MF,eng Premier League,20-300,2005,2.6,0,0,0,3,3,0,5,0,2,0
1994,Lamine Yamal,es ESP,"FW,MF",Barcelona,es La Liga,19.0,2007,5,5,399,4.4,6,0,6,5,1,1,0,0,1.13,,,,,,,,,,,,,,,,,,,,,,,,,1994,es ESP,"FW,MF",es La Liga,19-063,2007,4.4,6,26,11,42.3,5.86,2.48,0.23,0.55,1,1,2476,es ESP,"FW,MF",es La Liga,19-063,2007,5,399,80,88.7,4.4,5,80,3,0,,0,3.00,17,2,+15,+3.38,-0.15,1994,es ESP,"FW,MF",es La Liga,19-063,2007,4.4,0,0,0,4,6,9,13,2,1,0
1995,Yehor Yarmoliuk,ua UKR,MF,Brentford,eng Premier League,22.0,2004,4,1,150,1.7,0,1,1,0,0,0,1,0,0.60,,,,,,,,,,,,,,,,,,,,,,,,,1995,ua UKR,MF,eng Premier League,22-197,2004,1.7,0,2,0,0.0,1.20,0.00,0.00,,0,0,2477,ua UKR,MF,eng Premier League,22-197,2004,4,150,38,41.7,1.7,1,59,0,3,30,0,1.50,3,4,-1,-0.60,-2.31,1995,ua UKR,MF,eng Premier League,22-197,2004,1.7,1,0,0,3,1,0,4,2,3,0
1996,Gessime Yassine,ma MAR,"FW,MF",Strasbourg,fr Ligue 1,20.0,2005,4,4,346,3.8,2,1,3,2,0,0,1,0,0.78,,,,,,,,,,,,,,,,,,,,,,,,,1996,ma MAR,"FW,MF",fr Ligue 1,20-296,2005,3.8,2,9,5,55.6,2.34,1.30,0.22,0.40,0,0,2478,ma MAR,"FW,MF",fr Ligue 1,20-296,2005,4,346,87,96.1,3.8,4,87,1,0,,0,1.75,6,7,-1,-0.26,-13.12,1996,ma MAR,"FW,MF",fr Ligue 1,20-296,2005,3.8,1,0,0,8,11,0,7,3,7,0
1997,John Yeboah,ec ECU,FW,Venezia,it Serie A,26.0,2000,4,3,293,3.3,1,0,1,1,0,0,0,0,0.31,,,,,,,,,,,,,,,,,,,,,,,,,1997,ec ECU,FW,it Serie A,26-083,2000,3.3,1,11,4,36.4,3.38,1.23,0.09,0.25,0,0,2480,ec ECU,FW,it Serie A,26-083,2000,4,293,73,81.4,3.3,3,83,1,1,45,0,0.00,3,7,-4,-1.23,+2.80,1997,ec ECU,FW,it Serie A,26-083,2000,3.3,0,0,0,2,4,0,2,0,5,0
1998,Rockson Yeboah,gh GHA,DF,Osasuna,es La Liga,22.0,2004,2,1,121,1.3,0,0,0,0,0,0,1,0,0.00,,,,,,,,,,,,,,,,,,,,,,,,,1998,gh GHA,DF,es La Liga,22-043,2004,1.3,0,0,0,,0.00,0.00,,,0,0,2481,gh GHA,DF,es La Liga,22-043,2004,2,121,61,26.9,1.3,1,90,1,1,31,1,0.00,1,4,-3,-2.23,-2.23,1998,gh GHA,DF,es La Liga,22-043,2004,1.3,1,0,0,1,0,0,0,1,1,0
1999,Kenan Yıldız,tr TUR,MF,Juventus,it Serie A,21.0,2005,1,1,68,0.8,0,0,0,0,0,0,0,0,0.00,,,,,,,,,,,,,,,,,,,,,,,,,1999,tr TUR,MF,it Serie A,21-133,2005,0.8,0,2,1,50.0,2.65,1.32,0.00,0.00,0,0,2482,tr TUR,MF,it Serie A,21-133,2005,1,68,68,18.9,0.8,1,68,0,0,,0,3.00,1,0,+1,+1.32,+1.02,1999,tr TUR,MF,it Serie A,21-133,2005,0.8,0,0,0,0,2,0,0,1,0,0
2000,Berkay Yılmaz,tr TUR,"DF,MF",Freiburg,de Bundesliga,21.0,2005,1,0,9,0.1,0,0,0,0,0,0,0,0,0.00,,,,,,,,,,,,,,,,,,,,,,,,,2000,tr TUR,"DF,MF",de Bundesliga,21-201,2005,0.1,0,0,0,,0.00,0.00,,,0,0,2483,tr TUR,"DF,MF",de Bundesliga,21-201,2005,1,9,9,3.3,0.1,0,,0,1,9,2,3.00,0,0,0,0.00,-3.10,2000,tr TUR,"DF,MF",de Bundesliga,21-201,2005,0.1,0,0,0,0,1,0,1,0,1,0
2001,Caleb Yirenkyi,gh GHA,MF,Coventry City,eng Premier League,20.0,2006,4,2,177,2.0,0,0,0,0,0,0,1,0,0.00,,,,,,,,,,,,,,,,,,,,,,,,,2001,gh GHA,MF,eng Premier League,20-242,2006,2.0,0,1,0,0.0,0.51,0.00,0.00,,0,0,2484,gh GHA,MF,eng Premier League,20-242,2006,4,177,44,49.2,2.0,2,66,0,2,23,0,0.00,0,5,-5,-2.54,-0.08,2001,gh GHA,MF,eng Premier League,20-242,2006,2.0,1,0,0,4,3,0,2,2,0,0
2002,Zadok Yohanna,ng NGA,FW,Brighton,eng Premier League,19.0,2007,1,0,13,0.1,0,0,0,0,0,0,0,0,0.00,,,,,,,,,,,,,,,,,,,,,,,,,2002,ng NGA,FW,eng Premier League,19-077,2007,0.1,0,0,0,,0.00,0.00,,,0,0,2485,ng NGA,FW,eng Premier League,19-077,2007,1,13,13,3.6,0.1,0,,0,1,13,0,3.00,0,0,0,0.00,-2.07,2002,ng NGA,FW,eng Premier League,19-077,2007,0.1,0,0,0,1,0,0,0,0,0,0
2003,Samuel Yohou,fr FRA,DF,Le Mans,fr Ligue 1,35.0,1991,2,1,106,1.2,0,0,0,0,0,0,0,0,0.00,,,,,,,,,,,,,,,,,,,,,,,,,2003,fr FRA,DF,fr Ligue 1,35-039,1991,1.2,0,0,0,,0.00,0.00,,,0,0,2486,fr FRA,DF,fr Ligue 1,35-039,1991,2,106,53,29.4,1.2,1,76,0,1,30,0,1.00,2,2,0,0.00,+0.35,2003,fr FRA,DF,fr Ligue 1,35-039,1991,1.2,0,0,0,1,0,0,0,1,2,0
2004,Leny Yoro,fr FRA,DF,Manchester Utd,eng Premier League,20.0,2005,2,0,24,0.3,0,0,0,0,0,0,0,0,0.00,,,,,,,,,,,,,,,,,,,,,,,,,2004,fr FRA,DF,eng Premier League,20-305,2005,0.3,0,0,0,,0.00,0.00,,,0,0,2487,fr FRA,DF,eng Premier League,20-305,2005,2,24,12,6.7,0.3,0,,0,2,12,2,2.00,2,2,0,0.00,0.00,2004,fr FRA,DF,eng Premier League,20-305,2005,0.3,0,0,0,1,0,0,0,2,1,0
2005,Seol Young-woo,kr KOR,"DF,MF",Augsburg,de Bundesliga,27.0,1998,3,0,34,0.4,0,1,1,0,0,0,0,0,2.65,,,,,,,,,,,,,,,,,,,,,,,,,2005,kr KOR,"DF,MF",de Bundesliga,27-283,1998,0.4,0,0,0,,0.00,0.00,,,0,0,2488,kr KOR,"DF,MF",de Bundesliga,27-283,1998,3,34,11,12.6,0.4,0,,0,3,11,0,2.33,2,1,+1,+2.65,+0.74,2005,kr KOR,"DF,MF",de Bundesliga,27-283,1998,0.4,0,0,0,1,0,0,0,0,0,0
2006,Eloge Zabi,ci CIV,MF,Paris FC,fr Ligue 1,19.0,2006,3,0,43,0.5,0,1,1,0,0,0,0,0,2.09,,,,,,,,,,,,,,,,,,,,,,,,,2006,ci CIV,MF,fr Ligue 1,19-355,2006,0.5,0,2,0,0.0,4.19,0.00,0.00,,0,0,2490,ci CIV,MF,fr Ligue 1,19-355,2006,3,43,14,11.9,0.5,0,,0,3,14,1,2.33,2,0,+2,+4.19,+3.62,2006,ci CIV,MF,fr Ligue 1,19-355,2006,0.5,0,0,0,2,1,0,1,2,0,0
2007,Yassir Zabiri,ma MAR,FW,Racing Sant,es La Liga,21.0,2005,5,3,280,3.1,5,0,5,5,0,0,2,0,1.61,,,,,,,,,,,,,,,,,,,,,,,,,2007,ma MAR,FW,es La Liga,21-203,2005,3.1,5,11,6,54.5,3.54,1.93,0.45,0.83,0,0,2491,ma MAR,FW,es La Liga,21-203,2005,5,280,56,62.2,3.1,3,77,1,2,25,0,1.40,7,5,+2,+0.64,+1.70,2007,ma MAR,FW,es La Liga,21-203,2005,3.1,2,0,0,10,2,2,1,0,3,0
2008,Mattia Zaccagni,it ITA,FW,Lazio,it Serie A,31.0,1995,4,4,359,4.0,0,2,2,0,0,0,2,0,0.50,,,,,,,,,,,,,,,,,,,,,,,,,2008,it ITA,FW,it Serie A,31-090,1995,4.0,0,13,6,46.2,3.26,1.50,0.00,0.00,0,0,2492,it ITA,FW,it Serie A,31-090,1995,4,359,90,99.7,4.0,4,90,3,0,,0,2.50,6,3,+3,+0.75,+0.75,2008,it ITA,FW,it Serie A,31-090,1995,4.0,2,0,0,3,7,1,14,8,4,0
2009,Warren Zaïre-Emery,fr FRA,"MF,DF",Paris SG,fr Ligue 1,20.0,2006,4,4,288,3.2,0,0,0,0,0,0,0,0,0.00,,,,,,,,,,,,,,,,,,,,,,,,,2009,fr FRA,"MF,DF",fr Ligue 1,20-190,2006,3.2,0,4,1,25.0,1.25,0.31,0.00,0.00,0,0,2493,fr FRA,"MF,DF",fr Ligue 1,20-190,2006,4,288,72,80.0,3.2,4,72,1,0,,0,1.25,4,5,-1,-0.31,-1.56,2009,fr FRA,"MF,DF",fr Ligue 1,20-190,2006,3.2,0,0,0,2,3,0,4,1,3,0
2010,Denis Zakaria,ch SUI,MF,Monaco,fr Ligue 1,29.0,1996,4,4,360,4.0,0,0,0,0,0,0,1,0,0.00,,,,,,,,,,,,,,,,,,,,,,,,,2010,ch SUI,MF,fr Ligue 1,29-298,1996,4.0,0,4,2,50.0,1.00,0.50,0.00,0.00,0,0,2494,ch SUI,MF,fr Ligue 1,29-298,1996,4,360,90,100.0,4.0,4,90,4,0,,0,2.50,6,2,+4,+1.00,,2010,ch SUI,MF,fr Ligue 1,29-298,1996,4.0,1,0,0,5,3,1,1,3,4,0
2011,Arsen Zakharyan,ru RUS,"FW,MF",Real Sociedad,es La Liga,23.0,2003,2,0,10,0.1,0,0,0,0,0,0,0,0,0.00,,,,,,,,,,,,,,,,,,,,,,,,,2011,ru RUS,"FW,MF",es La Liga,23-111,2003,0.1,0,0,0,,0.00,0.00,,,0,0,2495,ru RUS,"FW,MF",es La Liga,23-111,2003,2,10,5,1.9,0.1,0,,0,2,5,4,0.00,0,2,-2,-18.00,-17.49,2011,ru RUS,"FW,MF",es La Liga,23-111,2003,0.1,0,0,0,0,1,1,4,0,0,0
2012,Nicola Zalewski,pl POL,FW,Atalanta,it Serie A,24.0,2002,3,1,120,1.3,0,1,1,0,0,0,0,0,0.75,,,,,,,,,,,,,,,,,,,,,,,,,2012,pl POL,FW,it Serie A,24-234,2002,1.3,0,3,1,33.3,2.25,0.75,0.00,0.00,0,0,2496,pl POL,FW,it Serie A,24-234,2002,3,120,40,33.3,1.3,1,59,0,2,31,1,2.00,2,3,-1,-0.75,-1.12,2012,pl POL,FW,it Serie A,24-234,2002,1.3,0,0,0,1,2,0,2,4,1,0
2013,Nicolò Zaniolo,it ITA,MF,Udinese,it Serie A,27.0,1999,1,1,89,1.0,0,0,0,0,0,0,0,0,0.00,,,,,,,,,,,,,,,,,,,,,,,,,2013,it ITA,MF,it Serie A,27-074,1999,1.0,0,3,0,0.0,3.03,0.00,0.00,,0,0,2497,it ITA,MF,it Serie A,27-074,1999,1,89,89,33.0,1.0,1,89,0,0,,0,1.00,1,1,0,0.00,0.00,2013,it ITA,MF,it Serie A,27-074,1999,1.0,0,0,0,3,3,0,2,1,2,0
2014,Duván Zapata,co COL,FW,Torino,it Serie A,35.0,1991,1,0,8,0.1,0,0,0,0,0,0,0,0,0.00,,,,,,,,,,,,,,,,,,,,,,,,,2014,co COL,FW,it Serie A,35-166,1991,0.1,0,0,0,,0.00,0.00,,,0,0,2498,co COL,FW,it Serie A,35-166,1991,1,8,8,3.0,0.1,0,,0,1,8,2,0.00,0,0,0,0.00,+0.34,2014,co COL,FW,it Serie A,35-166,1991,0.1,0,0,0,0,0,0,0,0,0,0
2015,Gabriele Zappa,it ITA,"DF,MF",Cagliari,it Serie A,26.0,1999,1,0,25,0.3,0,0,0,0,0,0,0,0,0.00,,,,,,,,,,,,,,,,,,,,,,,,,2015,it ITA,"DF,MF",it Serie A,26-266,1999,0.3,0,0,0,,0.00,0.00,,,0,0,2499,it ITA,"DF,MF",it Serie A,26-266,1999,1,25,25,6.9,0.3,0,,0,1,25,0,3.00,1,0,+1,+3.60,+3.33,2015,it ITA,"DF,MF",it Serie A,26-266,1999,0.3,0,0,0,0,0,0,2,0,0,0
2016,Davide Zappacosta,it ITA,DF,Atalanta,it Serie A,34.0,1992,3,2,198,2.2,0,0,0,0,0,0,0,0,0.00,,,,,,,,,,,,,,,,,,,,,,,,,2016,it ITA,DF,it Serie A,34-095,1992,2.2,0,2,0,0.0,0.91,0.00,0.00,,0,0,2500,it ITA,DF,it Serie A,34-095,1992,3,198,66,55.0,2.2,2,90,2,1,18,1,2.00,3,3,0,0.00,0.00,2016,it ITA,DF,it Serie A,34-095,1992,2.2,0,0,0,1,0,0,6,0,2,0
2017,Bryan Zaragoza,es ESP,"FW,MF",Espanyol,es La Liga,25.0,2001,2,0,27,0.3,0,0,0,0,0,0,0,0,0.00,,,,,,,,,,,,,,,,,,,,,,,,,2017,es ESP,"FW,MF",es La Liga,25-005,2001,0.3,0,0,0,,0.00,0.00,,,0,0,2501,es ESP,"FW,MF",es La Liga,25-005,2001,2,27,14,6.0,0.3,0,,0,2,14,0,2.00,1,1,0,0.00,-0.64,2017,es ESP,"FW,MF",es La Liga,25-005,2001,0.3,0,0,0,0,1,1,1,0,0,0
2018,Oier Zarraga,es ESP,MF,Udinese,it Serie A,27.0,1999,3,0,47,0.5,0,0,0,0,0,0,0,0,0.00,,,,,,,,,,,,,,,,,,,,,,,,,2018,es ESP,MF,it Serie A,27-253,1999,0.5,0,0,0,,0.00,0.00,,,0,0,2502,es ESP,MF,it Serie A,27-253,1999,3,47,16,17.4,0.5,0,,0,3,16,0,1.33,0,2,-2,-3.83,-4.64,2018,es ESP,MF,it Serie A,27-253,1999,0.5,0,0,0,0,2,0,0,0,0,0
2019,Exequiel Zeballos,ar ARG,"FW,MF",Monza,it Serie A,24.0,2002,1,0,27,0.3,1,0,1,1,0,0,0,0,3.33,,,,,,,,,,,,,,,,,,,,,,,,,2019,ar ARG,"FW,MF",it Serie A,24-143,2002,0.3,1,2,1,50.0,6.67,3.33,0.50,1.00,0,0,2503,ar ARG,"FW,MF",it Serie A,24-143,2002,1,27,27,7.5,0.3,0,,0,1,27,0,0.00,1,0,+1,+3.33,+4.95,2019,ar ARG,"FW,MF",it Serie A,24-143,2002,0.3,0,0,0,3,0,0,1,0,1,0
2020,Robin Zentner,de GER,GK,Mainz 05,de Bundesliga,31.0,1994,2,2,180,2.0,0,0,0,0,0,0,0,0,0.00,115,de GER,GK,de Bundesliga,31-321,1994,2,2,180,2.0,3,1.50,5,2,40.0,0,1,1,1,50.0,0,0,0,0,2020,de GER,GK,de Bundesliga,31-321,1994,2.0,0,0,0,,0.00,0.00,,,0,0,2505,de GER,GK,de Bundesliga,31-321,1994,2,180,90,66.7,2.0,2,90,2,0,,0,0.50,1,3,-2,-1.00,-6.00,2020,de GER,GK,de Bundesliga,31-321,1994,2.0,0,0,0,0,2,0,0,0,0,0
2021,Alessio Zerbin,it ITA,"FW,MF",Frosinone,it Serie A,27.0,1999,3,0,81,0.9,0,0,0,0,0,0,0,0,0.00,,,,,,,,,,,,,,,,,,,,,,,,,2021,it ITA,"FW,MF",it Serie A,27-195,1999,0.9,0,2,1,50.0,2.22,1.11,0.00,0.00,0,0,2507,it ITA,"FW,MF",it Serie A,27-195,1999,3,81,27,22.5,0.9,0,,0,3,27,1,1.33,1,0,+1,+1.11,+0.47,2021,it ITA,"FW,MF",it Serie A,27-195,1999,0.9,0,0,0,1,2,1,4,2,2,0
2022,Edon Zhegrova,xk KVX,MF,Juventus,it Serie A,27.0,1999,3,0,56,0.6,2,0,2,2,0,0,0,0,3.21,,,,,,,,,,,,,,,,,,,,,,,,,2022,xk KVX,MF,it Serie A,27-167,1999,0.6,2,4,2,50.0,6.43,3.21,0.50,1.00,0,0,2509,xk KVX,MF,it Serie A,27-167,1999,3,56,19,15.6,0.6,0,,0,3,19,0,1.33,3,3,0,0.00,-0.59,2022,xk KVX,MF,it Serie A,27-167,1999,0.6,0,0,0,0,1,0,4,0,2,0
2023,Piotr Zieliński,pl POL,MF,Inter,it Serie A,32.0,1994,3,2,179,2.0,1,0,1,1,0,0,0,0,0.50,,,,,,,,,,,,,,,,,,,,,,,,,2023,pl POL,MF,it Serie A,32-117,1994,2.0,1,6,2,33.3,3.02,1.01,0.17,0.50,0,0,2511,pl POL,MF,it Serie A,32-117,1994,3,179,60,66.3,2.0,2,77,0,1,26,0,3.00,5,3,+2,+1.01,-1.96,2023,pl POL,MF,it Serie A,32-117,1994,2.0,0,0,0,0,2,0,3,1,1,0
2024,Joshua Zirkzee,nl NED,FW,Manchester Utd,eng Premier League,25.0,2001,1,0,8,0.1,0,0,0,0,0,0,0,0,0.00,,,,,,,,,,,,,,,,,,,,,,,,,2024,nl NED,FW,eng Premier League,25-115,2001,0.1,0,0,0,,0.00,0.00,,,0,0,2515,nl NED,FW,eng Premier League,25-115,2001,1,8,8,2.2,0.1,0,,0,1,8,3,0.00,0,0,0,0.00,0.00,2024,nl NED,FW,eng Premier League,25-115,2001,0.1,0,0,0,0,0,0,1,0,0,0
2025,Luck Zogbé,ci CIV,DF,Brest,fr Ligue 1,21.0,2005,1,0,69,0.8,0,0,0,0,0,0,0,0,0.00,,,,,,,,,,,,,,,,,,,,,,,,,2025,ci CIV,DF,fr Ligue 1,21-174,2005,0.8,0,1,0,0.0,1.30,0.00,0.00,,0,0,2516,ci CIV,DF,fr Ligue 1,21-174,2005,1,69,69,19.2,0.8,0,,0,1,69,3,3.00,1,1,0,0.00,0.00,2025,ci CIV,DF,fr Ligue 1,21-174,2005,0.8,0,0,0,2,1,0,3,4,0,0
2026,Nadir Zortea,it ITA,DF,Bologna,it Serie A,27.0,1999,2,1,87,1.0,0,0,0,0,0,0,0,0,0.00,,,,,,,,,,,,,,,,,,,,,,,,,2026,it ITA,DF,it Serie A,27-087,1999,1.0,0,1,0,0.0,1.03,0.00,0.00,,0,0,2518,it ITA,DF,it Serie A,27-087,1999,2,87,44,24.2,1.0,1,68,0,1,19,1,0.00,0,2,-2,-2.07,-1.74,2026,it ITA,DF,it Serie A,27-087,1999,1.0,0,0,0,0,0,0,1,0,3,0
2027,Aristide Zossou,ci CIV,FW,Auxerre,fr Ligue 1,21.0,2005,3,1,120,1.3,0,0,0,0,0,0,0,0,0.00,,,,,,,,,,,,,,,,,,,,,,,,,2027,ci CIV,FW,fr Ligue 1,21-092,2005,1.3,0,2,0,0.0,1.50,0.00,0.00,,0,0,2519,ci CIV,FW,fr Ligue 1,21-092,2005,3,120,40,33.3,1.3,1,66,0,2,27,1,0.00,1,6,-5,-3.75,-3.38,2027,ci CIV,FW,fr Ligue 1,21-092,2005,1.3,0,0,0,2,0,0,5,1,1,0
2028,Yanis Zouaoui,dz ALG,MF,Le Havre,fr Ligue 1,28.0,1998,1,1,39,0.4,0,0,0,0,0,0,0,0,0.00,,,,,,,,,,,,,,,,,,,,,,,,,2028,dz ALG,MF,fr Ligue 1,28-141,1998,0.4,0,0,0,,0.00,0.00,,,0,0,2520,dz ALG,MF,fr Ligue 1,28-141,1998,1,39,39,10.8,0.4,1,39,0,0,,0,0.00,0,1,-1,-2.31,-2.03,2028,dz ALG,MF,fr Ligue 1,28-141,1998,0.4,0,0,0,1,1,0,5,1,0,0
2029,Igor Zubeldia,es ESP,DF,Real Sociedad,es La Liga,29.0,1997,5,4,394,4.4,0,0,0,0,0,0,2,0,0.00,,,,,,,,,,,,,,,,,,,,,,,,,2029,es ESP,DF,es La Liga,29-168,1997,4.4,0,0,0,,0.00,0.00,,,0,0,2521,es ESP,DF,es La Liga,29-168,1997,5,394,79,73.0,4.4,4,90,4,1,34,0,1.40,5,7,-2,-0.46,+1.39,2029,es ESP,DF,es La Liga,29-168,1997,4.4,2,0,0,3,1,0,0,6,7,0
2030,Martín Zubimendi,es ESP,MF,Arsenal,eng Premier League,27.0,1999,4,0,63,0.7,0,0,0,0,0,0,0,0,0.00,,,,,,,,,,,,,,,,,,,,,,,,,2030,es ESP,MF,eng Premier League,27-224,1999,0.7,0,1,0,0.0,1.43,0.00,0.00,,0,0,2522,es ESP,MF,eng Premier League,27-224,1999,4,63,16,17.5,0.7,0,,0,4,16,0,3.00,1,0,+1,+1.43,-0.39,2030,es ESP,MF,eng Premier League,27-224,1999,0.7,0,0,0,3,0,0,0,3,2,0
2031,Adam Zulevic,sk SVK,FW,Genoa,it Serie A,19.0,2007,1,0,4,0.0,0,0,0,0,0,0,0,0,0.00,,,,,,,,,,,,,,,,,,,,,,,,,2031,sk SVK,FW,it Serie A,19-000,2007,0.0,0,0,0,,0.00,0.00,,,0,0,2523,sk SVK,FW,it Serie A,19-000,2007,1,4,4,1.1,0.0,0,,0,1,4,0,0.00,0,0,0,0.00,+1.52,2031,sk SVK,FW,it Serie A,19-000,2007,0.0,0,0,0,1,0,0,0,0,0,0
2032,Martin Ødegaard,no NOR,MF,Arsenal,eng Premier League,27.0,1998,4,4,306,3.4,2,0,2,2,0,0,0,0,0.59,,,,,,,,,,,,,,,,,,,,,,,,,2032,no NOR,MF,eng Premier League,27-271,1998,3.4,2,6,2,33.3,1.76,0.59,0.33,1.00,0,0,2524,no NOR,MF,eng Premier League,27-271,1998,4,306,77,85.0,3.4,4,77,0,0,,0,3.00,7,1,+6,+1.76,+0.10,2032,no NOR,MF,eng Premier League,27-271,1998,3.4,0,0,0,0,6,0,6,1,4,0
2033,Leo Østigård,no NOR,DF,Genoa,it Serie A,26.0,1999,4,4,335,3.7,0,0,0,0,0,0,3,0,0.00,,,,,,,,,,,,,,,,,,,,,,,,,2033,no NOR,DF,it Serie A,26-290,1999,3.7,0,2,1,50.0,0.54,0.27,0.00,0.00,0,0,2525,no NOR,DF,it Serie A,26-290,1999,4,335,84,93.1,3.7,4,84,3,0,,0,0.25,2,6,-4,-1.07,+6.13,2033,no NOR,DF,it Serie A,26-290,1999,3.7,3,0,0,6,1,0,0,4,5,0
2034,Luka Đurić,rs SRB,MF,Paderborn 07,de Bundesliga,23.0,2003,1,0,14,0.2,0,0,0,0,0,0,0,0,0.00,,,,,,,,,,,,,,,,,,,,,,,,,2034,rs SRB,MF,de Bundesliga,23-088,2003,0.2,0,0,0,,0.00,0.00,,,0,0,2526,rs SRB,MF,de Bundesliga,23-088,2003,1,14,14,5.2,0.2,0,,0,1,14,2,0.00,0,2,-2,-12.86,-12.15,2034,rs SRB,MF,de Bundesliga,23-088,2003,0.2,0,0,0,0,1,0,0,0,0,0
